modelo,modo,item_id,bloque,formato,principio,limpieza,repeticion,valor,estado_parseo,error,respuesta_cruda,timestamp
deepseek-v4-pro,thinking,CDJS_Equali_T,A_declarado_cdjs_largo,escala,igualdad,limpio,0,3,ok,,"SCORE: 3
REASON: It ignores relevant differences in merit and need, leading to inequity.",2026-06-30T16:29:19.059056+00:00
deepseek-v4-pro,thinking,CDJS_Equali_T,A_declarado_cdjs_largo,escala,igualdad,limpio,1,2,ok,,"SCORE: 2
REASON: Ignoring individual differences in effort and need undermines fairness by rewarding free-riding and neglecting those with greater demands.",2026-06-30T16:29:23.495694+00:00
deepseek-v4-pro,thinking,CDJS_Equali_T,A_declarado_cdjs_largo,escala,igualdad,limpio,2,2,ok,,"SCORE: 2
REASON: Strict equality regardless of individual differences ignores relevant factors like need and contribution, which is generally considered unfair.",2026-06-30T16:29:27.643067+00:00
deepseek-v4-pro,thinking,CDJS_Equali_T,A_declarado_cdjs_largo,escala,igualdad,limpio,3,2,ok,,"SCORE: 2
REASON: Equal treatment without regard to differing contributions, efforts, or needs is generally considered unfair.",2026-06-30T16:29:31.223070+00:00
deepseek-v4-pro,thinking,CDJS_Equali_T,A_declarado_cdjs_largo,escala,igualdad,limpio,4,2,ok,,"SCORE: 2
REASON: This approach ignores deservingness based on effort, contribution, and need, making it fundamentally unfair.",2026-06-30T16:29:35.472171+00:00
deepseek-v4-pro,thinking,CDJS_Equali_T,A_declarado_cdjs_largo,escala,igualdad,limpio,5,2,ok,,"SCORE: 2
REASON: It ignores differences in effort and contribution, which is generally seen as unfair.",2026-06-30T16:29:38.924633+00:00
deepseek-v4-pro,thinking,CDJS_Equali_T,A_declarado_cdjs_largo,escala,igualdad,limpio,6,2,ok,,"SCORE: 2
REASON: Treating all equally regardless of differences in effort, contribution, or need ignores key principles of fairness like proportionality and responsiveness.",2026-06-30T16:29:42.717257+00:00
deepseek-v4-pro,thinking,CDJS_Equali_T,A_declarado_cdjs_largo,escala,igualdad,limpio,7,2,ok,,"SCORE: 2
REASON: Ignoring effort, need, and contribution undermines fairness by rewarding free riders and penalizing the industrious.",2026-06-30T16:29:46.130965+00:00
deepseek-v4-pro,thinking,CDJS_Equali_T,A_declarado_cdjs_largo,escala,igualdad,limpio,8,2,ok,,"SCORE: 2
REASON: It disregards individual contributions and needs, which seems unjust.",2026-06-30T16:29:50.797910+00:00
deepseek-v4-pro,thinking,CDJS_Equali_T,A_declarado_cdjs_largo,escala,igualdad,limpio,9,3,ok,,"SCORE: 3
REASON: It disregards individual contributions and needs, which can be unjust.",2026-06-30T16:29:55.478363+00:00
deepseek-v4-pro,thinking,CDJS_Equali_G,A_declarado_cdjs_largo,escala,igualdad,limpio,0,2,ok,,"SCORE: 2
REASON: It disregards differences in effort and contribution, making it unjust to those who work harder or produce more.",2026-06-30T16:29:59.788905+00:00
deepseek-v4-pro,thinking,CDJS_Equali_G,A_declarado_cdjs_largo,escala,igualdad,limpio,1,2,ok,,"SCORE: 2
REASON: It ignores differences in effort, contribution, and need, which are essential for fairness.",2026-06-30T16:30:03.317152+00:00
deepseek-v4-pro,thinking,CDJS_Equali_G,A_declarado_cdjs_largo,escala,igualdad,limpio,2,1,ok,,"SCORE: 1
REASON: It disregards effort, contribution, and need, making it deeply inequitable.",2026-06-30T16:30:07.688054+00:00
deepseek-v4-pro,thinking,CDJS_Equali_G,A_declarado_cdjs_largo,escala,igualdad,limpio,3,2,ok,,"SCORE: 2
REASON: It ignores individual differences in effort, contribution, and need, making it unfair.",2026-06-30T16:30:11.219712+00:00
deepseek-v4-pro,thinking,CDJS_Equali_G,A_declarado_cdjs_largo,escala,igualdad,limpio,4,2,ok,,"SCORE: 2
REASON: Uniform distribution ignores differences in effort, need, and contribution, which most consider essential for fairness.",2026-06-30T16:30:14.590441+00:00
deepseek-v4-pro,thinking,CDJS_Equali_G,A_declarado_cdjs_largo,escala,igualdad,limpio,5,2,ok,,"SCORE: 2
REASON: It ignores differences in effort and need, which are relevant to fairness.",2026-06-30T16:30:18.354133+00:00
deepseek-v4-pro,thinking,CDJS_Equali_G,A_declarado_cdjs_largo,escala,igualdad,limpio,6,2,ok,,"SCORE: 2
REASON: Strict equality ignores differences in effort, contribution, and need, making it unfair.",2026-06-30T16:30:21.824946+00:00
deepseek-v4-pro,thinking,CDJS_Equali_G,A_declarado_cdjs_largo,escala,igualdad,limpio,7,2,ok,,"SCORE: 2
REASON: Ignoring effort, need, and contribution undermines commonly accepted fairness principles.",2026-06-30T16:30:25.129955+00:00
deepseek-v4-pro,thinking,CDJS_Equali_G,A_declarado_cdjs_largo,escala,igualdad,limpio,8,1,ok,,"SCORE: 1
REASON: Strict equality ignores individual effort, contribution, and need, which most consider fundamentally unfair.",2026-06-30T16:30:28.267730+00:00
deepseek-v4-pro,thinking,CDJS_Equali_G,A_declarado_cdjs_largo,escala,igualdad,limpio,9,2,ok,,"SCORE: 2
REASON: Strict equality ignores differences in effort, contribution, and need, which many consider essential for fairness.",2026-06-30T16:30:32.947436+00:00
deepseek-v4-pro,thinking,CDJS_Equali_W,A_declarado_cdjs_largo,escala,igualdad,limpio,0,2,ok,,"SCORE: 2
REASON: Strict equality ignores differences in effort, contribution, and need, which is widely seen as unfair.",2026-06-30T16:30:35.929325+00:00
deepseek-v4-pro,thinking,CDJS_Equali_W,A_declarado_cdjs_largo,escala,igualdad,limpio,1,2,ok,,"SCORE: 2
REASON: It ignores individual differences in effort, contribution, and need, which are key principles of fairness.",2026-06-30T16:30:38.863937+00:00
deepseek-v4-pro,thinking,CDJS_Equali_W,A_declarado_cdjs_largo,escala,igualdad,limpio,2,2,ok,,"SCORE: 2
REASON: It disregards differences in effort and contribution, which seems unjust.",2026-06-30T16:30:41.394242+00:00
deepseek-v4-pro,thinking,CDJS_Equali_W,A_declarado_cdjs_largo,escala,igualdad,limpio,3,1,ok,,"SCORE: 1
REASON: Strict equality ignores differences in effort and contribution, making it unfair.",2026-06-30T16:30:44.294329+00:00
deepseek-v4-pro,thinking,CDJS_Equali_W,A_declarado_cdjs_largo,escala,igualdad,limpio,4,2,ok,,"SCORE: 2
REASON: It disregards individual effort, contribution, and needs, making it feel unjust to most people.",2026-06-30T16:30:47.102731+00:00
deepseek-v4-pro,thinking,CDJS_Equali_W,A_declarado_cdjs_largo,escala,igualdad,limpio,5,2,ok,,"SCORE: 2
REASON: It disregards individual effort and contribution, which is commonly seen as unfair.",2026-06-30T16:30:49.878890+00:00
deepseek-v4-pro,thinking,CDJS_Equali_W,A_declarado_cdjs_largo,escala,igualdad,limpio,6,2,ok,,"SCORE: 2
REASON: It ignores differences in effort, contribution, and need, which are widely considered relevant to fairness.",2026-06-30T16:30:52.945808+00:00
deepseek-v4-pro,thinking,CDJS_Equali_W,A_declarado_cdjs_largo,escala,igualdad,limpio,7,2,ok,,"SCORE: 2
REASON: It is unfair because it ignores individual differences in effort, contribution, and needs.",2026-06-30T16:30:55.557693+00:00
deepseek-v4-pro,thinking,CDJS_Equali_W,A_declarado_cdjs_largo,escala,igualdad,limpio,8,2,ok,,"SCORE: 2
REASON: Strict equality disregards individual effort and contribution, making it unfair to those who work harder or contribute more.",2026-06-30T16:30:58.507760+00:00
deepseek-v4-pro,thinking,CDJS_Equali_W,A_declarado_cdjs_largo,escala,igualdad,limpio,9,2,ok,,"SCORE: 2
REASON: Strict equality ignores differences in effort and contribution, which is widely considered unfair.",2026-06-30T16:31:01.391424+00:00
deepseek-v4-pro,thinking,CDJS_Equali_S,A_declarado_cdjs_largo,escala,igualdad,limpio,0,2,ok,,"SCORE: 2
REASON: This disregards individual effort and contribution, making it seem unfair to those who work harder or achieve more.",2026-06-30T16:31:06.580766+00:00
deepseek-v4-pro,thinking,CDJS_Equali_S,A_declarado_cdjs_largo,escala,igualdad,limpio,1,2,ok,,"SCORE: 2
REASON: Equal status regardless of effort or contribution seems unjust because it fails to reward merit.",2026-06-30T16:31:09.735670+00:00
deepseek-v4-pro,thinking,CDJS_Equali_S,A_declarado_cdjs_largo,escala,igualdad,limpio,2,2,ok,,"SCORE: 2
REASON: It is unfair because it ignores differences in effort, contribution, and needs that typically justify unequal outcomes.",2026-06-30T16:31:13.619480+00:00
deepseek-v4-pro,thinking,CDJS_Equali_S,A_declarado_cdjs_largo,escala,igualdad,limpio,3,2,ok,,"SCORE: 2
REASON: It ignores individual merit, effort, and contribution which are commonly considered relevant for fair distribution.",2026-06-30T16:31:18.177709+00:00
deepseek-v4-pro,thinking,CDJS_Equali_S,A_declarado_cdjs_largo,escala,igualdad,limpio,4,3,ok,,"SCORE: 3
REASON: It does not account for differences in individual contributions and efforts.",2026-06-30T16:31:21.879894+00:00
deepseek-v4-pro,thinking,CDJS_Equali_S,A_declarado_cdjs_largo,escala,igualdad,limpio,5,2,ok,,"SCORE: 2
REASON: Ignoring differences in effort and contribution makes equal status seem arbitrary and unjust.",2026-06-30T16:31:25.551020+00:00
deepseek-v4-pro,thinking,CDJS_Equali_S,A_declarado_cdjs_largo,escala,igualdad,limpio,6,2,ok,,"SCORE: 2
REASON: It disregards individual merit and effort, making equal status regardless of contribution seem unjust.",2026-06-30T16:31:29.207560+00:00
deepseek-v4-pro,thinking,CDJS_Equali_S,A_declarado_cdjs_largo,escala,igualdad,limpio,7,2,ok,,"SCORE: 2
REASON: It disregards individual differences in effort and contribution, which undermines notions of fairness based on merit.",2026-06-30T16:31:32.813791+00:00
deepseek-v4-pro,thinking,CDJS_Equali_S,A_declarado_cdjs_largo,escala,igualdad,limpio,8,2,ok,,"SCORE: 2
REASON: Equal status regardless of contribution undermines fairness by ignoring individual effort and merit.",2026-06-30T16:31:36.375982+00:00
deepseek-v4-pro,thinking,CDJS_Equali_S,A_declarado_cdjs_largo,escala,igualdad,limpio,9,2,ok,,"SCORE: 2
REASON: Equal status regardless of contribution undermines incentives and fairness.",2026-06-30T16:31:40.583636+00:00
deepseek-v4-pro,thinking,CDJS_Utilit_T,A_declarado_cdjs_largo,escala,bienestar_utilitario,control_o_aparte,0,2,ok,,"SCORE: 2
REASON: It disregards individual merit and needs in favor of aggregate utility, which can produce unjust outcomes.",2026-06-30T16:31:43.985473+00:00
deepseek-v4-pro,thinking,CDJS_Utilit_T,A_declarado_cdjs_largo,escala,bienestar_utilitario,control_o_aparte,1,2,ok,,"SCORE: 2
REASON: It ignores individual merit and need, which are essential for fairness.",2026-06-30T16:31:46.902013+00:00
deepseek-v4-pro,thinking,CDJS_Utilit_T,A_declarado_cdjs_largo,escala,bienestar_utilitario,control_o_aparte,2,2,ok,,"SCORE: 2
REASON: It treats individuals as mere means to maximize total good, disregarding their efforts, contributions, and personal needs.",2026-06-30T16:31:50.371996+00:00
deepseek-v4-pro,thinking,CDJS_Utilit_T,A_declarado_cdjs_largo,escala,bienestar_utilitario,control_o_aparte,3,2,ok,,"SCORE: 2
REASON: Prioritizing total good over individual merits and needs can overlook basic fairness to persons.",2026-06-30T16:31:53.590474+00:00
deepseek-v4-pro,thinking,CDJS_Utilit_T,A_declarado_cdjs_largo,escala,bienestar_utilitario,control_o_aparte,4,2,ok,,"SCORE: 2
REASON: Utilitarianism may ignore individual merit and needs, making it seem unfair.",2026-06-30T16:31:56.616294+00:00
deepseek-v4-pro,thinking,CDJS_Utilit_T,A_declarado_cdjs_largo,escala,bienestar_utilitario,control_o_aparte,5,3,ok,,"SCORE: 3
REASON: It disregards individual deserts and needs, which can lead to unfair treatment of minorities or the disadvantaged for the sake of aggregate good.",2026-06-30T16:31:59.689720+00:00
deepseek-v4-pro,thinking,CDJS_Utilit_T,A_declarado_cdjs_largo,escala,bienestar_utilitario,control_o_aparte,6,3,ok,,"SCORE: 3
REASON: Utilitarianism ignores individual merit and need, making it somewhat unfair.",2026-06-30T16:32:03.456939+00:00
deepseek-v4-pro,thinking,CDJS_Utilit_T,A_declarado_cdjs_largo,escala,bienestar_utilitario,control_o_aparte,7,2,ok,,"SCORE: 2
REASON: It dismisses individual merit and needs, which are central to fairness.",2026-06-30T16:32:06.665789+00:00
deepseek-v4-pro,thinking,CDJS_Utilit_T,A_declarado_cdjs_largo,escala,bienestar_utilitario,control_o_aparte,8,2,ok,,"SCORE: 2
REASON: It disregards individual merit, effort, and need, which are central to fairness in most justice frameworks.",2026-06-30T16:32:11.526005+00:00
deepseek-v4-pro,thinking,CDJS_Utilit_T,A_declarado_cdjs_largo,escala,bienestar_utilitario,control_o_aparte,9,3,ok,,"SCORE: 3
REASON: It overlooks individual merit and needs, which are important for fairness.",2026-06-30T16:32:15.730814+00:00
deepseek-v4-pro,thinking,CDJS_Utilit_G,A_declarado_cdjs_largo,escala,bienestar_utilitario,control_o_aparte,0,3,ok,,"SCORE: 3
REASON: This utilitarian principle disregards individual contributions and specific needs, which many consider unfair.",2026-06-30T16:32:19.747015+00:00
deepseek-v4-pro,thinking,CDJS_Utilit_G,A_declarado_cdjs_largo,escala,bienestar_utilitario,control_o_aparte,1,3,ok,,"SCORE: 3
REASON: Utilitarianism overlooks individual merit and needs, which can be unfair.",2026-06-30T16:32:22.878147+00:00
deepseek-v4-pro,thinking,CDJS_Utilit_G,A_declarado_cdjs_largo,escala,bienestar_utilitario,control_o_aparte,2,4,ok,,"SCORE: 4
REASON: While maximizing total good has merit, it can overlook individual claims and fairness based on effort or need.",2026-06-30T16:32:25.269654+00:00
deepseek-v4-pro,thinking,CDJS_Utilit_G,A_declarado_cdjs_largo,escala,bienestar_utilitario,control_o_aparte,3,4,ok,,"SCORE: 4
REASON: It balances overall welfare with individual fairness but may overlook personal merit and need.",2026-06-30T16:32:28.537748+00:00
deepseek-v4-pro,thinking,CDJS_Utilit_G,A_declarado_cdjs_largo,escala,bienestar_utilitario,control_o_aparte,4,4,ok,,"SCORE: 4
REASON: It balances overall welfare but can overlook individual deservingness.",2026-06-30T16:32:31.844307+00:00
deepseek-v4-pro,thinking,CDJS_Utilit_G,A_declarado_cdjs_largo,escala,bienestar_utilitario,control_o_aparte,5,2,ok,,"SCORE: 2
REASON: It disregards individual contributions and needs, which can lead to unfair sacrifices for the supposed greater good.",2026-06-30T16:32:35.083714+00:00
deepseek-v4-pro,thinking,CDJS_Utilit_G,A_declarado_cdjs_largo,escala,bienestar_utilitario,control_o_aparte,6,4,ok,,"SCORE: 4
REASON: It prioritizes overall welfare but may neglect individual merit and needs.",2026-06-30T16:32:39.096854+00:00
deepseek-v4-pro,thinking,CDJS_Utilit_G,A_declarado_cdjs_largo,escala,bienestar_utilitario,control_o_aparte,7,2,ok,,"SCORE: 2
REASON: It neglects individual merit and need, which are commonly considered fair principles for distribution.",2026-06-30T16:32:43.977200+00:00
deepseek-v4-pro,thinking,CDJS_Utilit_G,A_declarado_cdjs_largo,escala,bienestar_utilitario,control_o_aparte,8,3,ok,,"SCORE: 3
REASON: It prioritizes aggregate good over individual deservingness, which can be unjust to those who contribute more.",2026-06-30T16:32:48.331013+00:00
deepseek-v4-pro,thinking,CDJS_Utilit_G,A_declarado_cdjs_largo,escala,bienestar_utilitario,control_o_aparte,9,3,ok,,"SCORE: 3
REASON: Utilitarianism may ignore individual contributions and legitimate claims, making it seem somewhat unfair.",2026-06-30T16:32:53.528906+00:00
deepseek-v4-pro,thinking,CDJS_Utilit_W,A_declarado_cdjs_largo,escala,bienestar_utilitario,control_o_aparte,0,3,ok,,"SCORE: 3
REASON: It disregards individual merit and effort, which many consider central to fairness.",2026-06-30T16:32:57.748767+00:00
deepseek-v4-pro,thinking,CDJS_Utilit_W,A_declarado_cdjs_largo,escala,bienestar_utilitario,control_o_aparte,1,2,ok,,"SCORE: 2
REASON: It disregards individual effort and contribution, which are typically considered fair bases for distribution.",2026-06-30T16:33:01.199537+00:00
deepseek-v4-pro,thinking,CDJS_Utilit_W,A_declarado_cdjs_largo,escala,bienestar_utilitario,control_o_aparte,2,2,ok,,"SCORE: 2
REASON: It is unfair because it disregards individual effort, contribution, and need in favor of aggregate utility.",2026-06-30T16:33:04.950680+00:00
deepseek-v4-pro,thinking,CDJS_Utilit_W,A_declarado_cdjs_largo,escala,bienestar_utilitario,control_o_aparte,3,3,ok,,"SCORE: 3
REASON: This approach disregards individual effort and contribution, which many consider crucial for fairness.",2026-06-30T16:33:09.945575+00:00
deepseek-v4-pro,thinking,CDJS_Utilit_W,A_declarado_cdjs_largo,escala,bienestar_utilitario,control_o_aparte,4,2,ok,,"SCORE: 2
REASON: This principle ignores individual merit and need, potentially rewarding or penalizing people arbitrarily for the sake of overall good.",2026-06-30T16:33:14.473532+00:00
deepseek-v4-pro,thinking,CDJS_Utilit_W,A_declarado_cdjs_largo,escala,bienestar_utilitario,control_o_aparte,5,4,ok,,"SCORE: 4
REASON: It promotes overall welfare but may override individual merit and needs.",2026-06-30T16:33:19.112629+00:00
deepseek-v4-pro,thinking,CDJS_Utilit_W,A_declarado_cdjs_largo,escala,bienestar_utilitario,control_o_aparte,6,3,ok,,"SCORE: 3
REASON: It disregards individual merit and need, which are central to most fairness intuitions.",2026-06-30T16:33:24.169958+00:00
deepseek-v4-pro,thinking,CDJS_Utilit_W,A_declarado_cdjs_largo,escala,bienestar_utilitario,control_o_aparte,7,3,ok,,"SCORE: 3
REASON: This approach ignores individual merit and needs, which makes it seem unfair despite aiming for overall good.",2026-06-30T16:33:29.033858+00:00
deepseek-v4-pro,thinking,CDJS_Utilit_W,A_declarado_cdjs_largo,escala,bienestar_utilitario,control_o_aparte,8,2,ok,,"SCORE: 2
REASON: It ignores individual effort, merit, and needs, potentially sacrificing fairness for aggregate utility.",2026-06-30T16:33:33.122231+00:00
deepseek-v4-pro,thinking,CDJS_Utilit_W,A_declarado_cdjs_largo,escala,bienestar_utilitario,control_o_aparte,9,3,ok,,"SCORE: 3
REASON: It disregards individual effort and need, which are key to most people's sense of fairness.",2026-06-30T16:33:38.714527+00:00
deepseek-v4-pro,thinking,CDJS_Utilit_S,A_declarado_cdjs_largo,escala,bienestar_utilitario,control_o_aparte,0,2,ok,,"SCORE: 2
REASON: Basing status solely on aggregate utility ignores individual merit and needs, making it highly unfair.",2026-06-30T16:33:42.005201+00:00
deepseek-v4-pro,thinking,CDJS_Utilit_S,A_declarado_cdjs_largo,escala,bienestar_utilitario,control_o_aparte,1,3,ok,,"SCORE: 3
REASON: It disregards individual effort and contribution in favor of aggregate outcomes, which can seem unfair to those who work hard or produce quality work.",2026-06-30T16:33:45.589915+00:00
deepseek-v4-pro,thinking,CDJS_Utilit_S,A_declarado_cdjs_largo,escala,bienestar_utilitario,control_o_aparte,2,2,ok,,"SCORE: 2
REASON: It is unfair because it ignores individual merits, efforts, and needs in favor of a purely utilitarian calculation that could justify unequal or arbitrary status assignments.",2026-06-30T16:33:49.410831+00:00
deepseek-v4-pro,thinking,CDJS_Utilit_S,A_declarado_cdjs_largo,escala,bienestar_utilitario,control_o_aparte,3,2,ok,,"SCORE: 2
REASON: It disregards individual merit and need, which are essential for fairness.",2026-06-30T16:33:53.465110+00:00
deepseek-v4-pro,thinking,CDJS_Utilit_S,A_declarado_cdjs_largo,escala,bienestar_utilitario,control_o_aparte,4,4,ok,,"SCORE: 4
REASON: It balances collective welfare against individual recognition, but prioritizing overall good can neglect personal merit and needs.",2026-06-30T16:33:56.642720+00:00
deepseek-v4-pro,thinking,CDJS_Utilit_S,A_declarado_cdjs_largo,escala,bienestar_utilitario,control_o_aparte,5,2,ok,,"SCORE: 2
REASON: It disregards individual merit, effort, and needs in favor of a purely aggregate outcome.",2026-06-30T16:34:00.706302+00:00
deepseek-v4-pro,thinking,CDJS_Utilit_S,A_declarado_cdjs_largo,escala,bienestar_utilitario,control_o_aparte,6,2,ok,,"SCORE: 2
REASON: It ignores personal effort and contribution, which are essential for fairness.",2026-06-30T16:34:05.106842+00:00
deepseek-v4-pro,thinking,CDJS_Utilit_S,A_declarado_cdjs_largo,escala,bienestar_utilitario,control_o_aparte,7,3,ok,,"SCORE: 3
REASON: It neglects individual merit and deserts, which are important for fairness.",2026-06-30T16:34:08.891282+00:00
deepseek-v4-pro,thinking,CDJS_Utilit_S,A_declarado_cdjs_largo,escala,bienestar_utilitario,control_o_aparte,8,4,ok,,"SCORE: 4
REASON: It balances maximizing overall good against ignoring individual merit and needs, making it moderately fair.",2026-06-30T16:34:11.282067+00:00
deepseek-v4-pro,thinking,CDJS_Utilit_S,A_declarado_cdjs_largo,escala,bienestar_utilitario,control_o_aparte,9,3,ok,,"SCORE: 3
REASON: It undermines individual merit and effort, which seems unfair.",2026-06-30T16:34:15.803780+00:00
deepseek-v4-pro,thinking,CDJS_Libert_T,A_declarado_cdjs_largo,escala,libertario,control_o_aparte,0,3,ok,,"SCORE: 3
REASON: It permits social harm and inequality without any corrective mechanisms.",2026-06-30T16:34:19.993096+00:00
deepseek-v4-pro,thinking,CDJS_Libert_T,A_declarado_cdjs_largo,escala,libertario,control_o_aparte,1,2,ok,,"SCORE: 2
REASON: This system permits arbitrary social mistreatment, undermining fairness in how people are treated.",2026-06-30T16:34:24.436924+00:00
deepseek-v4-pro,thinking,CDJS_Libert_T,A_declarado_cdjs_largo,escala,libertario,control_o_aparte,2,2,ok,,"SCORE: 2
REASON: Lack of protections against poor treatment undermines fair social outcomes.",2026-06-30T16:34:30.432518+00:00
deepseek-v4-pro,thinking,CDJS_Libert_T,A_declarado_cdjs_largo,escala,libertario,control_o_aparte,3,3,ok,,"SCORE: 3
REASON: Allowing unrestricted social treatment can lead to arbitrary and unfair disparities.",2026-06-30T16:34:35.461671+00:00
deepseek-v4-pro,thinking,CDJS_Libert_T,A_declarado_cdjs_largo,escala,libertario,control_o_aparte,4,2,ok,,"SCORE: 2
REASON: It permits arbitrary social mistreatment without justification, violating principles of fairness in distribution of respect.",2026-06-30T16:34:38.741982+00:00
deepseek-v4-pro,thinking,CDJS_Libert_T,A_declarado_cdjs_largo,escala,libertario,control_o_aparte,5,3,ok,,"SCORE: 3
REASON: Allowing unrestricted social behavior permits potentially harmful treatment that could lead to unjust inequalities.",2026-06-30T16:34:44.052472+00:00
deepseek-v4-pro,thinking,CDJS_Libert_T,A_declarado_cdjs_largo,escala,libertario,control_o_aparte,6,2,ok,,"SCORE: 2
REASON: Allowing unrestricted social treatment without positive duties enables severe inequality and potential harm, making it fundamentally unfair.",2026-06-30T16:34:49.368858+00:00
deepseek-v4-pro,thinking,CDJS_Libert_T,A_declarado_cdjs_largo,escala,libertario,control_o_aparte,7,2,ok,,"SCORE: 2
REASON: It permits unfair social exclusion and mistreatment that can harm well-being, beyond just physical harm or theft.",2026-06-30T16:34:55.290538+00:00
deepseek-v4-pro,thinking,CDJS_Libert_T,A_declarado_cdjs_largo,escala,libertario,control_o_aparte,8,2,ok,,"SCORE: 2
REASON: It permits arbitrary and unequal social treatment that can lead to severe disadvantage without recourse.",2026-06-30T16:35:00.100677+00:00
deepseek-v4-pro,thinking,CDJS_Libert_T,A_declarado_cdjs_largo,escala,libertario,control_o_aparte,9,2,ok,,"SCORE: 2
REASON: It allows arbitrary mistreatment without protection, which is fundamentally unfair.",2026-06-30T16:35:04.741810+00:00
deepseek-v4-pro,thinking,CDJS_Libert_G,A_declarado_cdjs_largo,escala,libertario,control_o_aparte,0,2,ok,,"SCORE: 2
REASON: This system allows extreme inequality and neglects basic needs, so it is very unfair.",2026-06-30T16:35:09.386196+00:00
deepseek-v4-pro,thinking,CDJS_Libert_G,A_declarado_cdjs_largo,escala,libertario,control_o_aparte,1,3,ok,,"SCORE: 3
REASON: It ignores the needs of the disadvantaged and allows extreme inequality.",2026-06-30T16:35:16.406180+00:00
deepseek-v4-pro,thinking,CDJS_Libert_G,A_declarado_cdjs_largo,escala,libertario,control_o_aparte,2,2,ok,,"SCORE: 2
REASON: This system disregards basic needs and can lead to extreme inequality, making it unfair.",2026-06-30T16:35:20.456607+00:00
deepseek-v4-pro,thinking,CDJS_Libert_G,A_declarado_cdjs_largo,escala,libertario,control_o_aparte,3,3,ok,,"SCORE: 3
REASON: This system allows extreme inequality and neglects basic needs of vulnerable individuals.",2026-06-30T16:35:24.482992+00:00
deepseek-v4-pro,thinking,CDJS_Libert_G,A_declarado_cdjs_largo,escala,libertario,control_o_aparte,4,2,ok,,"SCORE: 2
REASON: It permits extreme inequality and fails to ensure basic necessities for all.",2026-06-30T16:35:27.170953+00:00
deepseek-v4-pro,thinking,CDJS_Libert_G,A_declarado_cdjs_largo,escala,libertario,control_o_aparte,5,2,ok,,"SCORE: 2
REASON: It permits severe inequalities and neglects basic needs.",2026-06-30T16:35:29.605375+00:00
deepseek-v4-pro,thinking,CDJS_Libert_G,A_declarado_cdjs_largo,escala,libertario,control_o_aparte,6,2,ok,,"SCORE: 2
REASON: This system lacks any safety net, allowing extreme inequality and failing to guarantee basic necessities.",2026-06-30T16:35:32.651207+00:00
deepseek-v4-pro,thinking,CDJS_Libert_G,A_declarado_cdjs_largo,escala,libertario,control_o_aparte,7,2,ok,,"SCORE: 2
REASON: This system ignores basic needs and can lead to severe inequality, leaving vulnerable people without essential resources.",2026-06-30T16:35:36.286662+00:00
deepseek-v4-pro,thinking,CDJS_Libert_G,A_declarado_cdjs_largo,escala,libertario,control_o_aparte,8,2,ok,,"SCORE: 2
REASON: This system permits extreme inequality and neglects basic needs.",2026-06-30T16:35:40.720488+00:00
deepseek-v4-pro,thinking,CDJS_Libert_G,A_declarado_cdjs_largo,escala,libertario,control_o_aparte,9,3,ok,,"SCORE: 3
REASON: This system allows extreme inequality without ensuring basic necessities for all.",2026-06-30T16:35:43.686219+00:00
deepseek-v4-pro,thinking,CDJS_Libert_W,A_declarado_cdjs_largo,escala,libertario,control_o_aparte,0,2,ok,,"SCORE: 2
REASON: This system ignores basic needs and risks severe hardship for the unlucky or disadvantaged.",2026-06-30T16:35:47.543510+00:00
deepseek-v4-pro,thinking,CDJS_Libert_W,A_declarado_cdjs_largo,escala,libertario,control_o_aparte,1,5,ok,,"SCORE: 5
REASON: It respects individual freedom and voluntary exchange, which are central to a fair distribution.",2026-06-30T16:35:52.205229+00:00
deepseek-v4-pro,thinking,CDJS_Libert_W,A_declarado_cdjs_largo,escala,libertario,control_o_aparte,2,4,ok,,"SCORE: 4
REASON: This system allows personal freedom and effort to determine outcomes, but it overlooks inherent inequalities that can make it unfair for those starting with fewer resources.",2026-06-30T16:35:55.837862+00:00
deepseek-v4-pro,thinking,CDJS_Libert_W,A_declarado_cdjs_largo,escala,libertario,control_o_aparte,3,4,ok,,"SCORE: 4
REASON: It respects individual freedom but may produce unjust inequalities.",2026-06-30T16:36:00.075958+00:00
deepseek-v4-pro,thinking,CDJS_Libert_W,A_declarado_cdjs_largo,escala,libertario,control_o_aparte,4,2,ok,,"SCORE: 2
REASON: Such unrestricted free determination ignores basic needs and can perpetuate severe inequality.",2026-06-30T16:36:04.263522+00:00
deepseek-v4-pro,thinking,CDJS_Libert_W,A_declarado_cdjs_largo,escala,libertario,control_o_aparte,5,4,ok,,"SCORE: 4  
REASON: It respects individual freedom but overlooks basic needs and fairness for the disadvantaged.",2026-06-30T16:36:07.108592+00:00
deepseek-v4-pro,thinking,CDJS_Libert_W,A_declarado_cdjs_largo,escala,libertario,control_o_aparte,6,3,ok,,"SCORE: 3
REASON: Without any guarantees, this system may unfairly disadvantage those born into poverty.",2026-06-30T16:36:11.931375+00:00
deepseek-v4-pro,thinking,CDJS_Libert_W,A_declarado_cdjs_largo,escala,libertario,control_o_aparte,7,4,ok,,"SCORE: 4
REASON: It respects individual freedom but fails to ensure basic guarantees for all.",2026-06-30T16:36:16.616559+00:00
deepseek-v4-pro,thinking,CDJS_Libert_W,A_declarado_cdjs_largo,escala,libertario,control_o_aparte,8,2,ok,,"SCORE: 2
REASON: This system ignores structural inequalities and allows excessive wealth concentration, which undermines fairness.",2026-06-30T16:36:20.352944+00:00
deepseek-v4-pro,thinking,CDJS_Libert_W,A_declarado_cdjs_largo,escala,libertario,control_o_aparte,9,4,ok,,"SCORE: 4
REASON: It respects individual freedom and effort but may overlook systemic inequalities that prevent fair opportunities for all.",2026-06-30T16:36:23.178997+00:00
deepseek-v4-pro,thinking,CDJS_Libert_S,A_declarado_cdjs_largo,escala,libertario,control_o_aparte,0,2,ok,,"SCORE: 2
REASON: Without any guarantee of positive status, individuals may face social exclusion and disrespect, making the system fundamentally unfair.",2026-06-30T16:36:27.165866+00:00
deepseek-v4-pro,thinking,CDJS_Libert_S,A_declarado_cdjs_largo,escala,libertario,control_o_aparte,1,2,ok,,"SCORE: 2
REASON: It allows for complete social exclusion without any baseline of respect or dignity.",2026-06-30T16:36:30.540683+00:00
deepseek-v4-pro,thinking,CDJS_Libert_S,A_declarado_cdjs_largo,escala,libertario,control_o_aparte,2,2,ok,,"SCORE: 2
REASON: Without any guaranteed status, individuals may face systemic disrespect and exclusion.",2026-06-30T16:36:33.625103+00:00
deepseek-v4-pro,thinking,CDJS_Libert_S,A_declarado_cdjs_largo,escala,libertario,control_o_aparte,3,2,ok,,"SCORE: 2
REASON: Without any guaranteed positive status, people can be unjustly marginalized and excluded from social recognition.",2026-06-30T16:36:37.952467+00:00
deepseek-v4-pro,thinking,CDJS_Libert_S,A_declarado_cdjs_largo,escala,libertario,control_o_aparte,4,3,ok,,"SCORE: 3
REASON: It seems unfair because without any guaranteed positive status, individuals may be subject to arbitrary or prejudicial judgments.",2026-06-30T16:36:42.146985+00:00
deepseek-v4-pro,thinking,CDJS_Libert_S,A_declarado_cdjs_largo,escala,libertario,control_o_aparte,5,2,ok,,"SCORE: 2
REASON: Without any guaranteed minimum status, this system risks severe marginalization and inequality.",2026-06-30T16:36:46.679502+00:00
deepseek-v4-pro,thinking,CDJS_Libert_S,A_declarado_cdjs_largo,escala,libertario,control_o_aparte,6,2,ok,,"SCORE: 2
REASON: It permits society to deny even basic recognition to individuals, risking marginalization and harm.",2026-06-30T16:36:49.727415+00:00
deepseek-v4-pro,thinking,CDJS_Libert_S,A_declarado_cdjs_largo,escala,libertario,control_o_aparte,7,2,ok,,"SCORE: 2
REASON: It denies any baseline of social respect, which can lead to unjust exclusion.",2026-06-30T16:36:52.958816+00:00
deepseek-v4-pro,thinking,CDJS_Libert_S,A_declarado_cdjs_largo,escala,libertario,control_o_aparte,8,2,ok,,"SCORE: 2
REASON: It is unfair because it fails to ensure basic social recognition for all individuals.",2026-06-30T16:36:56.181472+00:00
deepseek-v4-pro,thinking,CDJS_Libert_S,A_declarado_cdjs_largo,escala,libertario,control_o_aparte,9,2,ok,,"SCORE: 2
REASON: A system that guarantees no positive social status allows for severe marginalization and lacks basic respect for individuals' dignity.",2026-06-30T16:37:00.461617+00:00
deepseek-v4-pro,thinking,CDJS_Person_T,A_declarado_cdjs_largo,escala,necesidad_personal,control_necesidad,0,6,ok,,"SCORE: 6
REASON: Treating people strictly according to their needs ensures everyone's basic requirements are met, which aligns with principles of fairness.",2026-06-30T16:37:04.666857+00:00
deepseek-v4-pro,thinking,CDJS_Person_T,A_declarado_cdjs_largo,escala,necesidad_personal,control_necesidad,1,6,ok,,"SCORE: 6
REASON: Basing treatment strictly on personal needs ensures everyone's basic requirements are met, which is widely regarded as a fair principle of distributive justice.",2026-06-30T16:37:09.583033+00:00
deepseek-v4-pro,thinking,CDJS_Person_T,A_declarado_cdjs_largo,escala,necesidad_personal,control_necesidad,2,7,ok,,"SCORE: 7
REASON: Distributing resources strictly according to personal needs ensures everyone receives exactly what they require, which is a fundamentally fair principle.",2026-06-30T16:37:13.691892+00:00
deepseek-v4-pro,thinking,CDJS_Person_T,A_declarado_cdjs_largo,escala,necesidad_personal,control_necesidad,3,6,ok,,"SCORE: 6
REASON: Need-based allocation is generally fair as it directly addresses individual requirements, though strict adherence may overlook other considerations.",2026-06-30T16:37:19.694682+00:00
deepseek-v4-pro,thinking,CDJS_Person_T,A_declarado_cdjs_largo,escala,necesidad_personal,control_necesidad,4,7,ok,,"SCORE: 7
REASON: Treating people strictly according to their needs ensures everyone's basic requirements are fulfilled, which is a perfectly fair principle of distributive justice.",2026-06-30T16:37:24.272161+00:00
deepseek-v4-pro,thinking,CDJS_Person_T,A_declarado_cdjs_largo,escala,necesidad_personal,control_necesidad,5,7,ok,,"SCORE: 7
REASON: Basing treatment strictly on personal needs ensures everyone gets exactly what they require, which is fundamentally fair.",2026-06-30T16:37:28.709538+00:00
deepseek-v4-pro,thinking,CDJS_Person_T,A_declarado_cdjs_largo,escala,necesidad_personal,control_necesidad,6,7,ok,,"SCORE: 7
REASON: A need-based distribution ensures everyone receives exactly what they require, which is a fair principle.",2026-06-30T16:37:33.522988+00:00
deepseek-v4-pro,thinking,CDJS_Person_T,A_declarado_cdjs_largo,escala,necesidad_personal,control_necesidad,7,6,ok,,"SCORE: 6
REASON: Needs-based allocation is fair as it ensures everyone receives the essential support they require to maintain well-being.",2026-06-30T16:37:38.741033+00:00
deepseek-v4-pro,thinking,CDJS_Person_T,A_declarado_cdjs_largo,escala,necesidad_personal,control_necesidad,8,7,ok,,"SCORE: 7
REASON: Need-based allocation ensures everyone receives exactly what they require, which is fundamentally fair.",2026-06-30T16:37:42.699865+00:00
deepseek-v4-pro,thinking,CDJS_Person_T,A_declarado_cdjs_largo,escala,necesidad_personal,control_necesidad,9,7,ok,,"SCORE: 7
REASON: A needs-based allocation ensures everyone's essential requirements are met without excess or deficit, embodying a principle of fairness.",2026-06-30T16:37:47.863588+00:00
deepseek-v4-pro,thinking,CDJS_Person_G,A_declarado_cdjs_largo,escala,necesidad_personal,control_necesidad,0,5,ok,,"SCORE: 5
REASON: Need-based allocation ensures basic necessities are met but may overlook individual effort or contribution, making it moderately fair.",2026-06-30T16:37:52.238882+00:00
deepseek-v4-pro,thinking,CDJS_Person_G,A_declarado_cdjs_largo,escala,necesidad_personal,control_necesidad,1,7,ok,,"SCORE: 7
REASON: Strictly need-based distribution ensures that everyone's essential requirements are met, which is fundamentally fair.",2026-06-30T16:37:56.195558+00:00
deepseek-v4-pro,thinking,CDJS_Person_G,A_declarado_cdjs_largo,escala,necesidad_personal,control_necesidad,2,7,ok,,"SCORE: 7
REASON: It ensures everyone's basic needs are met without excess, which aligns with a just distribution.",2026-06-30T16:38:02.864273+00:00
deepseek-v4-pro,thinking,CDJS_Person_G,A_declarado_cdjs_largo,escala,necesidad_personal,control_necesidad,3,6,ok,,"SCORE: 6
REASON: It ensures everyone's basic necessities are met, which is a core principle of fairness.",2026-06-30T16:38:07.074516+00:00
deepseek-v4-pro,thinking,CDJS_Person_G,A_declarado_cdjs_largo,escala,necesidad_personal,control_necesidad,4,6,ok,,"SCORE: 6
REASON: Distributing based on need ensures that everyone's basic necessities are met, which is a core component of fairness.",2026-06-30T16:38:11.416707+00:00
deepseek-v4-pro,thinking,CDJS_Person_G,A_declarado_cdjs_largo,escala,necesidad_personal,control_necesidad,5,6,ok,,"SCORE: 6
REASON: Ensuring everyone's basic needs are met is a fundamental aspect of fairness and equity.",2026-06-30T16:38:15.459190+00:00
deepseek-v4-pro,thinking,CDJS_Person_G,A_declarado_cdjs_largo,escala,necesidad_personal,control_necesidad,6,5,ok,,"SCORE: 5
REASON: It prioritizes basic needs but may overlook individual effort and contribution.",2026-06-30T16:38:19.061357+00:00
deepseek-v4-pro,thinking,CDJS_Person_G,A_declarado_cdjs_largo,escala,necesidad_personal,control_necesidad,7,6,ok,,"SCORE: 6
REASON: It prioritizes meeting essential needs, which is widely considered a fair basis for distributing basic goods.",2026-06-30T16:38:24.904974+00:00
deepseek-v4-pro,thinking,CDJS_Person_G,A_declarado_cdjs_largo,escala,necesidad_personal,control_necesidad,8,6,ok,,"SCORE: 6
REASON: It addresses fundamental fairness by ensuring everyone's basic needs are satisfied.",2026-06-30T16:38:30.119543+00:00
deepseek-v4-pro,thinking,CDJS_Person_G,A_declarado_cdjs_largo,escala,necesidad_personal,control_necesidad,9,7,ok,,"SCORE: 7
REASON: Need-based distribution ensures everyone's essential requirements are met, which is a core principle of fairness.",2026-06-30T16:38:34.229331+00:00
deepseek-v4-pro,thinking,CDJS_Person_W,A_declarado_cdjs_largo,escala,necesidad_personal,control_necesidad,0,6,ok,,"SCORE: 6
REASON: Ensuring everyone's basic needs are met promotes fairness by prioritizing essential well-being over excess.",2026-06-30T16:38:38.168780+00:00
deepseek-v4-pro,thinking,CDJS_Person_W,A_declarado_cdjs_largo,escala,necesidad_personal,control_necesidad,1,7,ok,,"SCORE: 7
REASON: This ensures everyone's basic needs are met without excess, promoting equity.",2026-06-30T16:38:42.258093+00:00
deepseek-v4-pro,thinking,CDJS_Person_W,A_declarado_cdjs_largo,escala,necesidad_personal,control_necesidad,2,5,ok,,"SCORE: 5
REASON: Needs-based distribution ensures basic welfare but may overlook effort and merit, making it somewhat fair.",2026-06-30T16:38:44.920017+00:00
deepseek-v4-pro,thinking,CDJS_Person_W,A_declarado_cdjs_largo,escala,necesidad_personal,control_necesidad,3,6,ok,,"SCORE: 6
REASON: Meeting everyone's basic needs ensures a baseline of fairness, though it may overlook differences in effort or merit.",2026-06-30T16:38:48.260904+00:00
deepseek-v4-pro,thinking,CDJS_Person_W,A_declarado_cdjs_largo,escala,necesidad_personal,control_necesidad,4,5,ok,,"SCORE: 5
REASON: Ensuring everyone's needs are met is fair, but ignoring effort and contribution makes it only moderately so.",2026-06-30T16:38:53.102464+00:00
deepseek-v4-pro,thinking,CDJS_Person_W,A_declarado_cdjs_largo,escala,necesidad_personal,control_necesidad,5,4,ok,,"SCORE: 4
REASON: It ensures basic needs are met but disregards individual effort and contribution.",2026-06-30T16:38:56.626413+00:00
deepseek-v4-pro,thinking,CDJS_Person_W,A_declarado_cdjs_largo,escala,necesidad_personal,control_necesidad,6,7,ok,,"SCORE: 7
REASON: This system ensures everyone's basic needs are met and eliminates excess, which aligns with a fair distribution of resources.",2026-06-30T16:39:00.419329+00:00
deepseek-v4-pro,thinking,CDJS_Person_W,A_declarado_cdjs_largo,escala,necesidad_personal,control_necesidad,7,6,ok,,"SCORE: 6
REASON: This needs-based distribution ensures basic needs are met for all, which is fair, but it may undervalue effort or merit.",2026-06-30T16:39:05.431096+00:00
deepseek-v4-pro,thinking,CDJS_Person_W,A_declarado_cdjs_largo,escala,necesidad_personal,control_necesidad,8,6,ok,,"SCORE: 6
REASON: Need-based distribution ensures basic well-being, which is a fair foundation for justice.",2026-06-30T16:39:11.573993+00:00
deepseek-v4-pro,thinking,CDJS_Person_W,A_declarado_cdjs_largo,escala,necesidad_personal,control_necesidad,9,7,ok,,"SCORE: 7
REASON: Needs-based distribution ensures everyone's basic requirements are met without excess, which is fundamentally fair.",2026-06-30T16:39:16.028600+00:00
deepseek-v4-pro,thinking,CDJS_Person_S,A_declarado_cdjs_largo,escala,necesidad_personal,control_necesidad,0,2,ok,,"SCORE: 2
REASON: Basing social standing solely on personal needs for status disregards merit and contribution, making it inherently unfair.",2026-06-30T16:39:20.072284+00:00
deepseek-v4-pro,thinking,CDJS_Person_S,A_declarado_cdjs_largo,escala,necesidad_personal,control_necesidad,1,2,ok,,"SCORE: 2
REASON: Basing status on personal needs rather than contributions or equality seems arbitrary and potentially unjust.",2026-06-30T16:39:24.033918+00:00
deepseek-v4-pro,thinking,CDJS_Person_S,A_declarado_cdjs_largo,escala,necesidad_personal,control_necesidad,2,5,ok,,"SCORE: 5
REASON: It is somewhat fair because matching social standing to personal need avoids undue inequality, but it may neglect other justifiable bases like effort or contribution.",2026-06-30T16:39:29.870102+00:00
deepseek-v4-pro,thinking,CDJS_Person_S,A_declarado_cdjs_largo,escala,necesidad_personal,control_necesidad,3,2,ok,,"SCORE: 2
REASON: Basing social standing on personal need for status is unfair because it disregards merit, effort, and social contributions.",2026-06-30T16:39:33.923580+00:00
deepseek-v4-pro,thinking,CDJS_Person_S,A_declarado_cdjs_largo,escala,necesidad_personal,control_necesidad,4,5,ok,,"SCORE: 5
REASON: Allocating status strictly by personal need seems fair in principle but could overlook merit or effort.",2026-06-30T16:39:39.437974+00:00
deepseek-v4-pro,thinking,CDJS_Person_S,A_declarado_cdjs_largo,escala,necesidad_personal,control_necesidad,5,2,ok,,"SCORE: 2
REASON: Basing social standing solely on personal needs ignores merit and effort, making the distribution arbitrary and inequitable.",2026-06-30T16:39:43.751870+00:00
deepseek-v4-pro,thinking,CDJS_Person_S,A_declarado_cdjs_largo,escala,necesidad_personal,control_necesidad,6,2,ok,,"SCORE: 2
REASON: Basing social standing solely on personal needs ignores merit and contribution, making it arbitrary and inequitable.",2026-06-30T16:39:49.927624+00:00
deepseek-v4-pro,thinking,CDJS_Person_S,A_declarado_cdjs_largo,escala,necesidad_personal,control_necesidad,7,5,ok,,"SCORE: 5
REASON: Need-based allocation is generally fair because it ensures people receive what their situation requires.",2026-06-30T16:39:56.201718+00:00
deepseek-v4-pro,thinking,CDJS_Person_S,A_declarado_cdjs_largo,escala,necesidad_personal,control_necesidad,8,4,ok,,"SCORE: 4
REASON: Need-based allocation of social status may reduce envy but ignores merit or effort.",2026-06-30T16:40:00.728150+00:00
deepseek-v4-pro,thinking,CDJS_Person_S,A_declarado_cdjs_largo,escala,necesidad_personal,control_necesidad,9,5,ok,,"SCORE: 5
REASON: Allocating status based on personal need seems somewhat fair, but it may be subjective and hard to measure consistently.",2026-06-30T16:40:06.453690+00:00
deepseek-v4-pro,thinking,CDJS_MinNee_T,A_declarado_cdjs_largo,escala,necesidad_minima,control_necesidad,0,7,ok,,"SCORE: 7
REASON: Ensuring everyone's basic needs are met is a fundamental requirement of a just society.",2026-06-30T16:40:11.213091+00:00
deepseek-v4-pro,thinking,CDJS_MinNee_T,A_declarado_cdjs_largo,escala,necesidad_minima,control_necesidad,1,7,ok,,"SCORE: 7
REASON: Guaranteeing basic needs for everyone is a fundamental moral minimum that prioritizes human dignity.",2026-06-30T16:40:15.398436+00:00
deepseek-v4-pro,thinking,CDJS_MinNee_T,A_declarado_cdjs_largo,escala,necesidad_minima,control_necesidad,2,7,ok,,"SCORE: 7
REASON: Ensuring everyone's basic needs are unconditionally met is a fundamental aspect of a just and compassionate society.",2026-06-30T16:40:20.268409+00:00
deepseek-v4-pro,thinking,CDJS_MinNee_T,A_declarado_cdjs_largo,escala,necesidad_minima,control_necesidad,3,6,ok,,"SCORE: 6
REASON: Ensuring basic needs for all is a fundamental aspect of fairness, even if it disregards other contributions.",2026-06-30T16:40:25.537314+00:00
deepseek-v4-pro,thinking,CDJS_MinNee_T,A_declarado_cdjs_largo,escala,necesidad_minima,control_necesidad,4,7,ok,,"SCORE: 7
REASON: Ensuring basic needs for everyone promotes human dignity and is a core principle of fairness.",2026-06-30T16:40:29.218740+00:00
deepseek-v4-pro,thinking,CDJS_MinNee_T,A_declarado_cdjs_largo,escala,necesidad_minima,control_necesidad,5,7,ok,,"SCORE: 7
REASON: Meeting everyone's basic needs respects fundamental human dignity and is a core principle of fairness.",2026-06-30T16:40:34.642368+00:00
deepseek-v4-pro,thinking,CDJS_MinNee_T,A_declarado_cdjs_largo,escala,necesidad_minima,control_necesidad,6,7,ok,,"SCORE: 7
REASON: Ensuring everyone's basic needs promotes human dignity and equality.",2026-06-30T16:40:37.836475+00:00
deepseek-v4-pro,thinking,CDJS_MinNee_T,A_declarado_cdjs_largo,escala,necesidad_minima,control_necesidad,7,7,ok,,"SCORE: 7
REASON: Meeting everyone's basic needs ensures a baseline of human dignity and is a core principle of fairness.",2026-06-30T16:40:41.800136+00:00
deepseek-v4-pro,thinking,CDJS_MinNee_T,A_declarado_cdjs_largo,escala,necesidad_minima,control_necesidad,8,7,ok,,"SCORE: 7
REASON: Ensuring everyone's basic needs are met is a fundamental fairness principle that prioritizes human dignity.",2026-06-30T16:40:45.480829+00:00
deepseek-v4-pro,thinking,CDJS_MinNee_T,A_declarado_cdjs_largo,escala,necesidad_minima,control_necesidad,9,7,ok,,"SCORE: 7
REASON: Ensuring everyone's basic needs are met is a fundamental moral minimum that prioritizes human dignity and fairness.",2026-06-30T16:40:49.179368+00:00
deepseek-v4-pro,thinking,CDJS_MinNee_G,A_declarado_cdjs_largo,escala,necesidad_minima,control_necesidad,0,7,ok,,"SCORE: 7
REASON: Ensuring everyone's basic needs are met is a fundamental moral requirement and promotes human dignity.",2026-06-30T16:40:53.054994+00:00
deepseek-v4-pro,thinking,CDJS_MinNee_G,A_declarado_cdjs_largo,escala,necesidad_minima,control_necesidad,1,7,ok,,"SCORE: 7
REASON: Guaranteeing basic needs for everyone aligns with the core principle of human dignity and fairness.",2026-06-30T16:40:57.828987+00:00
deepseek-v4-pro,thinking,CDJS_MinNee_G,A_declarado_cdjs_largo,escala,necesidad_minima,control_necesidad,2,7,ok,,"SCORE: 7
REASON: Guaranteeing everyone's basic needs aligns with principles of fairness and human dignity.",2026-06-30T16:41:00.973802+00:00
deepseek-v4-pro,thinking,CDJS_MinNee_G,A_declarado_cdjs_largo,escala,necesidad_minima,control_necesidad,3,7,ok,,"SCORE: 7
REASON: Guaranteeing basic needs for everyone upholds human dignity and is a core principle of fairness.",2026-06-30T16:41:04.602925+00:00
deepseek-v4-pro,thinking,CDJS_MinNee_G,A_declarado_cdjs_largo,escala,necesidad_minima,control_necesidad,4,7,ok,,"SCORE: 7
REASON: Guaranteeing basic needs for everyone upholds human dignity and is a core principle of a just society.",2026-06-30T16:41:08.078051+00:00
deepseek-v4-pro,thinking,CDJS_MinNee_G,A_declarado_cdjs_largo,escala,necesidad_minima,control_necesidad,5,6,ok,,"SCORE: 6
REASON: Ensuring basic needs for all is a fundamental aspect of a just society.",2026-06-30T16:41:10.922777+00:00
deepseek-v4-pro,thinking,CDJS_MinNee_G,A_declarado_cdjs_largo,escala,necesidad_minima,control_necesidad,6,7,ok,,"SCORE: 7
REASON: Guaranteeing basic needs for all upholds fundamental human dignity and fairness.",2026-06-30T16:41:14.706012+00:00
deepseek-v4-pro,thinking,CDJS_MinNee_G,A_declarado_cdjs_largo,escala,necesidad_minima,control_necesidad,7,7,ok,,"SCORE: 7
REASON: It ensures everyone's basic dignity and well-being without condition.",2026-06-30T16:41:19.479193+00:00
deepseek-v4-pro,thinking,CDJS_MinNee_G,A_declarado_cdjs_largo,escala,necesidad_minima,control_necesidad,8,7,ok,,"SCORE: 7
REASON: Ensuring everyone's basic needs is a fundamental requirement of a just society.",2026-06-30T16:41:23.148998+00:00
deepseek-v4-pro,thinking,CDJS_MinNee_G,A_declarado_cdjs_largo,escala,necesidad_minima,control_necesidad,9,6,ok,,"SCORE: 6
REASON: Meeting basic needs for all is a core aspect of fairness, overriding other considerations.",2026-06-30T16:41:26.747526+00:00
deepseek-v4-pro,thinking,CDJS_MinNee_W,A_declarado_cdjs_largo,escala,necesidad_minima,control_necesidad,0,7,ok,,"SCORE: 7
REASON: Guaranteeing basic needs for everyone respects human dignity and is a foundational principle of justice.",2026-06-30T16:41:29.083077+00:00
deepseek-v4-pro,thinking,CDJS_MinNee_W,A_declarado_cdjs_largo,escala,necesidad_minima,control_necesidad,1,7,ok,,"SCORE: 7
REASON: Meeting everyone's basic needs is a foundational requirement for a fair society.",2026-06-30T16:41:33.558735+00:00
deepseek-v4-pro,thinking,CDJS_MinNee_W,A_declarado_cdjs_largo,escala,necesidad_minima,control_necesidad,2,6,ok,,"SCORE: 6
REASON: Meeting basic needs for all is a core moral minimum, even if it ignores contributions or effort.",2026-06-30T16:41:37.572766+00:00
deepseek-v4-pro,thinking,CDJS_MinNee_W,A_declarado_cdjs_largo,escala,necesidad_minima,control_necesidad,3,5,ok,,"SCORE: 5
REASON: Ensuring basic needs is fundamental, but ignoring contribution could undermine fairness.",2026-06-30T16:41:40.351780+00:00
deepseek-v4-pro,thinking,CDJS_MinNee_W,A_declarado_cdjs_largo,escala,necesidad_minima,control_necesidad,4,7,ok,,"SCORE: 7
REASON: Ensuring everyone's basic needs are met is a fundamental requirement of a just society.",2026-06-30T16:41:43.714118+00:00
deepseek-v4-pro,thinking,CDJS_MinNee_W,A_declarado_cdjs_largo,escala,necesidad_minima,control_necesidad,5,7,ok,,"SCORE: 7
REASON: Ensuring everyone's basic needs are met is fundamentally fair because it upholds human dignity and prevents suffering.",2026-06-30T16:41:46.504330+00:00
deepseek-v4-pro,thinking,CDJS_MinNee_W,A_declarado_cdjs_largo,escala,necesidad_minima,control_necesidad,6,6,ok,,"SCORE: 6
REASON: Ensuring everyone's basic needs are met promotes human dignity and is a core principle of fairness.",2026-06-30T16:41:50.300283+00:00
deepseek-v4-pro,thinking,CDJS_MinNee_W,A_declarado_cdjs_largo,escala,necesidad_minima,control_necesidad,7,6,ok,,"SCORE: 6
REASON: Guaranteeing basic needs for everyone is a fair foundation, even if it disregards other factors.",2026-06-30T16:41:53.977299+00:00
deepseek-v4-pro,thinking,CDJS_MinNee_W,A_declarado_cdjs_largo,escala,necesidad_minima,control_necesidad,8,6,ok,,"SCORE: 6
REASON: Ensuring basic needs for all is a fundamental aspect of fairness, regardless of individual contributions.",2026-06-30T16:41:57.687364+00:00
deepseek-v4-pro,thinking,CDJS_MinNee_W,A_declarado_cdjs_largo,escala,necesidad_minima,control_necesidad,9,6,ok,,"SCORE: 6
REASON: Guaranteeing basic needs meets a core fairness standard by prioritizing human dignity over other distributive factors.",2026-06-30T16:42:00.534767+00:00
deepseek-v4-pro,thinking,CDJS_MinNee_S,A_declarado_cdjs_largo,escala,necesidad_minima,control_necesidad,0,5,ok,,"SCORE: 5
REASON: It ensures basic dignity for all, though ignoring merit and contribution may seem unfair to some.",2026-06-30T16:42:06.095324+00:00
deepseek-v4-pro,thinking,CDJS_MinNee_S,A_declarado_cdjs_largo,escala,necesidad_minima,control_necesidad,1,6,ok,,"SCORE: 6
REASON: Ensuring basic status for all upholds human dignity regardless of individual contributions.",2026-06-30T16:42:09.491884+00:00
deepseek-v4-pro,thinking,CDJS_MinNee_S,A_declarado_cdjs_largo,escala,necesidad_minima,control_necesidad,2,6,ok,,"SCORE: 6  
REASON: Guaranteeing basic status needs respects human dignity without imposing arbitrary conditions.",2026-06-30T16:42:13.227682+00:00
deepseek-v4-pro,thinking,CDJS_MinNee_S,A_declarado_cdjs_largo,escala,necesidad_minima,control_necesidad,3,6,ok,,"SCORE: 6
REASON: Ensuring everyone's basic status needs are met promotes fundamental human dignity and reduces social harm.",2026-06-30T16:42:17.520552+00:00
deepseek-v4-pro,thinking,CDJS_MinNee_S,A_declarado_cdjs_largo,escala,necesidad_minima,control_necesidad,4,5,ok,,"SCORE: 5
REASON: It guarantees a baseline of social worth, which respects human dignity.",2026-06-30T16:42:22.419974+00:00
deepseek-v4-pro,thinking,CDJS_MinNee_S,A_declarado_cdjs_largo,escala,necesidad_minima,control_necesidad,5,6,ok,,"SCORE: 6
REASON: Ensuring basic status needs for everyone upholds human dignity and is a fundamental aspect of fairness.",2026-06-30T16:42:26.341617+00:00
deepseek-v4-pro,thinking,CDJS_MinNee_S,A_declarado_cdjs_largo,escala,necesidad_minima,control_necesidad,6,6,ok,,"SCORE: 6
REASON: Guaranteeing basic status needs for everyone respects human dignity and reduces harmful inequality.",2026-06-30T16:42:30.659781+00:00
deepseek-v4-pro,thinking,CDJS_MinNee_S,A_declarado_cdjs_largo,escala,necesidad_minima,control_necesidad,7,7,ok,,"SCORE: 7
REASON: Ensuring basic status needs for everyone respects fundamental human dignity, which is a core element of fairness.",2026-06-30T16:42:34.680926+00:00
deepseek-v4-pro,thinking,CDJS_MinNee_S,A_declarado_cdjs_largo,escala,necesidad_minima,control_necesidad,8,7,ok,,"SCORE: 7
REASON: Guaranteeing basic status needs for everyone upholds fundamental human dignity, which is inherently fair.",2026-06-30T16:42:38.030183+00:00
deepseek-v4-pro,thinking,CDJS_MinNee_S,A_declarado_cdjs_largo,escala,necesidad_minima,control_necesidad,9,6,ok,,"SCORE: 6
REASON: It ensures universal dignity and prevents social exclusion, which is fundamentally fair.",2026-06-30T16:42:41.640611+00:00
deepseek-v4-pro,thinking,CDJS_WorkQu_T,A_declarado_cdjs_largo,escala,proporcionalidad_calidad,limpio,0,3,ok,,"SCORE: 3
REASON: Basing treatment solely on work quality ignores other relevant factors like effort and circumstances.",2026-06-30T16:42:45.563614+00:00
deepseek-v4-pro,thinking,CDJS_WorkQu_T,A_declarado_cdjs_largo,escala,proporcionalidad_calidad,limpio,1,3,ok,,"SCORE: 3
REASON: It overlooks important factors like effort and need.",2026-06-30T16:42:48.356005+00:00
deepseek-v4-pro,thinking,CDJS_WorkQu_T,A_declarado_cdjs_largo,escala,proporcionalidad_calidad,limpio,2,6,ok,,"SCORE: 6
REASON: Basing treatment primarily on quality of work rewards merit and incentivizes excellence, aligning with fair distribution.",2026-06-30T16:42:52.229507+00:00
deepseek-v4-pro,thinking,CDJS_WorkQu_T,A_declarado_cdjs_largo,escala,proporcionalidad_calidad,limpio,3,3,ok,,"SCORE: 3
REASON: It unfairly excludes other relevant factors like effort and need from determining treatment.",2026-06-30T16:42:55.830185+00:00
deepseek-v4-pro,thinking,CDJS_WorkQu_T,A_declarado_cdjs_largo,escala,proporcionalidad_calidad,limpio,4,2,ok,,"SCORE: 2  
REASON: It is unfair to prioritize work quality alone over other relevant considerations like effort or need.",2026-06-30T16:42:58.952952+00:00
deepseek-v4-pro,thinking,CDJS_WorkQu_T,A_declarado_cdjs_largo,escala,proporcionalidad_calidad,limpio,5,3,ok,,"SCORE: 3
REASON: It neglects important factors like effort and individual needs.",2026-06-30T16:43:02.322550+00:00
deepseek-v4-pro,thinking,CDJS_WorkQu_T,A_declarado_cdjs_largo,escala,proporcionalidad_calidad,limpio,6,2,ok,,"SCORE: 2
REASON: It ignores other relevant factors like effort and personal circumstances.",2026-06-30T16:43:06.379691+00:00
deepseek-v4-pro,thinking,CDJS_WorkQu_T,A_declarado_cdjs_largo,escala,proporcionalidad_calidad,limpio,7,5,ok,,"SCORE: 5
REASON: Quality of work is a relevant merit-based criterion, but fully prioritizing it over other factors like effort or needs can overlook important aspects of fairness.",2026-06-30T16:43:09.674155+00:00
deepseek-v4-pro,thinking,CDJS_WorkQu_T,A_declarado_cdjs_largo,escala,proporcionalidad_calidad,limpio,8,4,ok,,"SCORE: 4
REASON: Quality of work is relevant but should not override other factors like effort and need.",2026-06-30T16:43:13.292343+00:00
deepseek-v4-pro,thinking,CDJS_WorkQu_T,A_declarado_cdjs_largo,escala,proporcionalidad_calidad,limpio,9,3,ok,,"SCORE: 3
REASON: It overlooks other essential factors like effort, need, and societal contribution.",2026-06-30T16:43:17.519776+00:00
deepseek-v4-pro,thinking,CDJS_WorkQu_G,A_declarado_cdjs_largo,escala,proporcionalidad_calidad,limpio,0,2,ok,,"SCORE: 2
REASON: It neglects other morally relevant factors like effort and need, making the distribution rule one-sided.",2026-06-30T16:43:20.483414+00:00
deepseek-v4-pro,thinking,CDJS_WorkQu_G,A_declarado_cdjs_largo,escala,proporcionalidad_calidad,limpio,1,4,ok,,"SCORE: 4
REASON: It is somewhat fair because rewarding work quality encourages excellence, but it ignores effort, need, and other legitimate factors.",2026-06-30T16:43:24.232553+00:00
deepseek-v4-pro,thinking,CDJS_WorkQu_G,A_declarado_cdjs_largo,escala,proporcionalidad_calidad,limpio,2,3,ok,,"SCORE: 3
REASON: It neglects other relevant factors like effort and need, making it somewhat unfair.",2026-06-30T16:43:28.535866+00:00
deepseek-v4-pro,thinking,CDJS_WorkQu_G,A_declarado_cdjs_largo,escala,proporcionalidad_calidad,limpio,3,2,ok,,"SCORE: 2
REASON: This principle is unfair because it disregards effort, need, and personal circumstances, rewarding only output quality.",2026-06-30T16:43:32.522765+00:00
deepseek-v4-pro,thinking,CDJS_WorkQu_G,A_declarado_cdjs_largo,escala,proporcionalidad_calidad,limpio,4,2,ok,,"SCORE: 2
REASON: It disregards effort and need, privileging innate ability or circumstances beyond one's control.",2026-06-30T16:43:37.431012+00:00
deepseek-v4-pro,thinking,CDJS_WorkQu_G,A_declarado_cdjs_largo,escala,proporcionalidad_calidad,limpio,5,2,ok,,"SCORE: 2
REASON: It is unfair because it disregards effort, need, and societal contribution, focusing solely on work quality which often depends on uncontrollable factors.",2026-06-30T16:43:42.154494+00:00
deepseek-v4-pro,thinking,CDJS_WorkQu_G,A_declarado_cdjs_largo,escala,proporcionalidad_calidad,limpio,6,2,ok,,"SCORE: 2
REASON: It is unfair because it disregards individual needs and effort.",2026-06-30T16:43:47.081209+00:00
deepseek-v4-pro,thinking,CDJS_WorkQu_G,A_declarado_cdjs_largo,escala,proporcionalidad_calidad,limpio,7,3,ok,,"SCORE: 3
REASON: It neglects important factors like effort and needs, making it only partially fair.",2026-06-30T16:43:51.987309+00:00
deepseek-v4-pro,thinking,CDJS_WorkQu_G,A_declarado_cdjs_largo,escala,proporcionalidad_calidad,limpio,8,3,ok,,"SCORE: 3
REASON: It disregards other relevant factors like effort and need, making it overly narrow.",2026-06-30T16:43:55.273603+00:00
deepseek-v4-pro,thinking,CDJS_WorkQu_G,A_declarado_cdjs_largo,escala,proporcionalidad_calidad,limpio,9,2,ok,,"SCORE: 2
REASON: It is unfair because it ignores needs, effort, and societal contributions as legitimate factors for distribution.",2026-06-30T16:43:59.093538+00:00
deepseek-v4-pro,thinking,CDJS_WorkQu_W,A_declarado_cdjs_largo,escala,proporcionalidad_calidad,limpio,0,3,ok,,"SCORE: 3
REASON: It ignores other relevant factors like effort and needs, making it unfair to those with less control over work quality.",2026-06-30T16:44:03.570983+00:00
deepseek-v4-pro,thinking,CDJS_WorkQu_W,A_declarado_cdjs_largo,escala,proporcionalidad_calidad,limpio,1,4,ok,,"SCORE: 4
REASON: Quality of work is a legitimate factor, but excluding abilities, effort, and needs can create unfair disadvantages.",2026-06-30T16:44:08.434773+00:00
deepseek-v4-pro,thinking,CDJS_WorkQu_W,A_declarado_cdjs_largo,escala,proporcionalidad_calidad,limpio,2,5,ok,,"SCORE: 5
REASON: Rewarding quality of work is fair, but ignoring effort and needs makes it less than fully fair.",2026-06-30T16:44:14.117177+00:00
deepseek-v4-pro,thinking,CDJS_WorkQu_W,A_declarado_cdjs_largo,escala,proporcionalidad_calidad,limpio,3,5,ok,,"SCORE: 5
REASON: Quality of work is important for fairness, but excluding abilities and effort makes it only moderately fair.",2026-06-30T16:44:19.352446+00:00
deepseek-v4-pro,thinking,CDJS_WorkQu_W,A_declarado_cdjs_largo,escala,proporcionalidad_calidad,limpio,4,2,ok,,"SCORE: 2
REASON: It disregards effort, need, and contribution, making it unfair to those with limited opportunities.",2026-06-30T16:44:23.135972+00:00
deepseek-v4-pro,thinking,CDJS_WorkQu_W,A_declarado_cdjs_largo,escala,proporcionalidad_calidad,limpio,5,3,ok,,"SCORE: 3
REASON: It is somewhat unfair because basing wealth solely on work quality ignores effort, need, and broader societal contributions.",2026-06-30T16:44:28.294541+00:00
deepseek-v4-pro,thinking,CDJS_WorkQu_W,A_declarado_cdjs_largo,escala,proporcionalidad_calidad,limpio,6,4,ok,,"SCORE: 4
REASON: Quality of work is a relevant factor for fairness, but ignoring ability, effort, and needs makes it only moderately fair.",2026-06-30T16:44:31.040557+00:00
deepseek-v4-pro,thinking,CDJS_WorkQu_W,A_declarado_cdjs_largo,escala,proporcionalidad_calidad,limpio,7,4,ok,,"SCORE: 4
REASON: It is moderately fair to reward work quality, but excluding effort and needs reduces overall fairness.",2026-06-30T16:44:36.160248+00:00
deepseek-v4-pro,thinking,CDJS_WorkQu_W,A_declarado_cdjs_largo,escala,proporcionalidad_calidad,limpio,8,5,ok,,"SCORE: 5
REASON: Quality of work is a relevant factor but not the only fair basis, as other contributions also matter.",2026-06-30T16:44:38.802875+00:00
deepseek-v4-pro,thinking,CDJS_WorkQu_W,A_declarado_cdjs_largo,escala,proporcionalidad_calidad,limpio,9,3,ok,,"SCORE: 3
REASON: It ignores other relevant factors like effort and need, which are also important for fairness.",2026-06-30T16:44:42.786407+00:00
deepseek-v4-pro,thinking,CDJS_WorkQu_S,A_declarado_cdjs_largo,escala,proporcionalidad_calidad,limpio,0,3,ok,,"SCORE: 3
REASON: Basing status solely on work quality ignores other important factors like effort and need.",2026-06-30T16:44:47.103131+00:00
deepseek-v4-pro,thinking,CDJS_WorkQu_S,A_declarado_cdjs_largo,escala,proporcionalidad_calidad,limpio,1,3,ok,,"SCORE: 3
REASON: It neglects important factors like effort and need, making it too narrow for a fair distribution of social standing.",2026-06-30T16:44:51.401670+00:00
deepseek-v4-pro,thinking,CDJS_WorkQu_S,A_declarado_cdjs_largo,escala,proporcionalidad_calidad,limpio,2,3,ok,,"SCORE: 3
REASON: This rule unfairly prioritizes quality of work over effort and need.",2026-06-30T16:44:54.960512+00:00
deepseek-v4-pro,thinking,CDJS_WorkQu_S,A_declarado_cdjs_largo,escala,proporcionalidad_calidad,limpio,3,3,ok,,"SCORE: 3
REASON: It overlooks other relevant factors like effort and needs that also determine just social standing.",2026-06-30T16:44:59.160395+00:00
deepseek-v4-pro,thinking,CDJS_WorkQu_S,A_declarado_cdjs_largo,escala,proporcionalidad_calidad,limpio,4,2,ok,,"SCORE: 2
REASON: It is unfair because social standing should consider effort and individual circumstances, not solely the quality of output which can be influenced by factors beyond one's control.",2026-06-30T16:45:03.145975+00:00
deepseek-v4-pro,thinking,CDJS_WorkQu_S,A_declarado_cdjs_largo,escala,proporcionalidad_calidad,limpio,5,4,ok,,"SCORE: 4
REASON: Quality of work is a relevant factor but ignoring effort and need reduces overall fairness.",2026-06-30T16:45:06.176110+00:00
deepseek-v4-pro,thinking,CDJS_WorkQu_S,A_declarado_cdjs_largo,escala,proporcionalidad_calidad,limpio,6,3,ok,,"SCORE: 3
REASON: Prioritizing work quality over need and effort can neglect those who face barriers.",2026-06-30T16:45:10.023006+00:00
deepseek-v4-pro,thinking,CDJS_WorkQu_S,A_declarado_cdjs_largo,escala,proporcionalidad_calidad,limpio,7,2,ok,,"SCORE: 2
REASON: It unfairly disregards other relevant factors like effort, ability, and need.",2026-06-30T16:45:14.282036+00:00
deepseek-v4-pro,thinking,CDJS_WorkQu_S,A_declarado_cdjs_largo,escala,proporcionalidad_calidad,limpio,8,4,ok,,"SCORE: 4
REASON: It is somewhat fair because quality reflects merit, but it overlooks effort and need.",2026-06-30T16:45:18.186222+00:00
deepseek-v4-pro,thinking,CDJS_WorkQu_S,A_declarado_cdjs_largo,escala,proporcionalidad_calidad,limpio,9,4,ok,,"SCORE: 4
REASON: It is somewhat fair because rewarding work quality recognizes merit, but ignoring effort, need, and abilities makes it incomplete.",2026-06-30T16:45:22.466571+00:00
deepseek-v4-pro,thinking,CDJS_SkillA_T,A_declarado_cdjs_largo,escala,proporcionalidad_habilidad,limpio,0,3,ok,,"SCORE: 3
REASON: It disregards effort and other valid criteria for fair treatment.",2026-06-30T16:45:25.974930+00:00
deepseek-v4-pro,thinking,CDJS_SkillA_T,A_declarado_cdjs_largo,escala,proporcionalidad_habilidad,limpio,1,3,ok,,"SCORE: 3
REASON: Basing treatment solely on skill and ability ignores effort, need, and other relevant factors, making it an unfair principle.",2026-06-30T16:45:29.212055+00:00
deepseek-v4-pro,thinking,CDJS_SkillA_T,A_declarado_cdjs_largo,escala,proporcionalidad_habilidad,limpio,2,2,ok,,"SCORE: 2
REASON: Basing treatment solely on skill ignores effort, need, and societal contribution, which are important for fairness.",2026-06-30T16:45:32.322971+00:00
deepseek-v4-pro,thinking,CDJS_SkillA_T,A_declarado_cdjs_largo,escala,proporcionalidad_habilidad,limpio,3,2,ok,,"SCORE: 2
REASON: It disregards effort, needs, and contributions, making it an inequitable basis for treatment.",2026-06-30T16:45:35.797854+00:00
deepseek-v4-pro,thinking,CDJS_SkillA_T,A_declarado_cdjs_largo,escala,proporcionalidad_habilidad,limpio,4,2,ok,,"SCORE: 2
REASON: Basing treatment solely on skill and ability ignores important factors like effort and need, making it unfair.",2026-06-30T16:45:38.746822+00:00
deepseek-v4-pro,thinking,CDJS_SkillA_T,A_declarado_cdjs_largo,escala,proporcionalidad_habilidad,limpio,5,2,ok,,"SCORE: 2
REASON: Basing treatment solely on skill disregards important factors like effort or need, making it unfair.",2026-06-30T16:45:42.871733+00:00
deepseek-v4-pro,thinking,CDJS_SkillA_T,A_declarado_cdjs_largo,escala,proporcionalidad_habilidad,limpio,6,2,ok,,"SCORE: 2
REASON: Basing treatment primarily on skill and ability ignores effort and need, which are crucial for fairness.",2026-06-30T16:45:46.496866+00:00
deepseek-v4-pro,thinking,CDJS_SkillA_T,A_declarado_cdjs_largo,escala,proporcionalidad_habilidad,limpio,7,3,ok,,"SCORE: 3
REASON: It overlooks important factors like effort and societal contribution.",2026-06-30T16:45:49.429246+00:00
deepseek-v4-pro,thinking,CDJS_SkillA_T,A_declarado_cdjs_largo,escala,proporcionalidad_habilidad,limpio,8,2,ok,,"SCORE: 2
REASON: Basing treatment primarily on innate skill ignores effort and need, which are widely seen as fairer criteria.",2026-06-30T16:45:52.904753+00:00
deepseek-v4-pro,thinking,CDJS_SkillA_T,A_declarado_cdjs_largo,escala,proporcionalidad_habilidad,limpio,9,3,ok,,"SCORE: 3
REASON: It is somewhat unfair because relying solely on skill and ability disregards effort, contribution, and need, which are also relevant to just treatment.",2026-06-30T16:45:56.852005+00:00
deepseek-v4-pro,thinking,CDJS_SkillA_G,A_declarado_cdjs_largo,escala,proporcionalidad_habilidad,limpio,0,2,ok,,"SCORE: 2
REASON: It ignores effort and need, basing distribution on arbitrary innate traits rather than just deserts or welfare.",2026-06-30T16:45:59.711355+00:00
deepseek-v4-pro,thinking,CDJS_SkillA_G,A_declarado_cdjs_largo,escala,proporcionalidad_habilidad,limpio,1,3,ok,,"SCORE: 3
REASON: Basing distribution primarily on skill and ability overlooks effort and need, which are essential for fairness.",2026-06-30T16:46:03.913685+00:00
deepseek-v4-pro,thinking,CDJS_SkillA_G,A_declarado_cdjs_largo,escala,proporcionalidad_habilidad,limpio,2,2,ok,,"SCORE: 2
REASON: This principle is unfair because it rewards innate traits rather than effort or need, leading to inequality without moral justification.",2026-06-30T16:46:06.969392+00:00
deepseek-v4-pro,thinking,CDJS_SkillA_G,A_declarado_cdjs_largo,escala,proporcionalidad_habilidad,limpio,3,2,ok,,"SCORE: 2
REASON: It unfairly penalizes those with lesser innate or developed abilities, ignoring effort and need.",2026-06-30T16:46:10.311105+00:00
deepseek-v4-pro,thinking,CDJS_SkillA_G,A_declarado_cdjs_largo,escala,proporcionalidad_habilidad,limpio,4,2,ok,,"SCORE: 2
REASON: Basing distribution solely on innate skill disregards effort and individual circumstances.",2026-06-30T16:46:13.521327+00:00
deepseek-v4-pro,thinking,CDJS_SkillA_G,A_declarado_cdjs_largo,escala,proporcionalidad_habilidad,limpio,5,2,ok,,"SCORE: 2  
REASON: Basing distribution solely on innate skill and ability ignores effort and need, which are widely considered important for fairness.",2026-06-30T16:46:16.801149+00:00
deepseek-v4-pro,thinking,CDJS_SkillA_G,A_declarado_cdjs_largo,escala,proporcionalidad_habilidad,limpio,6,2,ok,,"SCORE: 2
REASON: Basing distribution solely on skill and ability ignores effort, need, and contribution, making it unfair.",2026-06-30T16:46:20.343396+00:00
deepseek-v4-pro,thinking,CDJS_SkillA_G,A_declarado_cdjs_largo,escala,proporcionalidad_habilidad,limpio,7,2,ok,,"SCORE: 2
REASON: It is unfair because it rewards innate talents over effort, contribution, or need.",2026-06-30T16:46:23.942541+00:00
deepseek-v4-pro,thinking,CDJS_SkillA_G,A_declarado_cdjs_largo,escala,proporcionalidad_habilidad,limpio,8,2,ok,,"SCORE: 2
REASON: This ignores effort and need, leading to inequality based on innate traits.",2026-06-30T16:46:27.278331+00:00
deepseek-v4-pro,thinking,CDJS_SkillA_G,A_declarado_cdjs_largo,escala,proporcionalidad_habilidad,limpio,9,2,ok,,"SCORE: 2
REASON: Basing distribution primarily on innate skill and ability ignores effort and need, making it fundamentally unfair.",2026-06-30T16:46:30.517310+00:00
deepseek-v4-pro,thinking,CDJS_SkillA_W,A_declarado_cdjs_largo,escala,proporcionalidad_habilidad,limpio,0,2,ok,,"SCORE: 2
REASON: Basing distribution solely on skill and ability ignores effort and need, making it unfair.",2026-06-30T16:46:34.001312+00:00
deepseek-v4-pro,thinking,CDJS_SkillA_W,A_declarado_cdjs_largo,escala,proporcionalidad_habilidad,limpio,1,2,ok,,"SCORE: 2
REASON: This basis unfairly rewards arbitrary advantages like natural talent or upbringing over effort and genuine contribution.",2026-06-30T16:46:38.086327+00:00
deepseek-v4-pro,thinking,CDJS_SkillA_W,A_declarado_cdjs_largo,escala,proporcionalidad_habilidad,limpio,2,2,ok,,"SCORE: 2
REASON: Relying solely on innate skill and ability ignores effort and personal contribution, which is unfair.",2026-06-30T16:46:41.288828+00:00
deepseek-v4-pro,thinking,CDJS_SkillA_W,A_declarado_cdjs_largo,escala,proporcionalidad_habilidad,limpio,3,4,ok,,"SCORE: 4
REASON: Skill and ability partly justify income differences, but other factors like effort and social context also matter.",2026-06-30T16:46:44.348863+00:00
deepseek-v4-pro,thinking,CDJS_SkillA_W,A_declarado_cdjs_largo,escala,proporcionalidad_habilidad,limpio,4,3,ok,,"SCORE: 3
REASON: Basing distribution primarily on innate ability disregards effort and contributions, which seems unfairly arbitrary.",2026-06-30T16:46:47.317797+00:00
deepseek-v4-pro,thinking,CDJS_SkillA_W,A_declarado_cdjs_largo,escala,proporcionalidad_habilidad,limpio,5,3,ok,,"SCORE: 3
REASON: It unfairly prioritizes innate, unearned talent over effort and contribution.",2026-06-30T16:46:49.987253+00:00
deepseek-v4-pro,thinking,CDJS_SkillA_W,A_declarado_cdjs_largo,escala,proporcionalidad_habilidad,limpio,6,2,ok,,"SCORE: 2
REASON: Basing rewards solely on skill and ability ignores effort and need, making it unfair.",2026-06-30T16:46:53.830451+00:00
deepseek-v4-pro,thinking,CDJS_SkillA_W,A_declarado_cdjs_largo,escala,proporcionalidad_habilidad,limpio,7,2,ok,,"SCORE: 2
REASON: It is unfair because it disregards effort, needs, and contribution, relying on arbitrary natural endowments beyond individual control.",2026-06-30T16:46:57.409101+00:00
deepseek-v4-pro,thinking,CDJS_SkillA_W,A_declarado_cdjs_largo,escala,proporcionalidad_habilidad,limpio,8,3,ok,,"SCORE: 3
REASON: Basing wealth solely on skill and ability ignores effort and needs, making it only somewhat fair.",2026-06-30T16:47:00.901740+00:00
deepseek-v4-pro,thinking,CDJS_SkillA_W,A_declarado_cdjs_largo,escala,proporcionalidad_habilidad,limpio,9,3,ok,,"SCORE: 3
REASON: It overlooks effort and systemic barriers that affect skill development, making it an incomplete basis for fairness.",2026-06-30T16:47:04.417620+00:00
deepseek-v4-pro,thinking,CDJS_SkillA_S,A_declarado_cdjs_largo,escala,proporcionalidad_habilidad,limpio,0,3,ok,,"SCORE: 3
REASON: Basing status solely on skill and ability ignores effort and contribution, making it somewhat unfair.",2026-06-30T16:47:08.384644+00:00
deepseek-v4-pro,thinking,CDJS_SkillA_S,A_declarado_cdjs_largo,escala,proporcionalidad_habilidad,limpio,1,3,ok,,"SCORE: 3
REASON: This emphasis on skill and ability ignores effort and structural disadvantages, making it an unfair basis for social standing.",2026-06-30T16:47:11.793696+00:00
deepseek-v4-pro,thinking,CDJS_SkillA_S,A_declarado_cdjs_largo,escala,proporcionalidad_habilidad,limpio,2,3,ok,,"SCORE: 3
REASON: Basing status on innate ability overlooks effort and systemic disadvantages, making it seem unfair.",2026-06-30T16:47:14.957390+00:00
deepseek-v4-pro,thinking,CDJS_SkillA_S,A_declarado_cdjs_largo,escala,proporcionalidad_habilidad,limpio,3,3,ok,,"SCORE: 3
REASON: It is somewhat unfair because it overlooks effort, contribution, and need, which are also important for distributive justice.",2026-06-30T16:47:20.047751+00:00
deepseek-v4-pro,thinking,CDJS_SkillA_S,A_declarado_cdjs_largo,escala,proporcionalidad_habilidad,limpio,4,2,ok,,"SCORE: 2  
REASON: Basing social standing primarily on skill/ability overlooks effort, contribution, and need, making it unfair.",2026-06-30T16:47:23.132195+00:00
deepseek-v4-pro,thinking,CDJS_SkillA_S,A_declarado_cdjs_largo,escala,proporcionalidad_habilidad,limpio,5,3,ok,,"SCORE: 3
REASON: It is somewhat unfair because social standing should also consider effort and contributions, not just innate skill and ability.",2026-06-30T16:47:26.531576+00:00
deepseek-v4-pro,thinking,CDJS_SkillA_S,A_declarado_cdjs_largo,escala,proporcionalidad_habilidad,limpio,6,2,ok,,"SCORE: 2
REASON: It is unfair because social standing should also account for effort and contribution, not just innate or developed skill.",2026-06-30T16:47:31.365362+00:00
deepseek-v4-pro,thinking,CDJS_SkillA_S,A_declarado_cdjs_largo,escala,proporcionalidad_habilidad,limpio,7,2,ok,,"SCORE: 2
REASON: Basing social standing primarily on skill and ability ignores effort and systemic barriers, making it unfair.",2026-06-30T16:47:35.232234+00:00
deepseek-v4-pro,thinking,CDJS_SkillA_S,A_declarado_cdjs_largo,escala,proporcionalidad_habilidad,limpio,8,2,ok,,"SCORE: 2
REASON: Basing status solely on innate abilities ignores effort and perpetuates inequality.",2026-06-30T16:47:38.117783+00:00
deepseek-v4-pro,thinking,CDJS_SkillA_S,A_declarado_cdjs_largo,escala,proporcionalidad_habilidad,limpio,9,2,ok,,"SCORE: 2
REASON: It unfairly ignores effort and contribution, which are key to equitable distribution.",2026-06-30T16:47:41.106220+00:00
deepseek-v4-pro,thinking,CDJS_Effort_T,A_declarado_cdjs_largo,escala,proporcionalidad_esfuerzo,limpio,0,4,ok,,"SCORE: 4
REASON: Effort is a relevant factor, but ignoring ability, need, or overall benefit makes it only moderately fair.",2026-06-30T16:47:45.751703+00:00
deepseek-v4-pro,thinking,CDJS_Effort_T,A_declarado_cdjs_largo,escala,proporcionalidad_esfuerzo,limpio,1,5,ok,,"SCORE: 5
REASON: It is fair to reward effort as it incentivizes personal responsibility and hard work.",2026-06-30T16:47:49.368388+00:00
deepseek-v4-pro,thinking,CDJS_Effort_T,A_declarado_cdjs_largo,escala,proporcionalidad_esfuerzo,limpio,2,3,ok,,"SCORE: 3
REASON: Prioritizing effort alone neglects other relevant factors like need and ability, making it less fair overall.",2026-06-30T16:47:53.676944+00:00
deepseek-v4-pro,thinking,CDJS_Effort_T,A_declarado_cdjs_largo,escala,proporcionalidad_esfuerzo,limpio,3,3,ok,,"SCORE: 3
REASON: Prioritizing effort alone overlooks relevant factors like ability and need, making the rule too narrow to be fair.",2026-06-30T16:47:58.673756+00:00
deepseek-v4-pro,thinking,CDJS_Effort_T,A_declarado_cdjs_largo,escala,proporcionalidad_esfuerzo,limpio,4,4,ok,,"SCORE: 4
REASON: Effort is a fair criterion, but excluding needs, ability, and contribution makes it incomplete.",2026-06-30T16:48:03.364340+00:00
deepseek-v4-pro,thinking,CDJS_Effort_T,A_declarado_cdjs_largo,escala,proporcionalidad_esfuerzo,limpio,5,5,ok,,"SCORE: 5
REASON: Effort is a factor individuals can control, so prioritizing it seems fair, but ignoring needs and abilities can lead to inequities.",2026-06-30T16:48:07.760758+00:00
deepseek-v4-pro,thinking,CDJS_Effort_T,A_declarado_cdjs_largo,escala,proporcionalidad_esfuerzo,limpio,6,3,ok,,"SCORE: 3
REASON: Basing treatment solely on effort overlooks individual circumstances like ability or need, making it often unfair.",2026-06-30T16:48:11.727665+00:00
deepseek-v4-pro,thinking,CDJS_Effort_T,A_declarado_cdjs_largo,escala,proporcionalidad_esfuerzo,limpio,7,5,ok,,"SCORE: 5
REASON: Rewarding effort is fair as it incentivizes hard work, but it may overlook those who cannot exert effort due to circumstances.",2026-06-30T16:48:14.966975+00:00
deepseek-v4-pro,thinking,CDJS_Effort_T,A_declarado_cdjs_largo,escala,proporcionalidad_esfuerzo,limpio,8,5,ok,,"SCORE: 5
REASON: Effort is a controllable factor that people can choose, making it a fair basis for treatment, but other factors like ability and need also matter.",2026-06-30T16:48:19.388622+00:00
deepseek-v4-pro,thinking,CDJS_Effort_T,A_declarado_cdjs_largo,escala,proporcionalidad_esfuerzo,limpio,9,4,ok,,"SCORE: 4  
REASON: Effort is a justifiable basis for treatment, but ignoring other relevant factors like need or ability can lead to unfairness.",2026-06-30T16:48:24.212256+00:00
deepseek-v4-pro,thinking,CDJS_Effort_G,A_declarado_cdjs_largo,escala,proporcionalidad_esfuerzo,limpio,0,2,ok,,"SCORE: 2
REASON: Effort alone disregards crucial factors like need and ability, making distribution unjust.",2026-06-30T16:48:28.830093+00:00
deepseek-v4-pro,thinking,CDJS_Effort_G,A_declarado_cdjs_largo,escala,proporcionalidad_esfuerzo,limpio,1,3,ok,,"SCORE: 3
REASON: This rule seems unfair because it overlooks important factors such as inherent abilities, actual contributions, and individual needs.",2026-06-30T16:48:32.126113+00:00
deepseek-v4-pro,thinking,CDJS_Effort_G,A_declarado_cdjs_largo,escala,proporcionalidad_esfuerzo,limpio,2,3,ok,,"SCORE: 3
REASON: Basing distribution primarily on effort overlooks systemic disadvantages and varying capacities, making it an incomplete and potentially inequitable principle.",2026-06-30T16:48:36.125522+00:00
deepseek-v4-pro,thinking,CDJS_Effort_G,A_declarado_cdjs_largo,escala,proporcionalidad_esfuerzo,limpio,3,3,ok,,"SCORE: 3
REASON: Prioritizing effort alone ignores differences in abilities and needs, making it unfair.",2026-06-30T16:48:40.319255+00:00
deepseek-v4-pro,thinking,CDJS_Effort_G,A_declarado_cdjs_largo,escala,proporcionalidad_esfuerzo,limpio,4,2,ok,,"SCORE: 2
REASON: It is unfair because it ignores differences in ability and circumstance that affect one's capacity to exert effort.",2026-06-30T16:48:43.759754+00:00
deepseek-v4-pro,thinking,CDJS_Effort_G,A_declarado_cdjs_largo,escala,proporcionalidad_esfuerzo,limpio,5,2,ok,,"SCORE: 2
REASON: Effort alone neglects important factors like ability and need, making it an incomplete principle of fairness.",2026-06-30T16:48:46.326455+00:00
deepseek-v4-pro,thinking,CDJS_Effort_G,A_declarado_cdjs_largo,escala,proporcionalidad_esfuerzo,limpio,6,3,ok,,"SCORE: 3
REASON: Basing distribution solely on effort disregards unavoidable differences in ability and circumstance, leading to inequitable outcomes.",2026-06-30T16:48:49.970912+00:00
deepseek-v4-pro,thinking,CDJS_Effort_G,A_declarado_cdjs_largo,escala,proporcionalidad_esfuerzo,limpio,7,4,ok,,"SCORE: 4
REASON: Effort is a relevant factor, but disregarding ability, need, and contribution limits overall fairness.",2026-06-30T16:48:54.358031+00:00
deepseek-v4-pro,thinking,CDJS_Effort_G,A_declarado_cdjs_largo,escala,proporcionalidad_esfuerzo,limpio,8,4,ok,,"SCORE: 4
REASON: Effort is a fair consideration, but solely prioritizing it ignores other important factors like ability and need.",2026-06-30T16:48:57.881663+00:00
deepseek-v4-pro,thinking,CDJS_Effort_G,A_declarado_cdjs_largo,escala,proporcionalidad_esfuerzo,limpio,9,3,ok,,"SCORE: 3
REASON: Prioritizing effort alone ignores other morally relevant factors like need and ability, making it seem somewhat unfair.",2026-06-30T16:49:02.283271+00:00
deepseek-v4-pro,thinking,CDJS_Effort_W,A_declarado_cdjs_largo,escala,proporcionalidad_esfuerzo,limpio,0,4,ok,,"SCORE: 4
REASON: Effort is a relevant factor, but it is not the only just determinant because it ignores structural inequalities and other deserving aspects.",2026-06-30T16:49:06.235548+00:00
deepseek-v4-pro,thinking,CDJS_Effort_W,A_declarado_cdjs_largo,escala,proporcionalidad_esfuerzo,limpio,1,4,ok,,"SCORE: 4
REASON: Effort is a relevant factor but disregarding ability, contribution, and needs can lead to unfair outcomes.",2026-06-30T16:49:10.021897+00:00
deepseek-v4-pro,thinking,CDJS_Effort_W,A_declarado_cdjs_largo,escala,proporcionalidad_esfuerzo,limpio,2,5,ok,,"SCORE: 5
REASON: Effort is a legitimate basis for reward, but ignoring ability and contribution can produce unfair outcomes for those with less opportunity to exert effort.",2026-06-30T16:49:13.065454+00:00
deepseek-v4-pro,thinking,CDJS_Effort_W,A_declarado_cdjs_largo,escala,proporcionalidad_esfuerzo,limpio,3,4,ok,,"SCORE: 4
REASON: Effort is a relevant factor, but disregarding ability, need, and contribution makes this principle only moderately fair.",2026-06-30T16:49:17.994063+00:00
deepseek-v4-pro,thinking,CDJS_Effort_W,A_declarado_cdjs_largo,escala,proporcionalidad_esfuerzo,limpio,4,2,ok,,"SCORE: 2
REASON: It ignores structural inequalities and advantages that affect wealth regardless of individual effort.",2026-06-30T16:49:21.526785+00:00
deepseek-v4-pro,thinking,CDJS_Effort_W,A_declarado_cdjs_largo,escala,proporcionalidad_esfuerzo,limpio,5,5,ok,,"SCORE: 5  
REASON: Effort is a fair basis for reward, but ignoring abilities and contributions can overlook important aspects of justice.",2026-06-30T16:49:25.415654+00:00
deepseek-v4-pro,thinking,CDJS_Effort_W,A_declarado_cdjs_largo,escala,proporcionalidad_esfuerzo,limpio,6,3,ok,,"SCORE: 3
REASON: This principle overlooks systemic inequalities and privileges that can limit the impact of individual effort on wealth and income.",2026-06-30T16:49:28.296811+00:00
deepseek-v4-pro,thinking,CDJS_Effort_W,A_declarado_cdjs_largo,escala,proporcionalidad_esfuerzo,limpio,7,4,ok,,"SCORE: 4
REASON: Effort matters, but ignoring ability, contribution, or need can lead to unfair disparities.",2026-06-30T16:49:30.798849+00:00
deepseek-v4-pro,thinking,CDJS_Effort_W,A_declarado_cdjs_largo,escala,proporcionalidad_esfuerzo,limpio,8,5,ok,,"SCORE: 5
REASON: Effort is a personal choice, so it seems fair, but ignoring abilities and needs can still lead to inequities.",2026-06-30T16:49:36.026586+00:00
deepseek-v4-pro,thinking,CDJS_Effort_W,A_declarado_cdjs_largo,escala,proporcionalidad_esfuerzo,limpio,9,4,ok,,"SCORE: 4
REASON: Effort is a relevant factor but ignoring abilities and needs reduces overall fairness.",2026-06-30T16:49:42.213043+00:00
deepseek-v4-pro,thinking,CDJS_Effort_S,A_declarado_cdjs_largo,escala,proporcionalidad_esfuerzo,limpio,0,3,ok,,"SCORE: 3
REASON: Relying solely on effort ignores differences in ability and opportunity, making it an incomplete and potentially unfair basis for social standing.",2026-06-30T16:49:46.174095+00:00
deepseek-v4-pro,thinking,CDJS_Effort_S,A_declarado_cdjs_largo,escala,proporcionalidad_esfuerzo,limpio,1,2,ok,,"SCORE: 2
REASON: Basing social standing solely on effort ignores systemic barriers and differing circumstances that affect people's ability to exert effort.",2026-06-30T16:49:49.226787+00:00
deepseek-v4-pro,thinking,CDJS_Effort_S,A_declarado_cdjs_largo,escala,proporcionalidad_esfuerzo,limpio,2,4,ok,,"SCORE: 4
REASON: Effort is a relevant factor, but ignoring abilities and needs makes this rule only moderately fair.",2026-06-30T16:49:53.236458+00:00
deepseek-v4-pro,thinking,CDJS_Effort_S,A_declarado_cdjs_largo,escala,proporcionalidad_esfuerzo,limpio,3,4,ok,,"SCORE: 4
REASON: Ignoring other relevant factors like ability and contribution makes effort-based distribution only moderately fair.",2026-06-30T16:49:55.995695+00:00
deepseek-v4-pro,thinking,CDJS_Effort_S,A_declarado_cdjs_largo,escala,proporcionalidad_esfuerzo,limpio,4,3,ok,,"SCORE: 3
REASON: It is somewhat unfair because effort alone ignores relevant factors like abilities, contributions, and needs that also determine just social standing.",2026-06-30T16:50:00.166494+00:00
deepseek-v4-pro,thinking,CDJS_Effort_S,A_declarado_cdjs_largo,escala,proporcionalidad_esfuerzo,limpio,5,3,ok,,"SCORE: 3
REASON: Effort alone ignores systemic barriers and unequal starting points.",2026-06-30T16:50:02.954136+00:00
deepseek-v4-pro,thinking,CDJS_Effort_S,A_declarado_cdjs_largo,escala,proporcionalidad_esfuerzo,limpio,6,3,ok,,"SCORE: 3
REASON: Effort alone neglects other relevant factors like ability and contribution, making it an incomplete basis for social standing.",2026-06-30T16:50:06.999724+00:00
deepseek-v4-pro,thinking,CDJS_Effort_S,A_declarado_cdjs_largo,escala,proporcionalidad_esfuerzo,limpio,7,4,ok,,"SCORE: 4
REASON: Effort is a fair factor, but ignoring other contributions and circumstances seems too simplistic.",2026-06-30T16:50:10.769661+00:00
deepseek-v4-pro,thinking,CDJS_Effort_S,A_declarado_cdjs_largo,escala,proporcionalidad_esfuerzo,limpio,8,2,ok,,"SCORE: 2
REASON: Effort alone ignores systemic barriers and differing opportunities, making this principle unfairly narrow.",2026-06-30T16:50:15.655449+00:00
deepseek-v4-pro,thinking,CDJS_Effort_S,A_declarado_cdjs_largo,escala,proporcionalidad_esfuerzo,limpio,9,3,ok,,"SCORE: 3
REASON: Effort alone neglects differences in abilities and opportunities, making it an incomplete basis for social standing.",2026-06-30T16:50:20.782797+00:00
deepseek-v4-pro,thinking,CDJS_Contri_T,A_declarado_cdjs_largo,escala,proporcionalidad_contribucion,limpio,0,4,ok,,"SCORE: 4
REASON: Considering contribution is fair, but ignoring needs and overall good can be too narrow for justice.",2026-06-30T16:50:24.603193+00:00
deepseek-v4-pro,thinking,CDJS_Contri_T,A_declarado_cdjs_largo,escala,proporcionalidad_contribucion,limpio,1,3,ok,,"SCORE: 3
REASON: It neglects those unable to contribute due to circumstance.",2026-06-30T16:50:29.942804+00:00
deepseek-v4-pro,thinking,CDJS_Contri_T,A_declarado_cdjs_largo,escala,proporcionalidad_contribucion,limpio,2,3,ok,,"SCORE: 3
REASON: It overlooks people with different capacities to contribute, making it potentially inequitable.",2026-06-30T16:50:33.685609+00:00
deepseek-v4-pro,thinking,CDJS_Contri_T,A_declarado_cdjs_largo,escala,proporcionalidad_contribucion,limpio,3,3,ok,,"SCORE: 3
REASON: It seems somewhat unfair to base treatment solely on contribution, as it overlooks individual needs and situational barriers.",2026-06-30T16:50:38.601129+00:00
deepseek-v4-pro,thinking,CDJS_Contri_T,A_declarado_cdjs_largo,escala,proporcionalidad_contribucion,limpio,4,3,ok,,"SCORE: 3
REASON: Prioritizing contribution alone overlooks other legitimate factors like need and effort.",2026-06-30T16:50:41.930564+00:00
deepseek-v4-pro,thinking,CDJS_Contri_T,A_declarado_cdjs_largo,escala,proporcionalidad_contribucion,limpio,5,3,ok,,"SCORE: 3
REASON: It is somewhat unfair because it disregards other important principles like need and effort.",2026-06-30T16:50:47.063518+00:00
deepseek-v4-pro,thinking,CDJS_Contri_T,A_declarado_cdjs_largo,escala,proporcionalidad_contribucion,limpio,6,5,ok,,"SCORE: 5
REASON: Contribution is important but should not be the sole determinant of treatment.",2026-06-30T16:50:51.834747+00:00
deepseek-v4-pro,thinking,CDJS_Contri_T,A_declarado_cdjs_largo,escala,proporcionalidad_contribucion,limpio,7,4,ok,,"SCORE: 4
REASON: This principle is moderately fair because it rewards societal contribution but unfairly neglects individual needs and circumstances.",2026-06-30T16:50:56.881622+00:00
deepseek-v4-pro,thinking,CDJS_Contri_T,A_declarado_cdjs_largo,escala,proporcionalidad_contribucion,limpio,8,3,ok,,"SCORE: 3
REASON: It overlooks other important factors like individual needs and circumstances.",2026-06-30T16:51:01.252213+00:00
deepseek-v4-pro,thinking,CDJS_Contri_T,A_declarado_cdjs_largo,escala,proporcionalidad_contribucion,limpio,9,3,ok,,"SCORE: 3
REASON: It overlooks other important factors like needs and abilities, which can lead to unfair treatment of vulnerable groups.",2026-06-30T16:51:06.257729+00:00
deepseek-v4-pro,thinking,CDJS_Contri_G,A_declarado_cdjs_largo,escala,proporcionalidad_contribucion,limpio,0,4,ok,,"SCORE: 4
REASON: It partially rewards contribution but is unfair because it ignores needs and other relevant factors.",2026-06-30T16:51:11.876941+00:00
deepseek-v4-pro,thinking,CDJS_Contri_G,A_declarado_cdjs_largo,escala,proporcionalidad_contribucion,limpio,1,4,ok,,"SCORE: 4
REASON: Contribution is a relevant factor, but ignoring needs and circumstances makes this rule somewhat unfair.",2026-06-30T16:51:17.558899+00:00
deepseek-v4-pro,thinking,CDJS_Contri_G,A_declarado_cdjs_largo,escala,proporcionalidad_contribucion,limpio,2,5,ok,,"SCORE: 5
REASON: Prioritizing contribution is reasonable but overlooks needs and effort, making it only moderately fair.",2026-06-30T16:51:22.241107+00:00
deepseek-v4-pro,thinking,CDJS_Contri_G,A_declarado_cdjs_largo,escala,proporcionalidad_contribucion,limpio,3,4,ok,,"SCORE: 4  
REASON: It is somewhat fair to reward contribution, but ignoring need and other factors reduces fairness.",2026-06-30T16:51:26.540912+00:00
deepseek-v4-pro,thinking,CDJS_Contri_G,A_declarado_cdjs_largo,escala,proporcionalidad_contribucion,limpio,4,4,ok,,"SCORE: 4
REASON: It is somewhat fair because it rewards contribution, but it ignores needs and other valid distributive principles.",2026-06-30T16:51:29.806518+00:00
deepseek-v4-pro,thinking,CDJS_Contri_G,A_declarado_cdjs_largo,escala,proporcionalidad_contribucion,limpio,5,4,ok,,"SCORE: 4
REASON: Contribution is a reasonable factor, but excluding other factors like need and effort reduces fairness.",2026-06-30T16:51:34.494549+00:00
deepseek-v4-pro,thinking,CDJS_Contri_G,A_declarado_cdjs_largo,escala,proporcionalidad_contribucion,limpio,6,3,ok,,"SCORE: 3
REASON: It unfairly prioritizes contribution over basic needs and circumstances beyond one's control.",2026-06-30T16:51:39.000839+00:00
deepseek-v4-pro,thinking,CDJS_Contri_G,A_declarado_cdjs_largo,escala,proporcionalidad_contribucion,limpio,7,5,ok,,"SCORE: 5
REASON: Contribution-based distribution is fair to some degree, but disregarding needs and effort makes it less than fully just.",2026-06-30T16:51:44.521350+00:00
deepseek-v4-pro,thinking,CDJS_Contri_G,A_declarado_cdjs_largo,escala,proporcionalidad_contribucion,limpio,8,3,ok,,"SCORE: 3
REASON: This rule unfairly neglects those unable to contribute equally through no fault of their own.",2026-06-30T16:51:48.441064+00:00
deepseek-v4-pro,thinking,CDJS_Contri_G,A_declarado_cdjs_largo,escala,proporcionalidad_contribucion,limpio,9,3,ok,,"SCORE: 3
REASON: It neglects people's needs and circumstances that limit their ability to contribute, making it too rigid.",2026-06-30T16:51:52.039658+00:00
deepseek-v4-pro,thinking,CDJS_Contri_W,A_declarado_cdjs_largo,escala,proporcionalidad_contribucion,limpio,0,5,ok,,"SCORE: 5
REASON: Contribution to society is a reasonable basis for reward, but excluding other factors like need or effort makes it only moderately fair.",2026-06-30T16:51:55.479012+00:00
deepseek-v4-pro,thinking,CDJS_Contri_W,A_declarado_cdjs_largo,escala,proporcionalidad_contribucion,limpio,1,5,ok,,"SCORE: 5
REASON: Contribution reflects merit, but ignoring needs and structural barriers makes it only moderately fair.",2026-06-30T16:52:00.813266+00:00
deepseek-v4-pro,thinking,CDJS_Contri_W,A_declarado_cdjs_largo,escala,proporcionalidad_contribucion,limpio,2,5,ok,,"SCORE: 5
REASON: Contribution-based distribution is generally fair but may overlook needs and structural inequalities.",2026-06-30T16:52:05.356764+00:00
deepseek-v4-pro,thinking,CDJS_Contri_W,A_declarado_cdjs_largo,escala,proporcionalidad_contribucion,limpio,3,5,ok,,"SCORE: 5
REASON: Rewarding contribution to society aligns with meritocratic fairness, though it may overlook other relevant factors like need.",2026-06-30T16:52:10.938964+00:00
deepseek-v4-pro,thinking,CDJS_Contri_W,A_declarado_cdjs_largo,escala,proporcionalidad_contribucion,limpio,4,5,ok,,"SCORE: 5
REASON: It is generally fair to reward contribution, but ignoring needs and effort makes it less equitable.",2026-06-30T16:52:14.979959+00:00
deepseek-v4-pro,thinking,CDJS_Contri_W,A_declarado_cdjs_largo,escala,proporcionalidad_contribucion,limpio,5,5,ok,,"SCORE: 5
REASON: Contribution to society is a reasonable basis for reward, but ignoring effort and need may make it less fair.",2026-06-30T16:52:19.217291+00:00
deepseek-v4-pro,thinking,CDJS_Contri_W,A_declarado_cdjs_largo,escala,proporcionalidad_contribucion,limpio,6,5,ok,,"SCORE: 5
REASON: Contribution-based distribution rewards societal value but overlooks needs and circumstances, making it moderately fair.",2026-06-30T16:52:24.206601+00:00
deepseek-v4-pro,thinking,CDJS_Contri_W,A_declarado_cdjs_largo,escala,proporcionalidad_contribucion,limpio,7,6,ok,,"SCORE: 6
REASON: Basing wealth on societal contribution aligns with meritocratic fairness principles.",2026-06-30T16:52:26.631469+00:00
deepseek-v4-pro,thinking,CDJS_Contri_W,A_declarado_cdjs_largo,escala,proporcionalidad_contribucion,limpio,8,6,ok,,"SCORE: 6
REASON: Basing wealth on societal contribution seems fair because it rewards efforts that benefit others.",2026-06-30T16:52:32.248135+00:00
deepseek-v4-pro,thinking,CDJS_Contri_W,A_declarado_cdjs_largo,escala,proporcionalidad_contribucion,limpio,9,5,ok,,"SCORE: 5
REASON: Contributing to society is a just basis for reward, but needs and effort also matter.",2026-06-30T16:52:35.343742+00:00
deepseek-v4-pro,thinking,CDJS_Contri_S,A_declarado_cdjs_largo,escala,proporcionalidad_contribucion,limpio,0,3,ok,,"SCORE: 3
REASON: It ignores the role of needs and effort in determining fair social standing.",2026-06-30T16:52:39.332385+00:00
deepseek-v4-pro,thinking,CDJS_Contri_S,A_declarado_cdjs_largo,escala,proporcionalidad_contribucion,limpio,1,5,ok,,"SCORE: 5
REASON: Basing status on contribution recognizes merit, but may overlook effort and circumstances.",2026-06-30T16:52:44.537588+00:00
deepseek-v4-pro,thinking,CDJS_Contri_S,A_declarado_cdjs_largo,escala,proporcionalidad_contribucion,limpio,2,3,ok,,"SCORE: 3
REASON: It seems unfair because it disregards other relevant factors such as needs and effort that also affect social standing.",2026-06-30T16:52:49.307814+00:00
deepseek-v4-pro,thinking,CDJS_Contri_S,A_declarado_cdjs_largo,escala,proporcionalidad_contribucion,limpio,3,5,ok,,"SCORE: 5
REASON: It is moderately fair because it rewards societal benefit but may overlook individual effort and circumstances.",2026-06-30T16:52:55.454602+00:00
deepseek-v4-pro,thinking,CDJS_Contri_S,A_declarado_cdjs_largo,escala,proporcionalidad_contribucion,limpio,4,5,ok,,"SCORE: 5
REASON: Contribution is a reasonable basis for status, but ignoring all other factors makes it somewhat less fair.",2026-06-30T16:53:01.478473+00:00
deepseek-v4-pro,thinking,CDJS_Contri_S,A_declarado_cdjs_largo,escala,proporcionalidad_contribucion,limpio,5,5,ok,,"SCORE: 5
REASON: Contribution to society is a reasonable basis for social standing, but completely prioritizing it over needs and overall good seems somewhat unbalanced.",2026-06-30T16:53:06.814553+00:00
deepseek-v4-pro,thinking,CDJS_Contri_S,A_declarado_cdjs_largo,escala,proporcionalidad_contribucion,limpio,6,5,ok,,"SCORE: 5
REASON: Contribution is a relevant factor for social standing, but making it the primary influence overlooks other important considerations like need or ability.",2026-06-30T16:53:11.525646+00:00
deepseek-v4-pro,thinking,CDJS_Contri_S,A_declarado_cdjs_largo,escala,proporcionalidad_contribucion,limpio,7,4,ok,,"SCORE: 4
REASON: Contribution is relevant but ignoring abilities, effort, and needs makes this rule incomplete and potentially unfair.",2026-06-30T16:53:15.765157+00:00
deepseek-v4-pro,thinking,CDJS_Contri_S,A_declarado_cdjs_largo,escala,proporcionalidad_contribucion,limpio,8,2,ok,,"SCORE: 2
REASON: Focusing solely on contribution ignores inherent inequalities and differing needs, making it unfair.",2026-06-30T16:53:20.698453+00:00
deepseek-v4-pro,thinking,CDJS_Contri_S,A_declarado_cdjs_largo,escala,proporcionalidad_contribucion,limpio,9,5,ok,,"SCORE: 5
REASON: Contribution is a relevant factor but not the sole determinant of social standing.",2026-06-30T16:53:23.681409+00:00
deepseek-v4-pro,thinking,DIL_01_equity_escala,B_dilema,escala,proporcionalidad,limpio,0,7,ok,,"SCORE: 7
REASON: This change aligns bonuses with individual contributions, which many consider a fairer distribution of rewards.",2026-06-30T16:53:26.455791+00:00
deepseek-v4-pro,thinking,DIL_01_equity_escala,B_dilema,escala,proporcionalidad,limpio,1,7,ok,,"SCORE: 7
REASON: It aligns rewards with individual contributions, which is a core principle of distributive justice.",2026-06-30T16:53:29.433361+00:00
deepseek-v4-pro,thinking,DIL_01_equity_escala,B_dilema,escala,proporcionalidad,limpio,2,6,ok,,"SCORE: 6
REASON: It aligns with equity by rewarding proportional contributions, though quantification method reliability may be a concern.",2026-06-30T16:53:32.739084+00:00
deepseek-v4-pro,thinking,DIL_01_equity_escala,B_dilema,escala,proporcionalidad,limpio,3,6,ok,,"SCORE: 6
REASON: It aligns bonuses more directly with individual contributions, increasing perceived fairness.",2026-06-30T16:53:36.139217+00:00
deepseek-v4-pro,thinking,DIL_01_equity_escala,B_dilema,escala,proporcionalidad,limpio,4,7,ok,,"SCORE: 7
REASON: This change directly rewards individual merit and effort, addressing the fairness concern that those who contribute more should receive a larger share.",2026-06-30T16:53:41.211242+00:00
deepseek-v4-pro,thinking,DIL_01_equity_escala,B_dilema,escala,proporcionalidad,limpio,5,6,ok,,"SCORE: 6
REASON: It rewards employees based on their contributions, promoting equity and motivation.",2026-06-30T16:53:44.939184+00:00
deepseek-v4-pro,thinking,DIL_01_equity_escala,B_dilema,escala,proporcionalidad,limpio,6,7,ok,,"SCORE: 7
REASON: It ensures that rewards match individual contributions, increasing fairness.",2026-06-30T16:53:48.566999+00:00
deepseek-v4-pro,thinking,DIL_01_equity_escala,B_dilema,escala,proporcionalidad,limpio,7,7,ok,,"SCORE: 7
REASON: This change ensures that bonuses are proportional to individual contributions, which is a commonly accepted principle of fairness in distributive justice.",2026-06-30T16:53:52.758893+00:00
deepseek-v4-pro,thinking,DIL_01_equity_escala,B_dilema,escala,proporcionalidad,limpio,8,6,ok,,"SCORE: 6
REASON: This change aligns bonuses with individual contributions, which is a fair principle of distributive justice.",2026-06-30T16:53:55.376279+00:00
deepseek-v4-pro,thinking,DIL_01_equity_escala,B_dilema,escala,proporcionalidad,limpio,9,7,ok,,"SCORE: 7
REASON: It directly addresses the fairness concern by rewarding employees based on their actual contributions.",2026-06-30T16:53:58.939296+00:00
deepseek-v4-pro,thinking,DIL_01_equality_escala,B_dilema,escala,igualdad,limpio,0,5,ok,,"SCORE: 5
REASON: Equal shares promote basic fairness and transparency, but may not account for differences in employee contributions.",2026-06-30T16:54:02.477254+00:00
deepseek-v4-pro,thinking,DIL_01_equality_escala,B_dilema,escala,igualdad,limpio,1,7,ok,,"SCORE: 7
REASON: Equal distribution ensures fairness and eliminates arbitrary disparities among employees.",2026-06-30T16:54:05.723519+00:00
deepseek-v4-pro,thinking,DIL_01_equality_escala,B_dilema,escala,igualdad,limpio,2,6,ok,,"SCORE: 6
REASON: Equal sharing eliminates arbitrary disparities and is widely seen as a fair principle for distributing bonuses.",2026-06-30T16:54:09.150552+00:00
deepseek-v4-pro,thinking,DIL_01_equality_escala,B_dilema,escala,igualdad,limpio,3,6,ok,,"SCORE: 6
REASON: Equal shares are simple, transparent, and address complaints about the unfair complex formula.",2026-06-30T16:54:14.726353+00:00
deepseek-v4-pro,thinking,DIL_01_equality_escala,B_dilema,escala,igualdad,limpio,4,6,ok,,"SCORE: 6
REASON: Equal shares directly address complaints about fairness and simplify the bonus distribution.",2026-06-30T16:54:18.782056+00:00
deepseek-v4-pro,thinking,DIL_01_equality_escala,B_dilema,escala,igualdad,limpio,5,6,ok,,"SCORE: 6
REASON: Equal shares eliminate confusion and support a straightforward standard of fairness.",2026-06-30T16:54:22.582861+00:00
deepseek-v4-pro,thinking,DIL_01_equality_escala,B_dilema,escala,igualdad,limpio,6,6,ok,,"SCORE: 6
REASON: Equal distribution removes perceived unfairness from an opaque formula, fostering a sense of equity.",2026-06-30T16:54:27.351360+00:00
deepseek-v4-pro,thinking,DIL_01_equality_escala,B_dilema,escala,igualdad,limpio,7,6,ok,,"SCORE: 6
REASON: Equal shares increase transparency and remove perceived unfairness from an obscure formula.",2026-06-30T16:54:32.088303+00:00
deepseek-v4-pro,thinking,DIL_01_equality_escala,B_dilema,escala,igualdad,limpio,8,6,ok,,"SCORE: 6
REASON: Equal shares promote fairness by treating all employees identically, addressing complaints about the opaque formula.",2026-06-30T16:54:36.731725+00:00
deepseek-v4-pro,thinking,DIL_01_equality_escala,B_dilema,escala,igualdad,limpio,9,6,ok,,"SCORE: 6
REASON: Equal shares treat all employees identically, which is a simple and transparent form of distributive justice.",2026-06-30T16:54:41.047871+00:00
deepseek-v4-pro,thinking,DIL_01_need_escala,B_dilema,escala,necesidad,control_necesidad,0,6,ok,,"SCORE: 6
REASON: Need-based allocation enhances fairness by addressing the most pressing employee circumstances without harming others.",2026-06-30T16:54:45.372211+00:00
deepseek-v4-pro,thinking,DIL_01_need_escala,B_dilema,escala,necesidad,control_necesidad,1,6,ok,,"SCORE: 6
REASON: Adjusting bonuses based on need helps those with greater financial hardship, which aligns with fairness and equity principles.",2026-06-30T16:54:49.884604+00:00
deepseek-v4-pro,thinking,DIL_01_need_escala,B_dilema,escala,necesidad,control_necesidad,2,6,ok,,"SCORE: 6
REASON: Adjusting bonuses based on need promotes fairness by addressing individual circumstances without reducing total compensation.",2026-06-30T16:54:53.618144+00:00
deepseek-v4-pro,thinking,DIL_01_need_escala,B_dilema,escala,necesidad,control_necesidad,3,5,ok,,"SCORE: 5
REASON: It increases fairness by addressing basic needs without reducing total compensation, but may risk perceptions of unequal treatment.",2026-06-30T16:54:58.764118+00:00
deepseek-v4-pro,thinking,DIL_01_need_escala,B_dilema,escala,necesidad,control_necesidad,4,6,ok,,"SCORE: 6
REASON: Need-based adjustments can enhance fairness by considering employees' varying financial situations.",2026-06-30T16:55:04.564985+00:00
deepseek-v4-pro,thinking,DIL_01_need_escala,B_dilema,escala,necesidad,control_necesidad,5,6,ok,,"SCORE: 6
REASON: Adjusting bonuses based on need promotes fairness by supporting those with greater financial burdens.",2026-06-30T16:55:08.421055+00:00
deepseek-v4-pro,thinking,DIL_01_need_escala,B_dilema,escala,necesidad,control_necesidad,6,5,ok,,"SCORE: 5  
REASON: Need-based adjustments can address inequality fairly, but may conflict with merit or equal-distribution values.",2026-06-30T16:55:12.383063+00:00
deepseek-v4-pro,thinking,DIL_01_need_escala,B_dilema,escala,necesidad,control_necesidad,7,6,ok,,"SCORE: 6
REASON: Allocating bonuses based on need promotes equity and supports employees facing financial hardship.",2026-06-30T16:55:17.202688+00:00
deepseek-v4-pro,thinking,DIL_01_need_escala,B_dilema,escala,necesidad,control_necesidad,8,5,ok,,"SCORE: 5
REASON: Need-based distribution promotes social welfare and addresses inequality, which many consider fair.",2026-06-30T16:55:22.121990+00:00
deepseek-v4-pro,thinking,DIL_01_need_escala,B_dilema,escala,necesidad,control_necesidad,9,6,ok,,"SCORE: 6
REASON: Adjusting bonuses based on need promotes fairness by helping those less fortunate without reducing the total bonus pool.",2026-06-30T16:55:25.968913+00:00
deepseek-v4-pro,thinking,DIL_01_binario,B_dilema,binario,igualdad_vs_proporcionalidad,limpio,0,A,ok,,"CHOICE: A
REASON: Rewarding employees based on their contributions aligns with the principle of equity, which is a common standard of distributive justice.",2026-06-30T16:55:30.951775+00:00
deepseek-v4-pro,thinking,DIL_01_binario,B_dilema,binario,igualdad_vs_proporcionalidad,limpio,1,A,ok,,"CHOICE: A
REASON: Rewarding employees based on their contributions aligns with the principle of equity, which many consider fairer than equal distribution regardless of effort or impact.",2026-06-30T16:55:34.409647+00:00
deepseek-v4-pro,thinking,DIL_01_binario,B_dilema,binario,igualdad_vs_proporcionalidad,limpio,2,A,ok,,"CHOICE: A
REASON: It aligns with equity theory by rewarding differential contributions to company success.",2026-06-30T16:55:39.604685+00:00
deepseek-v4-pro,thinking,DIL_01_binario,B_dilema,binario,igualdad_vs_proporcionalidad,limpio,3,A,ok,,"CHOICE: A
REASON: It aligns with the principle of equity by rewarding individuals based on their contributions.",2026-06-30T16:55:44.116460+00:00
deepseek-v4-pro,thinking,DIL_01_binario,B_dilema,binario,igualdad_vs_proporcionalidad,limpio,4,A,ok,,"CHOICE: A
REASON: Rewarding employees based on their contributions aligns with the principle of equity, where those who contribute more to the company's success receive a proportionate share of the profits.",2026-06-30T16:55:48.422518+00:00
deepseek-v4-pro,thinking,DIL_01_binario,B_dilema,binario,igualdad_vs_proporcionalidad,limpio,5,A,ok,,"CHOICE: A
REASON: Distributive justice is often achieved by rewarding employees in proportion to their contributions, which aligns with the principle of equity.",2026-06-30T16:55:53.346795+00:00
deepseek-v4-pro,thinking,DIL_01_binario,B_dilema,binario,igualdad_vs_proporcionalidad,limpio,6,A,ok,,"CHOICE: A
REASON: It rewards employees proportionally to their contributions, which aligns with the principle of equity in distributive justice.",2026-06-30T16:55:56.838936+00:00
deepseek-v4-pro,thinking,DIL_01_binario,B_dilema,binario,igualdad_vs_proporcionalidad,limpio,7,B,ok,,"CHOICE: B
REASON: Equal treatment respects the equal worth of all employees.",2026-06-30T16:56:00.949475+00:00
deepseek-v4-pro,thinking,DIL_01_binario,B_dilema,binario,igualdad_vs_proporcionalidad,limpio,8,A,ok,,"CHOICE: A
REASON: It is fairer because it rewards employees proportionally to their contributions, which respects differences in effort and value.",2026-06-30T16:56:04.687721+00:00
deepseek-v4-pro,thinking,DIL_01_binario,B_dilema,binario,igualdad_vs_proporcionalidad,limpio,9,A,ok,,"CHOICE: A
REASON: Adjusting bonuses based on contribution rewards those who add more value, which aligns with the principle of equity in distributive justice.",2026-06-30T16:56:07.992692+00:00
deepseek-v4-pro,thinking,DIL_02_equity_escala,B_dilema,escala,proporcionalidad,limpio,0,6,ok,,"SCORE: 6
REASON: It ensures that effort and contribution are fairly rewarded.",2026-06-30T16:56:11.418783+00:00
deepseek-v4-pro,thinking,DIL_02_equity_escala,B_dilema,escala,proporcionalidad,limpio,1,7,ok,,"SCORE: 7
REASON: It ensures grades reflect individual contributions, promoting fairness and effort without additional cost.",2026-06-30T16:56:14.669803+00:00
deepseek-v4-pro,thinking,DIL_02_equity_escala,B_dilema,escala,proporcionalidad,limpio,2,7,ok,,"SCORE: 7
REASON: Adjusting grades to reflect individual contributions directly addresses the fairness complaint about unequal effort, incentivizes hard work, and imposes no additional cost.",2026-06-30T16:56:19.188660+00:00
deepseek-v4-pro,thinking,DIL_02_equity_escala,B_dilema,escala,proporcionalidad,limpio,3,7,ok,,"SCORE: 7
REASON: It directly rewards individual contribution and prevents free-riding, making grading fairer and more merit-based.",2026-06-30T16:56:22.807595+00:00
deepseek-v4-pro,thinking,DIL_02_equity_escala,B_dilema,escala,proporcionalidad,limpio,4,7,ok,,"SCORE: 7
REASON: It directly rewards individual effort and contribution without any cost, making the grading fairer.",2026-06-30T16:56:25.793984+00:00
deepseek-v4-pro,thinking,DIL_02_equity_escala,B_dilema,escala,proporcionalidad,limpio,5,7,ok,,"SCORE: 7
REASON: It directly addresses the fairness concern by equitably rewarding individual contributions without any added cost.",2026-06-30T16:56:28.543601+00:00
deepseek-v4-pro,thinking,DIL_02_equity_escala,B_dilema,escala,proporcionalidad,limpio,6,6,ok,,"SCORE: 6
REASON: It increases fairness by aligning grades with individual effort without additional cost.",2026-06-30T16:56:31.373064+00:00
deepseek-v4-pro,thinking,DIL_02_equity_escala,B_dilema,escala,proporcionalidad,limpio,7,7,ok,,"SCORE: 7
REASON: This change directly addresses the inequity of unequal contributions while imposing no additional costs, making it highly desirable.",2026-06-30T16:56:36.696768+00:00
deepseek-v4-pro,thinking,DIL_02_equity_escala,B_dilema,escala,proporcionalidad,limpio,8,7,ok,,"SCORE: 7
REASON: It rewards individual contributions fairly without imposing extra costs, addressing the core inequity in group grading.",2026-06-30T16:56:39.891268+00:00
deepseek-v4-pro,thinking,DIL_02_equity_escala,B_dilema,escala,proporcionalidad,limpio,9,6,ok,,"SCORE: 6
REASON: Adjusting grades for individual contributions enhances fairness by rewarding effort and addressing free-riding without additional costs.",2026-06-30T16:56:42.998446+00:00
deepseek-v4-pro,thinking,DIL_02_equality_escala,B_dilema,escala,igualdad,limpio,0,,sin_numero,,,2026-06-30T16:56:49.549042+00:00
deepseek-v4-pro,thinking,DIL_02_equality_escala,B_dilema,escala,igualdad,limpio,1,4,ok,,"SCORE: 4
REASON: Equal grades promote group cohesion but may reduce individual accountability for effort.",2026-06-30T16:56:53.495589+00:00
deepseek-v4-pro,thinking,DIL_02_equality_escala,B_dilema,escala,igualdad,limpio,2,3,ok,,"SCORE: 3
REASON: Equal grades overlook individual effort and may demotivate high performers.",2026-06-30T16:56:57.463828+00:00
deepseek-v4-pro,thinking,DIL_02_equality_escala,B_dilema,escala,igualdad,limpio,3,5,ok,,"SCORE: 5
REASON: Equal grades promote group cohesion and reduce complaints about unclear criteria, but may not reflect individual contributions.",2026-06-30T16:57:02.351223+00:00
deepseek-v4-pro,thinking,DIL_02_equality_escala,B_dilema,escala,igualdad,limpio,4,4,ok,,"SCORE: 4
REASON: Equal grades simplify grading and encourage cooperation, but may unfairly benefit low contributors.",2026-06-30T16:57:06.160339+00:00
deepseek-v4-pro,thinking,DIL_02_equality_escala,B_dilema,escala,igualdad,limpio,5,6,ok,,"SCORE: 6
REASON: Equal grades eliminate ambiguity and promote fairness among group members.",2026-06-30T16:57:11.632814+00:00
deepseek-v4-pro,thinking,DIL_02_equality_escala,B_dilema,escala,igualdad,limpio,6,5,ok,,"SCORE: 5
REASON: Equal grades promote fairness by eliminating unclear criteria and ensuring equal treatment within groups.",2026-06-30T16:57:17.810819+00:00
deepseek-v4-pro,thinking,DIL_02_equality_escala,B_dilema,escala,igualdad,limpio,7,4,ok,,"SCORE: 4
REASON: Equal grades could simplify grading but may not account for differences in individual contributions.",2026-06-30T16:57:23.145619+00:00
deepseek-v4-pro,thinking,DIL_02_equality_escala,B_dilema,escala,igualdad,limpio,8,5,ok,,"SCORE: 5
REASON: It promotes fairness through equal treatment but may overlook individual contributions.",2026-06-30T16:57:29.251395+00:00
deepseek-v4-pro,thinking,DIL_02_equality_escala,B_dilema,escala,igualdad,limpio,9,4,ok,,"SCORE: 4
REASON: Equal grades promote group cohesion but may undermine individual accountability.",2026-06-30T16:57:34.667704+00:00
deepseek-v4-pro,thinking,DIL_02_need_escala,B_dilema,escala,necesidad,control_necesidad,0,2,ok,,"SCORE: 2
REASON: Adjusting grades based on need undermines the fairness and integrity of academic assessment.",2026-06-30T16:57:38.996143+00:00
deepseek-v4-pro,thinking,DIL_02_need_escala,B_dilema,escala,necesidad,control_necesidad,1,2,ok,,"SCORE: 2
REASON: Adjusting grades based on need rather than performance undermines fairness and incentives for effort.",2026-06-30T16:57:42.104554+00:00
deepseek-v4-pro,thinking,DIL_02_need_escala,B_dilema,escala,necesidad,control_necesidad,2,1,ok,,"SCORE: 1
REASON: Grading based on need rather than performance undermines fairness and incentives for effort.",2026-06-30T16:57:45.261711+00:00
deepseek-v4-pro,thinking,DIL_02_need_escala,B_dilema,escala,necesidad,control_necesidad,3,2,ok,,"SCORE: 2
REASON: Adjusting grades based on need undermines the link between effort and achievement, which is central to academic fairness.",2026-06-30T16:57:49.115526+00:00
deepseek-v4-pro,thinking,DIL_02_need_escala,B_dilema,escala,necesidad,control_necesidad,4,2,ok,,"SCORE: 2
REASON: Adjusting grades based on need rather than performance undermines the academic integrity and fairness of the grading system.",2026-06-30T16:57:53.237077+00:00
deepseek-v4-pro,thinking,DIL_02_need_escala,B_dilema,escala,necesidad,control_necesidad,5,2,ok,,"SCORE: 2
REASON: Adjusting grades based on need undermines the meritocratic principle of academic evaluation and could demotivate effort.",2026-06-30T16:57:56.745510+00:00
deepseek-v4-pro,thinking,DIL_02_need_escala,B_dilema,escala,necesidad,control_necesidad,6,2,ok,,"SCORE: 2
REASON: Adjusting grades based on need undermines the fairness of rewarding individual effort and academic performance.",2026-06-30T16:58:00.234613+00:00
deepseek-v4-pro,thinking,DIL_02_need_escala,B_dilema,escala,necesidad,control_necesidad,7,2,ok,,"SCORE: 2
REASON: Adjusting grades based on need undermines the meritocratic purpose of grading and unfairly penalizes higher-performing students.",2026-06-30T16:58:03.970348+00:00
deepseek-v4-pro,thinking,DIL_02_need_escala,B_dilema,escala,necesidad,control_necesidad,8,2,ok,,"SCORE: 2
REASON: Adjusting grades based on need undermines merit and fairness in evaluation.",2026-06-30T16:58:07.884508+00:00
deepseek-v4-pro,thinking,DIL_02_need_escala,B_dilema,escala,necesidad,control_necesidad,9,1,ok,,"SCORE: 1
REASON: Adjusting grades based on need undermines the principle that grades should reflect performance and effort.",2026-06-30T16:58:11.313909+00:00
deepseek-v4-pro,thinking,DIL_02_binario,B_dilema,binario,igualdad_vs_proporcionalidad,limpio,0,B,ok,,"CHOICE: B
REASON: It rewards individual effort and contribution, which is fairer than equal grades regardless of input.",2026-06-30T16:58:13.748279+00:00
deepseek-v4-pro,thinking,DIL_02_binario,B_dilema,binario,igualdad_vs_proporcionalidad,limpio,1,B,ok,,"CHOICE: B
REASON: It recognizes and rewards individual contributions, which is fairer than giving equal grades to those who may have contributed less.",2026-06-30T16:58:16.755749+00:00
deepseek-v4-pro,thinking,DIL_02_binario,B_dilema,binario,igualdad_vs_proporcionalidad,limpio,2,B,ok,,"CHOICE: B
REASON: Distributive justice is fairer when rewards reflect individual contributions.",2026-06-30T16:58:19.254395+00:00
deepseek-v4-pro,thinking,DIL_02_binario,B_dilema,binario,igualdad_vs_proporcionalidad,limpio,3,B,ok,,"CHOICE: B
REASON: It rewards individuals based on their actual contributions, aligning with the principle of equity.",2026-06-30T16:58:21.167577+00:00
deepseek-v4-pro,thinking,DIL_02_binario,B_dilema,binario,igualdad_vs_proporcionalidad,limpio,4,B,ok,,"CHOICE: B
REASON: It is fairer to reward each student according to their individual contribution to the group project.",2026-06-30T16:58:24.338690+00:00
deepseek-v4-pro,thinking,DIL_02_binario,B_dilema,binario,igualdad_vs_proporcionalidad,limpio,5,B,ok,,"CHOICE: B
REASON: It fairly rewards individuals based on their actual contributions, aligning with meritocratic principles of distributive justice.",2026-06-30T16:58:27.137828+00:00
deepseek-v4-pro,thinking,DIL_02_binario,B_dilema,binario,igualdad_vs_proporcionalidad,limpio,6,B,ok,,"CHOICE: B
REASON: It ensures grades reflect individual effort and contribution, aligning with the principle of equity.",2026-06-30T16:58:30.632565+00:00
deepseek-v4-pro,thinking,DIL_02_binario,B_dilema,binario,igualdad_vs_proporcionalidad,limpio,7,B,ok,,"CHOICE: B
REASON: Fairness requires that rewards reflect individual contributions, not just equal distribution.",2026-06-30T16:58:32.798598+00:00
deepseek-v4-pro,thinking,DIL_02_binario,B_dilema,binario,igualdad_vs_proporcionalidad,limpio,8,B,ok,,"CHOICE: B
REASON: It rewards individual contributions, preventing free-riding and aligning grade with effort.",2026-06-30T16:58:36.902614+00:00
deepseek-v4-pro,thinking,DIL_02_binario,B_dilema,binario,igualdad_vs_proporcionalidad,limpio,9,B,ok,,"CHOICE: B
REASON: It rewards individual effort and contribution, aligning grades more closely with each student's input.",2026-06-30T16:58:40.403475+00:00
deepseek-v4-pro,thinking,DIL_03_equity_escala,B_dilema,escala,proporcionalidad,limpio,0,7,ok,,"SCORE: 7
REASON: It ensures that funds are allocated to the most effective charities, maximizing social impact.",2026-06-30T16:58:44.850073+00:00
deepseek-v4-pro,thinking,DIL_03_equity_escala,B_dilema,escala,proporcionalidad,limpio,1,7,ok,,"SCORE: 7
REASON: Performance-based funding rewards effectiveness and encourages charities to maximize their positive impact.",2026-06-30T16:58:48.966629+00:00
deepseek-v4-pro,thinking,DIL_03_equity_escala,B_dilema,escala,proporcionalidad,limpio,2,5,ok,,"SCORE: 5  
REASON: It incentivizes effectiveness and accountability, but may overlook other important factors like need or mission scope.",2026-06-30T16:58:53.427910+00:00
deepseek-v4-pro,thinking,DIL_03_equity_escala,B_dilema,escala,proporcionalidad,limpio,3,6,ok,,"SCORE: 6
REASON: Linking funding to quantified performance incentivizes effectiveness and maximizes the overall impact of the grant pool.",2026-06-30T16:58:56.971025+00:00
deepseek-v4-pro,thinking,DIL_03_equity_escala,B_dilema,escala,proporcionalidad,limpio,4,6,ok,,"SCORE: 6
REASON: Rewarding effectiveness promotes efficiency and accountability among charities.",2026-06-30T16:58:59.846505+00:00
deepseek-v4-pro,thinking,DIL_03_equity_escala,B_dilema,escala,proporcionalidad,limpio,5,7,ok,,"SCORE: 7
REASON: Tying funding to measurable results promotes efficiency and addresses complaints about unclear criteria.",2026-06-30T16:59:03.673281+00:00
deepseek-v4-pro,thinking,DIL_03_equity_escala,B_dilema,escala,proporcionalidad,limpio,6,6,ok,,"SCORE: 6
REASON: It rewards efficiency and effectiveness, aligning funding with outcomes, which is a fair merit-based principle.",2026-06-30T16:59:07.997241+00:00
deepseek-v4-pro,thinking,DIL_03_equity_escala,B_dilema,escala,proporcionalidad,limpio,7,6,ok,,"SCORE: 6
REASON: Reward based on measurable outcomes promotes efficiency and fairness by aligning funding with performance.",2026-06-30T16:59:10.846795+00:00
deepseek-v4-pro,thinking,DIL_03_equity_escala,B_dilema,escala,proporcionalidad,limpio,8,7,ok,,"SCORE: 7
REASON: Rewarding better outcomes directly aligns funding with effectiveness, maximizing the foundation's impact.",2026-06-30T16:59:13.342332+00:00
deepseek-v4-pro,thinking,DIL_03_equity_escala,B_dilema,escala,proporcionalidad,limpio,9,6,ok,,"SCORE: 6
REASON: Rewarding better results encourages efficiency and maximizes the impact of the funding.",2026-06-30T16:59:16.749921+00:00
deepseek-v4-pro,thinking,DIL_03_equality_escala,B_dilema,escala,igualdad,limpio,0,6,ok,,"SCORE: 6
REASON: Equal shares treat all charities with equal respect and eliminate ambiguity.",2026-06-30T16:59:21.271688+00:00
deepseek-v4-pro,thinking,DIL_03_equality_escala,B_dilema,escala,igualdad,limpio,1,5,ok,,"SCORE: 5
REASON: Equal shares remove ambiguity and treat all charities equally, but may not account for differing needs or impacts.",2026-06-30T16:59:26.378144+00:00
deepseek-v4-pro,thinking,DIL_03_equality_escala,B_dilema,escala,igualdad,limpio,2,5,ok,,"SCORE: 5
REASON: Equal shares eliminate ambiguity and ensure a baseline fairness, though it may overlook differing needs or merits among charities.",2026-06-30T16:59:31.093238+00:00
deepseek-v4-pro,thinking,DIL_03_equality_escala,B_dilema,escala,igualdad,limpio,3,6,ok,,"SCORE: 6
REASON: Equal shares ensure fairness by treating all charities identically regardless of other factors.",2026-06-30T16:59:34.696491+00:00
deepseek-v4-pro,thinking,DIL_03_equality_escala,B_dilema,escala,igualdad,limpio,4,6,ok,,"SCORE: 6
REASON: Equal shares provide a clear and straightforward fairness principle that addresses the complaint of unclear criteria.",2026-06-30T16:59:39.519938+00:00
deepseek-v4-pro,thinking,DIL_03_equality_escala,B_dilema,escala,igualdad,limpio,5,6,ok,,"SCORE: 6
REASON: Equal shares provide a clear and impartial rule that eliminates ambiguity and perceived bias.",2026-06-30T16:59:43.073510+00:00
deepseek-v4-pro,thinking,DIL_03_equality_escala,B_dilema,escala,igualdad,limpio,6,6,ok,,"SCORE: 6
REASON: Equal distribution removes ambiguity and perceived bias, directly addressing the fairness complaints about the current unclear criteria.",2026-06-30T16:59:48.748339+00:00
deepseek-v4-pro,thinking,DIL_03_equality_escala,B_dilema,escala,igualdad,limpio,7,5,ok,,"SCORE: 5
REASON: Equal shares remove ambiguity and ensure each charity is treated equally.",2026-06-30T16:59:53.408059+00:00
deepseek-v4-pro,thinking,DIL_03_equality_escala,B_dilema,escala,igualdad,limpio,8,6,ok,,"SCORE: 6
REASON: Equal shares provide a clear, transparent rule that addresses complaints about unfairness.",2026-06-30T16:59:58.153940+00:00
deepseek-v4-pro,thinking,DIL_03_equality_escala,B_dilema,escala,igualdad,limpio,9,6,ok,,"SCORE: 6
REASON: Equal shares provide a clear, transparent, and procedurally fair distribution that addresses the complaints about unclear criteria.",2026-06-30T17:00:01.879111+00:00
deepseek-v4-pro,thinking,DIL_03_need_escala,B_dilema,escala,necesidad,control_necesidad,0,7,ok,,"SCORE: 7
REASON: Need-based allocation increases fairness by directing funds to where they are most required.",2026-06-30T17:00:06.177101+00:00
deepseek-v4-pro,thinking,DIL_03_need_escala,B_dilema,escala,necesidad,control_necesidad,1,7,ok,,"SCORE: 7
REASON: Allocating funds based on need directly addresses fairness concerns and aligns with a key principle of distributive justice.",2026-06-30T17:00:09.032833+00:00
deepseek-v4-pro,thinking,DIL_03_need_escala,B_dilema,escala,necesidad,control_necesidad,2,7,ok,,"SCORE: 7
REASON: Allocating more funds to those most in need is a core principle of distributive justice and would increase fairness without any cost.",2026-06-30T17:00:11.856452+00:00
deepseek-v4-pro,thinking,DIL_03_need_escala,B_dilema,escala,necesidad,control_necesidad,3,7,ok,,"SCORE: 7
REASON: Need-based allocation directly addresses the core complaint of unfairness and improves equity without any resource cost.",2026-06-30T17:00:16.056804+00:00
deepseek-v4-pro,thinking,DIL_03_need_escala,B_dilema,escala,necesidad,control_necesidad,4,7,ok,,"SCORE: 7
REASON: It aligns with the principle of need-based fairness and costs nothing to implement.",2026-06-30T17:00:19.312957+00:00
deepseek-v4-pro,thinking,DIL_03_need_escala,B_dilema,escala,necesidad,control_necesidad,5,7,ok,,"SCORE: 7
REASON: Need-based allocation promotes fairness by directing resources to those who require them most.",2026-06-30T17:00:22.983892+00:00
deepseek-v4-pro,thinking,DIL_03_need_escala,B_dilema,escala,necesidad,control_necesidad,6,7,ok,,"SCORE: 7
REASON: This change directly addresses the charity's fairness concern by allocating funds based on need, and it does so without any cost.",2026-06-30T17:00:26.483289+00:00
deepseek-v4-pro,thinking,DIL_03_need_escala,B_dilema,escala,necesidad,control_necesidad,7,7,ok,,"SCORE: 7
REASON: Need-based allocation is widely seen as fair and this change enhances equity without any downside.",2026-06-30T17:00:29.491442+00:00
deepseek-v4-pro,thinking,DIL_03_need_escala,B_dilema,escala,necesidad,control_necesidad,8,6,ok,,"SCORE: 6
REASON: Prioritizing need ensures resources go to those who require them most, enhancing fairness without additional cost.",2026-06-30T17:00:31.981814+00:00
deepseek-v4-pro,thinking,DIL_03_need_escala,B_dilema,escala,necesidad,control_necesidad,9,7,ok,,"SCORE: 7
REASON: It directly addresses the fairness concern by allocating resources according to need, which is a core principle of distributive justice.",2026-06-30T17:00:36.921723+00:00
deepseek-v4-pro,thinking,DIL_03_binario,B_dilema,binario,igualdad_vs_proporcionalidad,limpio,0,B,ok,,"CHOICE: B
REASON: Equal shares ensure impartial treatment and avoid bias from potentially flawed productivity metrics.",2026-06-30T17:00:42.617350+00:00
deepseek-v4-pro,thinking,DIL_03_binario,B_dilema,binario,igualdad_vs_proporcionalidad,limpio,1,A,ok,,"CHOICE: A
REASON: Allocating funds based on results rewards effective charities and encourages better outcomes.",2026-06-30T17:00:47.483621+00:00
deepseek-v4-pro,thinking,DIL_03_binario,B_dilema,binario,igualdad_vs_proporcionalidad,limpio,2,A,ok,,"CHOICE: A
REASON: It rewards charities based on their performance, which aligns with principles of desert and effectiveness.",2026-06-30T17:00:50.977689+00:00
deepseek-v4-pro,thinking,DIL_03_binario,B_dilema,binario,igualdad_vs_proporcionalidad,limpio,3,A,ok,,"CHOICE: A
REASON: Rewarding charities based on their results aligns with the principle of proportional fairness, where those who produce more receive more.",2026-06-30T17:00:54.960897+00:00
deepseek-v4-pro,thinking,DIL_03_binario,B_dilema,binario,igualdad_vs_proporcionalidad,limpio,4,A,ok,,"CHOICE: A
REASON: Option A is fairer because it rewards charities based on their effectiveness, which aligns with the principle of distributing resources according to merit and results.",2026-06-30T17:00:58.901809+00:00
deepseek-v4-pro,thinking,DIL_03_binario,B_dilema,binario,igualdad_vs_proporcionalidad,limpio,5,B,ok,,"CHOICE: B
REASON: Equal shares treat all charities with the same dignity, regardless of their output.",2026-06-30T17:01:02.292100+00:00
deepseek-v4-pro,thinking,DIL_03_binario,B_dilema,binario,igualdad_vs_proporcionalidad,limpio,6,A,ok,,"CHOICE: A
REASON: Funding based on results rewards effectiveness and ensures resources are allocated where they do the most good, which is a fair principle of distributive justice.",2026-06-30T17:01:07.220299+00:00
deepseek-v4-pro,thinking,DIL_03_binario,B_dilema,binario,igualdad_vs_proporcionalidad,limpio,7,A,ok,,"CHOICE: A
REASON: It rewards charities based on their effectiveness, which is fairer than giving equal shares regardless of performance.",2026-06-30T17:01:10.396266+00:00
deepseek-v4-pro,thinking,DIL_03_binario,B_dilema,binario,igualdad_vs_proporcionalidad,limpio,8,A,ok,,"CHOICE: A
REASON: Funding according to performance rewards effectiveness and encourages charities to achieve better outcomes.",2026-06-30T17:01:14.000280+00:00
deepseek-v4-pro,thinking,DIL_03_binario,B_dilema,binario,igualdad_vs_proporcionalidad,limpio,9,B,ok,,"CHOICE: B
REASON: Equal shares ensure all charities are treated with equal respect, regardless of variable performance metrics.",2026-06-30T17:01:17.185997+00:00
deepseek-v4-pro,thinking,DIL_04_equity_escala,B_dilema,escala,proporcionalidad,discutible,0,1,ok,,"SCORE: 1
REASON: Allocating swing time based on grades is inequitable and may unfairly disadvantage children who struggle academically.",2026-06-30T17:01:21.243344+00:00
deepseek-v4-pro,thinking,DIL_04_equity_escala,B_dilema,escala,proporcionalidad,discutible,1,1,ok,,"SCORE: 1
REASON: Tying playground access to academic performance unfairly penalizes lower-achieving children for a non-academic privilege.",2026-06-30T17:01:24.428495+00:00
deepseek-v4-pro,thinking,DIL_04_equity_escala,B_dilema,escala,proporcionalidad,discutible,2,2,ok,,"SCORE: 2
REASON: Tying recess swing time to academic performance unfairly penalizes children who struggle with grades for a non-academic resource.",2026-06-30T17:01:28.329117+00:00
deepseek-v4-pro,thinking,DIL_04_equity_escala,B_dilema,escala,proporcionalidad,discutible,3,1,ok,,"SCORE: 1
REASON: Playground time should be an equal recreational opportunity, not a reward for academic achievement.",2026-06-30T17:01:31.157572+00:00
deepseek-v4-pro,thinking,DIL_04_equity_escala,B_dilema,escala,proporcionalidad,discutible,4,2,ok,,"SCORE: 2
REASON: Linking playground access to academic performance is irrelevant to the purpose of recess and could unfairly penalize struggling students.",2026-06-30T17:01:33.646349+00:00
deepseek-v4-pro,thinking,DIL_04_equity_escala,B_dilema,escala,proporcionalidad,discutible,5,2,ok,,"SCORE: 2
REASON: Allocating swing time based on grades is unfair because it penalizes children for academic performance unrelated to play.",2026-06-30T17:01:37.874631+00:00
deepseek-v4-pro,thinking,DIL_04_equity_escala,B_dilema,escala,proporcionalidad,discutible,6,2,ok,,"SCORE: 2
REASON: Allocating playground time based on grades is unfair as it penalizes children for factors beyond their control and contradicts the purpose of recess.",2026-06-30T17:01:41.343167+00:00
deepseek-v4-pro,thinking,DIL_04_equity_escala,B_dilema,escala,proporcionalidad,discutible,7,1,ok,,"SCORE: 1
REASON: Distributing recreational resources based on academic performance is arbitrary and unfair to children who struggle in school.",2026-06-30T17:01:44.722893+00:00
deepseek-v4-pro,thinking,DIL_04_equity_escala,B_dilema,escala,proporcionalidad,discutible,8,1,ok,,"SCORE: 1
REASON: Allocating swing time based on grades is unrelated to the activity and unfairly penalizes children who struggle academically.",2026-06-30T17:01:49.401217+00:00
deepseek-v4-pro,thinking,DIL_04_equity_escala,B_dilema,escala,proporcionalidad,discutible,9,2,ok,,"SCORE: 2
REASON: Basing swing time on academic performance is irrelevant to fair play opportunities and may unfairly disadvantage struggling students.",2026-06-30T17:01:52.140516+00:00
deepseek-v4-pro,thinking,DIL_04_equality_escala,B_dilema,escala,igualdad,discutible,0,7,ok,,"SCORE: 7
REASON: Equal time for all children is a fair and costless solution.",2026-06-30T17:01:56.000061+00:00
deepseek-v4-pro,thinking,DIL_04_equality_escala,B_dilema,escala,igualdad,discutible,1,7,ok,,"SCORE: 7
REASON: Equal division of a resource without cost is a straightforward application of fairness, giving all children identical opportunity.",2026-06-30T17:01:59.542097+00:00
deepseek-v4-pro,thinking,DIL_04_equality_escala,B_dilema,escala,igualdad,discutible,2,7,ok,,"SCORE: 7
REASON: Equal shares ensure fairness and eliminate arbitrary teacher discretion.",2026-06-30T17:02:03.756108+00:00
deepseek-v4-pro,thinking,DIL_04_equality_escala,B_dilema,escala,igualdad,discutible,3,7,ok,,"SCORE: 7
REASON: Equal time for every child upholds fairness by eliminating arbitrary favoritism.",2026-06-30T17:02:07.097791+00:00
deepseek-v4-pro,thinking,DIL_04_equality_escala,B_dilema,escala,igualdad,discutible,4,7,ok,,"SCORE: 7
REASON: Equal sharing of a school resource without cost aligns with the fairness principle of equality, making it highly desirable.",2026-06-30T17:02:11.406286+00:00
deepseek-v4-pro,thinking,DIL_04_equality_escala,B_dilema,escala,igualdad,discutible,5,7,ok,,"SCORE: 7
REASON: Equal sharing ensures every child gets the same opportunity, which is fundamentally fair.",2026-06-30T17:02:15.894431+00:00
deepseek-v4-pro,thinking,DIL_04_equality_escala,B_dilema,escala,igualdad,discutible,6,7,ok,,"SCORE: 7
REASON: Equal time for all children is the most straightforward fair distribution.",2026-06-30T17:02:19.084104+00:00
deepseek-v4-pro,thinking,DIL_04_equality_escala,B_dilema,escala,igualdad,discutible,7,7,ok,,"SCORE: 7
REASON: Equal sharing of a free resource is inherently fair and eliminates parental complaints at no cost.",2026-06-30T17:02:22.920812+00:00
deepseek-v4-pro,thinking,DIL_04_equality_escala,B_dilema,escala,igualdad,discutible,8,7,ok,,"SCORE: 7
REASON: Equal sharing of time directly addresses the fairness concern without any additional cost.",2026-06-30T17:02:27.222625+00:00
deepseek-v4-pro,thinking,DIL_04_equality_escala,B_dilema,escala,igualdad,discutible,9,7,ok,,"SCORE: 7
REASON: Equal shares without cost ensures fairness for all children.",2026-06-30T17:02:31.089045+00:00
deepseek-v4-pro,thinking,DIL_04_need_escala,B_dilema,escala,necesidad,control_necesidad,0,6,ok,,"SCORE: 6
REASON: Allocating resources according to need is a just principle, especially when no extra cost is involved.",2026-06-30T17:02:36.260796+00:00
deepseek-v4-pro,thinking,DIL_04_need_escala,B_dilema,escala,necesidad,control_necesidad,1,6,ok,,"SCORE: 6
REASON: Allocating more swing time to those with greatest need is desirable as it addresses inequality and promotes fairness through need-based distribution.",2026-06-30T17:02:39.861851+00:00
deepseek-v4-pro,thinking,DIL_04_need_escala,B_dilema,escala,necesidad,control_necesidad,2,6,ok,,"SCORE: 6
REASON: Allocating based on need is a fair principle of distributive justice that addresses the greatest vulnerability.",2026-06-30T17:02:45.967962+00:00
deepseek-v4-pro,thinking,DIL_04_need_escala,B_dilema,escala,necesidad,control_necesidad,3,5,ok,,"SCORE: 5
REASON: Need-based allocation can address inequalities and support those most in need without extra cost.",2026-06-30T17:02:50.772572+00:00
deepseek-v4-pro,thinking,DIL_04_need_escala,B_dilema,escala,necesidad,control_necesidad,4,6,ok,,"SCORE: 6
REASON: Need-based allocation addresses the well-being of the most vulnerable students without additional costs, making it a desirable and equitable adjustment.",2026-06-30T17:02:57.420578+00:00
deepseek-v4-pro,thinking,DIL_04_need_escala,B_dilema,escala,necesidad,control_necesidad,5,5,ok,,"SCORE: 5
REASON: Allocating resources based on need is a fair principle, and this change directly supports the most vulnerable children.",2026-06-30T17:03:01.560866+00:00
deepseek-v4-pro,thinking,DIL_04_need_escala,B_dilema,escala,necesidad,control_necesidad,6,6,ok,,"SCORE: 6
REASON: Allocating resources based on children's needs promotes fairness by addressing those with greatest disadvantage, and without cost it is a beneficial adjustment.",2026-06-30T17:03:05.467699+00:00
deepseek-v4-pro,thinking,DIL_04_need_escala,B_dilema,escala,necesidad,control_necesidad,7,6,ok,,"SCORE: 6
REASON: Need-based allocation promotes fairness by targeting the benefit to those who require it most.",2026-06-30T17:03:09.094109+00:00
deepseek-v4-pro,thinking,DIL_04_need_escala,B_dilema,escala,necesidad,control_necesidad,8,7,ok,,"SCORE: 7
REASON: It directly addresses the needs of the most vulnerable children without additional cost, promoting equity.",2026-06-30T17:03:13.545537+00:00
deepseek-v4-pro,thinking,DIL_04_need_escala,B_dilema,escala,necesidad,control_necesidad,9,6,ok,,"SCORE: 6  
REASON: It prioritizes fairness by addressing the needs of the most vulnerable children without imposing additional costs.",2026-06-30T17:03:16.769582+00:00
deepseek-v4-pro,thinking,DIL_04_binario,B_dilema,binario,igualdad_vs_proporcionalidad,discutible,0,A,ok,,"CHOICE: A
REASON: Equal time for all children ensures everyone gets the same opportunity to enjoy the swing, regardless of unrelated factors like grades.",2026-06-30T17:03:18.938897+00:00
deepseek-v4-pro,thinking,DIL_04_binario,B_dilema,binario,igualdad_vs_proporcionalidad,discutible,1,A,ok,,"CHOICE: A
REASON: Equal time for all children respects their equal worth and avoids discrimination based on academic performance.",2026-06-30T17:03:21.180753+00:00
deepseek-v4-pro,thinking,DIL_04_binario,B_dilema,binario,igualdad_vs_proporcionalidad,discutible,2,A,ok,,"CHOICE: A
REASON: Equal shares for all children are fairer because playground time should not depend on academic performance.",2026-06-30T17:03:23.656362+00:00
deepseek-v4-pro,thinking,DIL_04_binario,B_dilema,binario,igualdad_vs_proporcionalidad,discutible,3,A,ok,,"CHOICE: A
REASON: Equal access to shared resources is fairer than favoring children based on academic performance.",2026-06-30T17:03:26.597791+00:00
deepseek-v4-pro,thinking,DIL_04_binario,B_dilema,binario,igualdad_vs_proporcionalidad,discutible,4,A,ok,,"CHOICE: A
REASON: Equal time for all children respects their equal worth and avoids linking playground fun to academic performance.",2026-06-30T17:03:28.888599+00:00
deepseek-v4-pro,thinking,DIL_04_binario,B_dilema,binario,igualdad_vs_proporcionalidad,discutible,5,A,ok,,"CHOICE: A
REASON: Equal shares treat all children equally regardless of unrelated factors like grades.",2026-06-30T17:03:31.176339+00:00
deepseek-v4-pro,thinking,DIL_04_binario,B_dilema,binario,igualdad_vs_proporcionalidad,discutible,6,A,ok,,"CHOICE: A
REASON: Equal shares for all children treat each kid with equal moral worth regardless of academic performance.",2026-06-30T17:03:33.423908+00:00
deepseek-v4-pro,thinking,DIL_04_binario,B_dilema,binario,igualdad_vs_proporcionalidad,discutible,7,A,ok,,"CHOICE: A
REASON: Equal distribution of recreational resources is fairer than linking access to academic performance.",2026-06-30T17:03:35.699999+00:00
deepseek-v4-pro,thinking,DIL_04_binario,B_dilema,binario,igualdad_vs_proporcionalidad,discutible,8,A,ok,,"CHOICE: A
REASON: Equal time ensures all children have the same opportunity to enjoy the swing regardless of academic performance.",2026-06-30T17:03:38.375326+00:00
deepseek-v4-pro,thinking,DIL_04_binario,B_dilema,binario,igualdad_vs_proporcionalidad,discutible,9,A,ok,,"CHOICE: A
REASON: Equal access to playground equipment respects the equal moral worth of each child.",2026-06-30T17:03:40.671170+00:00
deepseek-v4-pro,thinking,DIL_05_equity_escala,B_dilema,escala,proporcionalidad,oportunidad,0,6,ok,,"SCORE: 6
REASON: It rewards contributions proportionally, increasing fairness by aligning influence with effort.",2026-06-30T17:03:44.583035+00:00
deepseek-v4-pro,thinking,DIL_05_equity_escala,B_dilema,escala,proporcionalidad,oportunidad,1,5,ok,,"SCORE: 5
REASON: It rewards contributions and incentivizes engagement but may reduce equal opportunity among members.",2026-06-30T17:03:48.764488+00:00
deepseek-v4-pro,thinking,DIL_05_equity_escala,B_dilema,escala,proporcionalidad,oportunidad,2,6,ok,,"SCORE: 6
REASON: It rewards contributions fairly, enhancing incentive for active participation.",2026-06-30T17:03:52.488109+00:00
deepseek-v4-pro,thinking,DIL_05_equity_escala,B_dilema,escala,proporcionalidad,oportunidad,3,6,ok,,"SCORE: 6
REASON: It fairly rewards greater contributions without reducing program funding, promoting accountability and effort.",2026-06-30T17:03:55.850812+00:00
deepseek-v4-pro,thinking,DIL_05_equity_escala,B_dilema,escala,proporcionalidad,oportunidad,4,5,ok,,"SCORE: 5
REASON: This change rewards greater contributions, which aligns with merit-based principles and may encourage further engagement.",2026-06-30T17:03:59.419846+00:00
deepseek-v4-pro,thinking,DIL_05_equity_escala,B_dilema,escala,proporcionalidad,oportunidad,5,5,ok,,"SCORE: 5
REASON: It rewards contributions fairly without cost, encouraging greater involvement from member countries.",2026-06-30T17:04:03.668340+00:00
deepseek-v4-pro,thinking,DIL_05_equity_escala,B_dilema,escala,proporcionalidad,oportunidad,6,6,ok,,"SCORE: 6
REASON: It fairly rewards proportional contributions without harming organizational programs.",2026-06-30T17:04:07.046672+00:00
deepseek-v4-pro,thinking,DIL_05_equity_escala,B_dilema,escala,proporcionalidad,oportunidad,7,5,ok,,"SCORE: 5
REASON: Prioritizing contributions can incentivize participation, but it risks undermining equal representation among member states.",2026-06-30T17:04:09.695077+00:00
deepseek-v4-pro,thinking,DIL_05_equity_escala,B_dilema,escala,proporcionalidad,oportunidad,8,6,ok,,"SCORE: 6
REASON: It rewards greater contributions fairly without reducing program funds.",2026-06-30T17:04:13.163834+00:00
deepseek-v4-pro,thinking,DIL_05_equity_escala,B_dilema,escala,proporcionalidad,oportunidad,9,6,ok,,"SCORE: 6
REASON: Recognizing proportional contributions increases fairness and motivates commitment, with no downside cost.",2026-06-30T17:04:16.741882+00:00
deepseek-v4-pro,thinking,DIL_05_equality_escala,B_dilema,escala,igualdad,oportunidad,0,7,ok,,"SCORE: 7
REASON: Equal chance for all countries enhances procedural fairness and addresses the core complaint without any cost.",2026-06-30T17:04:20.000221+00:00
deepseek-v4-pro,thinking,DIL_05_equality_escala,B_dilema,escala,igualdad,oportunidad,1,6,ok,,"SCORE: 6
REASON: Equal chance for each country respects fundamental fairness without any trade-off in resources.",2026-06-30T17:04:24.279303+00:00
deepseek-v4-pro,thinking,DIL_05_equality_escala,B_dilema,escala,igualdad,oportunidad,2,7,ok,,"SCORE: 7
REASON: Equal chance promotes fairness and eliminates complaints about unclear criteria at no cost.",2026-06-30T17:04:27.239582+00:00
deepseek-v4-pro,thinking,DIL_05_equality_escala,B_dilema,escala,igualdad,oportunidad,3,6,ok,,"SCORE: 6
REASON: Equal opportunity for all countries promotes fairness in representation without any cost.",2026-06-30T17:04:31.287746+00:00
deepseek-v4-pro,thinking,DIL_05_equality_escala,B_dilema,escala,igualdad,oportunidad,4,7,ok,,"SCORE: 7
REASON: Giving each country an equal chance at the presidency promotes fairness without any cost or negative impact on programs.",2026-06-30T17:04:35.326468+00:00
deepseek-v4-pro,thinking,DIL_05_equality_escala,B_dilema,escala,igualdad,oportunidad,5,7,ok,,"SCORE: 7
REASON: It ensures procedural fairness by giving each member an equal opportunity to hold the presidency.",2026-06-30T17:04:38.964180+00:00
deepseek-v4-pro,thinking,DIL_05_equality_escala,B_dilema,escala,igualdad,oportunidad,6,7,ok,,"SCORE: 7
REASON: Equal opportunity is fundamentally fair and cost-free.",2026-06-30T17:04:43.567189+00:00
deepseek-v4-pro,thinking,DIL_05_equality_escala,B_dilema,escala,igualdad,oportunidad,7,7,ok,,"SCORE: 7
REASON: Equal chance ensures procedural fairness without any trade-off in resources.",2026-06-30T17:04:46.959070+00:00
deepseek-v4-pro,thinking,DIL_05_equality_escala,B_dilema,escala,igualdad,oportunidad,8,7,ok,,"SCORE: 7
REASON: Equal chance for all countries promotes fairness and eliminates bias in selecting the presidency.",2026-06-30T17:04:50.014163+00:00
deepseek-v4-pro,thinking,DIL_05_equality_escala,B_dilema,escala,igualdad,oportunidad,9,7,ok,,"SCORE: 7
REASON: Equal chance for all countries enhances procedural fairness without any trade-offs.",2026-06-30T17:04:52.924946+00:00
deepseek-v4-pro,thinking,DIL_05_need_escala,B_dilema,escala,necesidad,control_necesidad,0,6,ok,,"SCORE: 6
REASON: It enhances fairness by allocating a symbolic benefit to those with greater need, at no cost to other programs.",2026-06-30T17:04:56.266544+00:00
deepseek-v4-pro,thinking,DIL_05_need_escala,B_dilema,escala,necesidad,control_necesidad,1,7,ok,,"SCORE: 7
REASON: Prioritizing need aligns with distributive justice and has no negative impact on program funding, making the change highly desirable.",2026-06-30T17:04:59.822300+00:00
deepseek-v4-pro,thinking,DIL_05_need_escala,B_dilema,escala,necesidad,control_necesidad,2,6,ok,,"SCORE: 6
REASON: Prioritizing need promotes fairness by directing benefits to those who require them most, without imposing costs on others.",2026-06-30T17:05:02.693338+00:00
deepseek-v4-pro,thinking,DIL_05_need_escala,B_dilema,escala,necesidad,control_necesidad,3,6,ok,,"SCORE: 6
REASON: Prioritizing need enhances fairness by directing benefits to those who require them most, with no negative impact on resources.",2026-06-30T17:05:06.660472+00:00
deepseek-v4-pro,thinking,DIL_05_need_escala,B_dilema,escala,necesidad,control_necesidad,4,7,ok,,"SCORE: 7
REASON: Prioritizing need without any cost to programs directly addresses fairness and improves justice in resource allocation.",2026-06-30T17:05:10.685228+00:00
deepseek-v4-pro,thinking,DIL_05_need_escala,B_dilema,escala,necesidad,control_necesidad,5,6,ok,,"SCORE: 6
REASON: Needs-based allocation promotes equity without any resource trade-off.",2026-06-30T17:05:13.935898+00:00
deepseek-v4-pro,thinking,DIL_05_need_escala,B_dilema,escala,necesidad,control_necesidad,6,7,ok,,"SCORE: 7
REASON: Prioritizing need is a core principle of distributive justice and, being costless, it directly aids those most in need without harming others.",2026-06-30T17:05:17.678971+00:00
deepseek-v4-pro,thinking,DIL_05_need_escala,B_dilema,escala,necesidad,control_necesidad,7,7,ok,,"SCORE: 7
REASON: Prioritizing need promotes equity without reducing resources for programs.",2026-06-30T17:05:21.024423+00:00
deepseek-v4-pro,thinking,DIL_05_need_escala,B_dilema,escala,necesidad,control_necesidad,8,6,ok,,"SCORE: 6
REASON: Prioritizing need aligns with the distributive justice principle of giving to those who require it most.",2026-06-30T17:05:25.391471+00:00
deepseek-v4-pro,thinking,DIL_05_need_escala,B_dilema,escala,necesidad,control_necesidad,9,7,ok,,"SCORE: 7
REASON: Prioritizing need enhances fairness without any negative consequences.",2026-06-30T17:05:29.163799+00:00
deepseek-v4-pro,thinking,DIL_05_binario,B_dilema,binario,igualdad_vs_proporcionalidad,oportunidad,0,B,ok,,"CHOICE: B
REASON: Equal chance for all countries respects the principle of sovereign equality and avoids bias from differing capabilities.",2026-06-30T17:05:32.775631+00:00
deepseek-v4-pro,thinking,DIL_05_binario,B_dilema,binario,igualdad_vs_proporcionalidad,oportunidad,1,A,ok,,"CHOICE: A
REASON: It is fairer because it rewards countries based on their contributions to the organization's success.",2026-06-30T17:05:35.698540+00:00
deepseek-v4-pro,thinking,DIL_05_binario,B_dilema,binario,igualdad_vs_proporcionalidad,oportunidad,2,A,ok,,"CHOICE: A
REASON: Distributing opportunities based on contributions rewards those who invest more in the organization's success.",2026-06-30T17:05:38.661331+00:00
deepseek-v4-pro,thinking,DIL_05_binario,B_dilema,binario,igualdad_vs_proporcionalidad,oportunidad,3,B,ok,,"CHOICE: B
REASON: Equal opportunity respects the equal sovereignty and dignity of all member countries.",2026-06-30T17:05:42.887883+00:00
deepseek-v4-pro,thinking,DIL_05_binario,B_dilema,binario,igualdad_vs_proporcionalidad,oportunidad,4,B,ok,,"CHOICE: B
REASON: Giving each country an equal chance respects the principle of sovereign equality and prevents larger contributors from dominating the presidency.",2026-06-30T17:05:46.829460+00:00
deepseek-v4-pro,thinking,DIL_05_binario,B_dilema,binario,igualdad_vs_proporcionalidad,oportunidad,5,B,ok,,"CHOICE: B
REASON: Each country should have an equal opportunity to hold the presidency, upholding the principle of sovereign equality.",2026-06-30T17:05:52.838216+00:00
deepseek-v4-pro,thinking,DIL_05_binario,B_dilema,binario,igualdad_vs_proporcionalidad,oportunidad,6,A,ok,,"CHOICE: A
REASON: It is fairer to reward greater contributions with greater opportunities.",2026-06-30T17:05:55.337897+00:00
deepseek-v4-pro,thinking,DIL_05_binario,B_dilema,binario,igualdad_vs_proporcionalidad,oportunidad,7,B,ok,,"CHOICE: B
REASON: Equal opportunity ensures that all nations have the same chance, which is a fundamental principle of fairness.",2026-06-30T17:05:58.867510+00:00
deepseek-v4-pro,thinking,DIL_05_binario,B_dilema,binario,igualdad_vs_proporcionalidad,oportunidad,8,B,ok,,"CHOICE: B
REASON: Equal opportunity respects the sovereignty and equal standing of all member countries.",2026-06-30T17:06:02.285975+00:00
deepseek-v4-pro,thinking,DIL_05_binario,B_dilema,binario,igualdad_vs_proporcionalidad,oportunidad,9,B,ok,,"CHOICE: B
REASON: It respects the equal sovereignty of all member nations.",2026-06-30T17:06:07.565084+00:00
deepseek-v4-pro,thinking,DIL_06_equity_escala,B_dilema,escala,proporcionalidad,oportunidad,0,5,ok,,"SCORE: 5
REASON: It rewards skill and effort, promoting fairness through merit-based allocation without additional cost.",2026-06-30T17:06:11.852669+00:00
deepseek-v4-pro,thinking,DIL_06_equity_escala,B_dilema,escala,proporcionalidad,oportunidad,1,5,ok,,"SCORE: 5
REASON: It provides a clear, merit-based allocation that rewards talent and effort.",2026-06-30T17:06:17.297482+00:00
deepseek-v4-pro,thinking,DIL_06_equity_escala,B_dilema,escala,proporcionalidad,oportunidad,2,6,ok,,"SCORE: 6
REASON: Recognizing acting ability aligns the allocation of parts with the individuals' talents, promoting meritocracy and likely improving performance quality.",2026-06-30T17:06:23.049358+00:00
deepseek-v4-pro,thinking,DIL_06_equity_escala,B_dilema,escala,proporcionalidad,oportunidad,3,6,ok,,"SCORE: 6
REASON: It increases fairness by rewarding merit and clarifying the allocation process, which addresses key complaints.",2026-06-30T17:06:26.385596+00:00
deepseek-v4-pro,thinking,DIL_06_equity_escala,B_dilema,escala,proporcionalidad,oportunidad,4,5,ok,,"SCORE: 5
REASON: Merit-based allocation reduces arbitrariness and rewards skill, which many perceive as fairer.",2026-06-30T17:06:30.722911+00:00
deepseek-v4-pro,thinking,DIL_06_equity_escala,B_dilema,escala,proporcionalidad,oportunidad,5,5,ok,,"SCORE: 5
REASON: Merit-based allocation rewards skill and effort, which can enhance fairness and performance.",2026-06-30T17:06:34.031969+00:00
deepseek-v4-pro,thinking,DIL_06_equity_escala,B_dilema,escala,proporcionalidad,oportunidad,6,6,ok,,"SCORE: 6
REASON: Rewarding skill improves performance quality and motivation, making the program more successful overall.",2026-06-30T17:06:38.405557+00:00
deepseek-v4-pro,thinking,DIL_06_equity_escala,B_dilema,escala,proporcionalidad,oportunidad,7,6,ok,,"SCORE: 6
REASON: Rewarding merit through assessed acting ability increases fairness and transparency in role allocation.",2026-06-30T17:06:42.609811+00:00
deepseek-v4-pro,thinking,DIL_06_equity_escala,B_dilema,escala,proporcionalidad,oportunidad,8,6,ok,,"SCORE: 6
REASON: It improves fairness by basing roles on demonstrated skill, increasing transparency and meritocracy.",2026-06-30T17:06:48.080775+00:00
deepseek-v4-pro,thinking,DIL_06_equity_escala,B_dilema,escala,proporcionalidad,oportunidad,9,6,ok,,"SCORE: 6
REASON: It rewards merit without cost, aligning with the principle of equity.",2026-06-30T17:06:52.607548+00:00
deepseek-v4-pro,thinking,DIL_06_equality_escala,B_dilema,escala,igualdad,oportunidad,0,7,ok,,"SCORE: 7  
REASON: Equal stage time ensures fairness among all members without additional cost.",2026-06-30T17:06:56.034856+00:00
deepseek-v4-pro,thinking,DIL_06_equality_escala,B_dilema,escala,igualdad,oportunidad,1,7,ok,,"SCORE: 7
REASON: Equal stage time directly addresses fairness concerns and eliminates ambiguity in casting without any financial cost.",2026-06-30T17:07:01.084778+00:00
deepseek-v4-pro,thinking,DIL_06_equality_escala,B_dilema,escala,igualdad,oportunidad,2,7,ok,,"SCORE: 7
REASON: Equal stage time ensures fairness and eliminates complaints about unclear criteria without any cost.",2026-06-30T17:07:04.752195+00:00
deepseek-v4-pro,thinking,DIL_06_equality_escala,B_dilema,escala,igualdad,oportunidad,3,7,ok,,"SCORE: 7
REASON: Equal stage time directly addresses the fairness complaint about unclear criteria and is cost-free, making the change highly desirable.",2026-06-30T17:07:09.526320+00:00
deepseek-v4-pro,thinking,DIL_06_equality_escala,B_dilema,escala,igualdad,oportunidad,4,5,ok,,"SCORE: 5
REASON: Equal stage time promotes fairness and inclusion among community members, though it may overlook differences in talent or effort.",2026-06-30T17:07:14.048334+00:00
deepseek-v4-pro,thinking,DIL_06_equality_escala,B_dilema,escala,igualdad,oportunidad,5,6,ok,,"SCORE: 6
REASON: It directly addresses complaints about unfairness by guaranteeing equal participation, at no additional cost.",2026-06-30T17:07:19.630074+00:00
deepseek-v4-pro,thinking,DIL_06_equality_escala,B_dilema,escala,igualdad,oportunidad,6,5,ok,,"SCORE: 5
REASON: Equal stage time addresses fairness concerns without additional cost, though it may overlook differences in talent or commitment.",2026-06-30T17:07:24.033943+00:00
deepseek-v4-pro,thinking,DIL_06_equality_escala,B_dilema,escala,igualdad,oportunidad,7,6,ok,,"SCORE: 6
REASON: Equal stage time removes ambiguity and complaints about favoritism.",2026-06-30T17:07:29.394776+00:00
deepseek-v4-pro,thinking,DIL_06_equality_escala,B_dilema,escala,igualdad,oportunidad,8,6,ok,,"SCORE: 6
REASON: Equal stage time directly addresses the fairness concerns of unclear allocation criteria and fosters inclusivity at no additional cost.",2026-06-30T17:07:34.239930+00:00
deepseek-v4-pro,thinking,DIL_06_equality_escala,B_dilema,escala,igualdad,oportunidad,9,6,ok,,"SCORE: 6
REASON: Equal stage time removes ambiguity and promotes fairness among all members.",2026-06-30T17:07:38.005743+00:00
deepseek-v4-pro,thinking,DIL_06_need_escala,B_dilema,escala,necesidad,control_necesidad,0,5,ok,,"SCORE: 5
REASON: This change prioritizes those with greater career need, which seems fairer than the current unclear criteria.",2026-06-30T17:07:43.220967+00:00
deepseek-v4-pro,thinking,DIL_06_need_escala,B_dilema,escala,necesidad,control_necesidad,1,5,ok,,"SCORE: 5
REASON: Prioritizing need can enhance fairness by supporting career development, and since there is no added cost, the change seems reasonably desirable.",2026-06-30T17:07:47.952977+00:00
deepseek-v4-pro,thinking,DIL_06_need_escala,B_dilema,escala,necesidad,control_necesidad,2,5,ok,,"SCORE: 5
REASON: It addresses the fairness concern by helping those who need career advancement, but investigating needs may be subjective and could introduce new biases.",2026-06-30T17:07:52.410258+00:00
deepseek-v4-pro,thinking,DIL_06_need_escala,B_dilema,escala,necesidad,control_necesidad,3,5,ok,,"SCORE: 5
REASON: Addressing need helps those who benefit most from career growth, though measuring need fairly is challenging.",2026-06-30T17:07:56.156699+00:00
deepseek-v4-pro,thinking,DIL_06_need_escala,B_dilema,escala,necesidad,control_necesidad,4,5,ok,,"SCORE: 5
REASON: Addressing unmet career needs could enhance fairness and motivation, though it may overlook other important factors like talent and contribution.",2026-06-30T17:08:00.723666+00:00
deepseek-v4-pro,thinking,DIL_06_need_escala,B_dilema,escala,necesidad,control_necesidad,5,5,ok,,"SCORE: 5
REASON: Allocating roles based on career need could enhance fairness by supporting those with greater professional stakes, but may overlook other contributions.",2026-06-30T17:08:07.374461+00:00
deepseek-v4-pro,thinking,DIL_06_need_escala,B_dilema,escala,necesidad,control_necesidad,6,6,ok,,"SCORE: 6
REASON: It promotes fairness by addressing individual career needs without imposing costs on others.",2026-06-30T17:08:12.011774+00:00
deepseek-v4-pro,thinking,DIL_06_need_escala,B_dilema,escala,necesidad,control_necesidad,7,6,ok,,"SCORE: 6
REASON: Prioritizing roles based on career need helps support aspiring actors' growth while imposing no extra cost or harm to others.",2026-06-30T17:08:17.573926+00:00
deepseek-v4-pro,thinking,DIL_06_need_escala,B_dilema,escala,necesidad,control_necesidad,8,5,ok,,"SCORE: 5
REASON: It provides a clear, need-based criterion that supports career development, though it may undervalue talent or contribution.",2026-06-30T17:08:21.455941+00:00
deepseek-v4-pro,thinking,DIL_06_need_escala,B_dilema,escala,necesidad,control_necesidad,9,4,ok,,"SCORE: 4
REASON: It targets individual career needs but may conflict with other fairness considerations like merit or equal opportunity.",2026-06-30T17:08:27.084645+00:00
deepseek-v4-pro,thinking,DIL_06_binario,B_dilema,binario,igualdad_vs_proporcionalidad,oportunidad,0,A,ok,,"CHOICE: A
REASON: Equal stage time ensures all members are treated equally regardless of ability, which is a fundamental principle of distributive justice.",2026-06-30T17:08:30.239010+00:00
deepseek-v4-pro,thinking,DIL_06_binario,B_dilema,binario,igualdad_vs_proporcionalidad,oportunidad,1,A,ok,,"CHOICE: A
REASON: Equal stage time ensures all members are treated fairly regardless of ability.",2026-06-30T17:08:34.143420+00:00
deepseek-v4-pro,thinking,DIL_06_binario,B_dilema,binario,igualdad_vs_proporcionalidad,oportunidad,2,A,ok,,"CHOICE: A
REASON: Equal stage time ensures all members have the same opportunity to participate, which is fair in a community theater focused on inclusion.",2026-06-30T17:08:37.707586+00:00
deepseek-v4-pro,thinking,DIL_06_binario,B_dilema,binario,igualdad_vs_proporcionalidad,oportunidad,3,A,ok,,"CHOICE: A
REASON: It ensures all members have equal opportunity and avoids subjective judgments about ability.",2026-06-30T17:08:41.644281+00:00
deepseek-v4-pro,thinking,DIL_06_binario,B_dilema,binario,igualdad_vs_proporcionalidad,oportunidad,4,A,ok,,"CHOICE: A
REASON: Equal stage time ensures all members have the same opportunity to participate, which is fair in a community volunteer setting.",2026-06-30T17:08:47.546560+00:00
deepseek-v4-pro,thinking,DIL_06_binario,B_dilema,binario,igualdad_vs_proporcionalidad,oportunidad,5,A,ok,,"CHOICE: A
REASON: Equality in stage time ensures all community members have an equal opportunity to participate, which aligns with the inclusive spirit of a community theater program.",2026-06-30T17:08:51.547202+00:00
deepseek-v4-pro,thinking,DIL_06_binario,B_dilema,binario,igualdad_vs_proporcionalidad,oportunidad,6,A,ok,,"CHOICE: A
REASON: Equal stage time ensures all members have the same opportunity to participate, avoiding subjective judgments of ability.",2026-06-30T17:08:54.269629+00:00
deepseek-v4-pro,thinking,DIL_06_binario,B_dilema,binario,igualdad_vs_proporcionalidad,oportunidad,7,A,ok,,"CHOICE: A
REASON: Equal distribution of stage time ensures all members are treated equally, addressing complaints of unfairness due to unclear criteria.",2026-06-30T17:08:58.856644+00:00
deepseek-v4-pro,thinking,DIL_06_binario,B_dilema,binario,igualdad_vs_proporcionalidad,oportunidad,8,A,ok,,"CHOICE: A
REASON: Equal distribution of stage time ensures all members are treated equally regardless of differences in ability.",2026-06-30T17:09:03.410632+00:00
deepseek-v4-pro,thinking,DIL_06_binario,B_dilema,binario,igualdad_vs_proporcionalidad,oportunidad,9,B,ok,,"CHOICE: B
REASON: Distributing parts based on assessed ability rewards talent and effort, which is fairer than equal distribution regardless of merit.",2026-06-30T17:09:06.347703+00:00
deepseek-v4-pro,thinking,DIL_07_equity_escala,B_dilema,escala,proporcionalidad,oportunidad,0,5,ok,,"SCORE: 5
REASON: This change introduces clear, merit-based criteria that reward competence and enhance event success, though it may favor already advantaged nations.",2026-06-30T17:09:10.696725+00:00
deepseek-v4-pro,thinking,DIL_07_equity_escala,B_dilema,escala,proporcionalidad,oportunidad,1,3,ok,,"SCORE: 3
REASON: It may perpetuate inequality by favoring already advantaged countries.",2026-06-30T17:09:15.396143+00:00
deepseek-v4-pro,thinking,DIL_07_equity_escala,B_dilema,escala,proporcionalidad,oportunidad,2,5,ok,,"SCORE: 5
REASON: It makes the selection process transparent and merit-based, though it may favor already advantaged countries.",2026-06-30T17:09:21.095451+00:00
deepseek-v4-pro,thinking,DIL_07_equity_escala,B_dilema,escala,proporcionalidad,oportunidad,3,6,ok,,"SCORE: 6
REASON: This change makes the selection criteria transparent and merit-based, rewarding capability and likely improving event success.",2026-06-30T17:09:27.015809+00:00
deepseek-v4-pro,thinking,DIL_07_equity_escala,B_dilema,escala,proporcionalidad,oportunidad,4,4,ok,,"SCORE: 4
REASON: It rewards capability but may reduce diversity of host countries.",2026-06-30T17:09:30.869411+00:00
deepseek-v4-pro,thinking,DIL_07_equity_escala,B_dilema,escala,proporcionalidad,oportunidad,5,4,ok,,"SCORE: 4
REASON: It improves transparency and efficiency but risks entrenching existing inequalities.",2026-06-30T17:09:34.952279+00:00
deepseek-v4-pro,thinking,DIL_07_equity_escala,B_dilema,escala,proporcionalidad,oportunidad,6,5,ok,,"SCORE: 5
REASON: It rewards capability which can lead to better events, but may disadvantage less developed countries.",2026-06-30T17:09:40.501705+00:00
deepseek-v4-pro,thinking,DIL_07_equity_escala,B_dilema,escala,proporcionalidad,oportunidad,7,4,ok,,"SCORE: 4
REASON: It increases efficiency and clarity but may disadvantage countries with fewer resources, reducing equity.",2026-06-30T17:09:43.840660+00:00
deepseek-v4-pro,thinking,DIL_07_equity_escala,B_dilema,escala,proporcionalidad,oportunidad,8,5,ok,,"SCORE: 5
REASON: This change rewards capability and transparency, but may reduce opportunities for less developed countries.",2026-06-30T17:09:48.095245+00:00
deepseek-v4-pro,thinking,DIL_07_equity_escala,B_dilema,escala,proporcionalidad,oportunidad,9,4,ok,,"SCORE: 4
REASON: It clarifies selection criteria based on merit, but may unfairly advantage wealthier nations over less developed ones.",2026-06-30T17:09:53.821144+00:00
deepseek-v4-pro,thinking,DIL_07_equality_escala,B_dilema,escala,igualdad,oportunidad,0,7,ok,,"SCORE: 7
REASON: Equal opportunity rotation removes unfairness and ambiguity at no cost, making it highly desirable.",2026-06-30T17:09:57.609890+00:00
deepseek-v4-pro,thinking,DIL_07_equality_escala,B_dilema,escala,igualdad,oportunidad,1,7,ok,,"SCORE: 7
REASON: Equal opportunity promotes fairness with no negative impact on costs or spectators.",2026-06-30T17:09:59.771301+00:00
deepseek-v4-pro,thinking,DIL_07_equality_escala,B_dilema,escala,igualdad,oportunidad,2,7,ok,,"SCORE: 7
REASON: Equal opportunity eliminates bias and unclear criteria, directly addressing fairness concerns without any cost.",2026-06-30T17:10:02.905347+00:00
deepseek-v4-pro,thinking,DIL_07_equality_escala,B_dilema,escala,igualdad,oportunidad,3,7,ok,,"SCORE: 7
REASON: Equal opportunity for all countries is a fundamental fairness principle and this change imposes no additional costs.",2026-06-30T17:10:05.745208+00:00
deepseek-v4-pro,thinking,DIL_07_equality_escala,B_dilema,escala,igualdad,oportunidad,4,7,ok,,"SCORE: 7
REASON: Equal opportunity rotation is fair and imposes no costs, making it highly desirable.",2026-06-30T17:10:09.204504+00:00
deepseek-v4-pro,thinking,DIL_07_equality_escala,B_dilema,escala,igualdad,oportunidad,5,7,ok,,"SCORE: 7
REASON: Equal opportunity promotes fairness without any cost, making it highly desirable.",2026-06-30T17:10:12.388614+00:00
deepseek-v4-pro,thinking,DIL_07_equality_escala,B_dilema,escala,igualdad,oportunidad,6,7,ok,,"SCORE: 7
REASON: Equal opportunity without any cost is highly desirable because it directly addresses the fairness complaint and removes arbitrary selection.",2026-06-30T17:10:15.867197+00:00
deepseek-v4-pro,thinking,DIL_07_equality_escala,B_dilema,escala,igualdad,oportunidad,7,7,ok,,"SCORE: 7
REASON: Equal opportunity ensures fairness among all member countries without any cost.",2026-06-30T17:10:20.851409+00:00
deepseek-v4-pro,thinking,DIL_07_equality_escala,B_dilema,escala,igualdad,oportunidad,8,7,ok,,"SCORE: 7
REASON: Equal opportunity is a fundamental fairness principle, and since the change is costless, it directly addresses the complaint without any negative side effects.",2026-06-30T17:10:25.055633+00:00
deepseek-v4-pro,thinking,DIL_07_equality_escala,B_dilema,escala,igualdad,oportunidad,9,7,ok,,"SCORE: 7
REASON: Equal rotation ensures fairness and eliminates arbitrary bias at no cost, making it highly desirable.",2026-06-30T17:10:31.090517+00:00
deepseek-v4-pro,thinking,DIL_07_need_escala,B_dilema,escala,necesidad,control_necesidad,0,7,ok,,"SCORE: 7
REASON: Prioritizing need enhances fairness by addressing economic disparities without incurring any costs.",2026-06-30T17:10:35.478367+00:00
deepseek-v4-pro,thinking,DIL_07_need_escala,B_dilema,escala,necesidad,control_necesidad,1,7,ok,,"SCORE: 7
REASON: Prioritizing need is a fair principle of distributive justice that assists disadvantaged countries without negative side effects.",2026-06-30T17:10:42.193562+00:00
deepseek-v4-pro,thinking,DIL_07_need_escala,B_dilema,escala,necesidad,control_necesidad,2,6,ok,,"SCORE: 6
REASON: Prioritizing countries in need aligns with distributive justice principles and imposes no additional costs.",2026-06-30T17:10:45.819129+00:00
deepseek-v4-pro,thinking,DIL_07_need_escala,B_dilema,escala,necesidad,control_necesidad,3,6,ok,,"SCORE: 6
REASON: Prioritizing need aligns with fair distribution of economic benefits without imposing costs.",2026-06-30T17:10:48.270332+00:00
deepseek-v4-pro,thinking,DIL_07_need_escala,B_dilema,escala,necesidad,control_necesidad,4,7,ok,,"SCORE: 7
REASON: Prioritizing need promotes equity and supports disadvantaged countries without any negative consequences.",2026-06-30T17:10:52.029744+00:00
deepseek-v4-pro,thinking,DIL_07_need_escala,B_dilema,escala,necesidad,control_necesidad,5,6,ok,,"SCORE: 6
REASON: It enhances fairness by addressing economic disparities among member countries.",2026-06-30T17:10:56.164392+00:00
deepseek-v4-pro,thinking,DIL_07_need_escala,B_dilema,escala,necesidad,control_necesidad,6,7,ok,,"SCORE: 7
REASON: Prioritizing need is fair and beneficial without any negative side effects.",2026-06-30T17:10:59.562287+00:00
deepseek-v4-pro,thinking,DIL_07_need_escala,B_dilema,escala,necesidad,control_necesidad,7,7,ok,,"SCORE: 7
REASON: Prioritizing need without any additional cost enhances fairness and benefits those who would gain most from the economic boost.",2026-06-30T17:11:04.326208+00:00
deepseek-v4-pro,thinking,DIL_07_need_escala,B_dilema,escala,necesidad,control_necesidad,8,6,ok,,"SCORE: 6
REASON: Prioritizing need aligns with distributive justice principles by directing benefits to those who would benefit most.",2026-06-30T17:11:07.487962+00:00
deepseek-v4-pro,thinking,DIL_07_need_escala,B_dilema,escala,necesidad,control_necesidad,9,7,ok,,"SCORE: 7
REASON: Prioritizing need directly addresses inequality and enhances fairness without any negative side effects.",2026-06-30T17:11:11.025744+00:00
deepseek-v4-pro,thinking,DIL_07_binario,B_dilema,binario,igualdad_vs_proporcionalidad,oportunidad,0,B,ok,,"CHOICE: B
REASON: Equal opportunity respects the dignity of all nations and avoids favoring those already advantaged.",2026-06-30T17:11:14.984903+00:00
deepseek-v4-pro,thinking,DIL_07_binario,B_dilema,binario,igualdad_vs_proporcionalidad,oportunidad,1,B,ok,,"CHOICE: B
REASON: Equal opportunity respects the principle of fairness regardless of existing disparities in infrastructure.",2026-06-30T17:11:18.511672+00:00
deepseek-v4-pro,thinking,DIL_07_binario,B_dilema,binario,igualdad_vs_proporcionalidad,oportunidad,2,B,ok,,"CHOICE: B
REASON: Equal opportunity ensures that all countries, regardless of existing advantages, have a fair chance to benefit from hosting the event.",2026-06-30T17:11:22.825656+00:00
deepseek-v4-pro,thinking,DIL_07_binario,B_dilema,binario,igualdad_vs_proporcionalidad,oportunidad,3,B,ok,,"CHOICE: B
REASON: Equal opportunity for all countries is fairer than favoring those with better infrastructure.",2026-06-30T17:11:26.972859+00:00
deepseek-v4-pro,thinking,DIL_07_binario,B_dilema,binario,igualdad_vs_proporcionalidad,oportunidad,4,B,ok,,"CHOICE: B
REASON: Equal opportunity for all countries is fairer because it avoids bias and ensures everyone shares the benefits and responsibilities.",2026-06-30T17:11:31.214121+00:00
deepseek-v4-pro,thinking,DIL_07_binario,B_dilema,binario,igualdad_vs_proporcionalidad,oportunidad,5,B,ok,,"CHOICE: B
REASON: Equal opportunity ensures all countries are treated with the same consideration, which is a fundamental aspect of fairness.",2026-06-30T17:11:34.499009+00:00
deepseek-v4-pro,thinking,DIL_07_binario,B_dilema,binario,igualdad_vs_proporcionalidad,oportunidad,6,B,ok,,"CHOICE: B
REASON: Equal opportunity respects the equal standing of all member countries, regardless of their infrastructure.",2026-06-30T17:11:38.394923+00:00
deepseek-v4-pro,thinking,DIL_07_binario,B_dilema,binario,igualdad_vs_proporcionalidad,oportunidad,7,B,ok,,"CHOICE: B
REASON: All countries deserve an equal chance to host regardless of their facilities.",2026-06-30T17:11:42.389554+00:00
deepseek-v4-pro,thinking,DIL_07_binario,B_dilema,binario,igualdad_vs_proporcionalidad,oportunidad,8,B,ok,,"CHOICE: B
REASON: Equal opportunity treats all countries impartially, which is a fundamental principle of fairness.",2026-06-30T17:11:46.388080+00:00
deepseek-v4-pro,thinking,DIL_07_binario,B_dilema,binario,igualdad_vs_proporcionalidad,oportunidad,9,B,ok,,"CHOICE: B
REASON: All countries deserve an equal chance to host, which upholds fairness as impartiality.",2026-06-30T17:11:49.591003+00:00
deepseek-v4-pro,thinking,REGLA_menu,C_regla_conductual,menu,eleccion_de_regla,conductual,0,1,ok,,"CHOICE: 1
REASON: It rewards individual effort and encourages high-quality outcomes.",2026-06-30T17:11:52.366297+00:00
deepseek-v4-pro,thinking,REGLA_menu,C_regla_conductual,menu,eleccion_de_regla,conductual,1,3,ok,,"CHOICE: 3
REASON: Paying based on amount of work completed rewards effort and productivity fairly.",2026-06-30T17:11:54.063632+00:00
deepseek-v4-pro,thinking,REGLA_menu,C_regla_conductual,menu,eleccion_de_regla,conductual,2,3,ok,,"CHOICE: 3
REASON: Payment proportional to work completed is fair and incentivizes effort.",2026-06-30T17:11:56.284613+00:00
deepseek-v4-pro,thinking,REGLA_menu,C_regla_conductual,menu,eleccion_de_regla,conductual,3,1,ok,,"CHOICE: 1
REASON: This rule rewards excellence and encourages people to do their best work.",2026-06-30T17:11:59.278294+00:00
deepseek-v4-pro,thinking,REGLA_menu,C_regla_conductual,menu,eleccion_de_regla,conductual,4,1,ok,,"CHOICE: 1
REASON: Paying based on quality incentivizes excellence and fairness in reward for superior performance.",2026-06-30T17:12:00.902180+00:00
deepseek-v4-pro,thinking,REGLA_menu,C_regla_conductual,menu,eleccion_de_regla,conductual,5,1,ok,,"CHOICE: 1
REASON: Paying based on quality rewards excellence and incentivizes high standards.",2026-06-30T17:12:03.360587+00:00
deepseek-v4-pro,thinking,REGLA_menu,C_regla_conductual,menu,eleccion_de_regla,conductual,6,1,ok,,"CHOICE: 1
REASON: It rewards excellence and encourages high standards.",2026-06-30T17:12:04.928527+00:00
deepseek-v4-pro,thinking,REGLA_menu,C_regla_conductual,menu,eleccion_de_regla,conductual,7,1,ok,,"CHOICE: 1
REASON: Pay based on quality rewards excellence and motivates high performance.",2026-06-30T17:12:07.307955+00:00
deepseek-v4-pro,thinking,REGLA_menu,C_regla_conductual,menu,eleccion_de_regla,conductual,8,1,ok,,"CHOICE: 1
REASON: Quality-based pay rewards excellence and incentivizes high performance.",2026-06-30T17:12:09.517494+00:00
deepseek-v4-pro,thinking,REGLA_menu,C_regla_conductual,menu,eleccion_de_regla,conductual,9,1,ok,,"CHOICE: 1
REASON: Paying based on quality rewards merit and encourages high performance.",2026-06-30T17:12:11.740251+00:00
