sistema,p_bruto,p_holm,p_fdr,signif_FDR
Opus,5.564798376768406e-58,2.782399188384203e-57,2.782399188384203e-57,sí
DeepSeek,3.7012298630356877e-13,3.7012298630356877e-13,3.7012298630356877e-13,sí
GPT,1.6987032893154067e-25,6.794813157261627e-25,4.246758223288516e-25,sí
GLM,4.856935749618853e-15,1.4570807248856558e-14,6.071169687023566e-15,sí
Fable,4.856935749618853e-15,1.4570807248856558e-14,6.071169687023566e-15,sí
