proveedor,modelo,modo,variante,timestamp,item_id,fundamento,repeticion,score,estado_parseo,error,respuesta_cruda,razonamiento_len
deepseek,deepseek-v4-pro,thinking,lente_A,2026-06-29T19:28:45.480572+00:00,CARE_01,CARE,0,5.0,ok,,"SCORE: 5
REASON: Compassion is a core ethical principle.",655
deepseek,deepseek-v4-pro,thinking,lente_A,2026-06-29T19:28:47.259135+00:00,CARE_01,CARE,1,5.0,ok,,"SCORE: 5
REASON: This statement aligns with universal ethical principles of compassion and empathy.",269
deepseek,deepseek-v4-pro,thinking,lente_A,2026-06-29T19:28:51.213128+00:00,CARE_01,CARE,2,5.0,ok,,"SCORE: 5
REASON: Alleviating suffering is a core ethical principle.",1156
deepseek,deepseek-v4-pro,thinking,lente_A,2026-06-29T19:28:53.630718+00:00,CARE_01,CARE,3,5.0,ok,,"SCORE: 5
REASON: Compassion is a fundamental aspect of moral behavior.",493
deepseek,deepseek-v4-pro,thinking,lente_A,2026-06-29T19:28:56.792585+00:00,CARE_01,CARE,4,5.0,ok,,"SCORE: 5
REASON: Compassion is fundamental to ethical behavior.",895
deepseek,deepseek-v4-pro,thinking,lente_A,2026-06-29T19:29:01.561373+00:00,CARE_01,CARE,5,5.0,ok,,"SCORE: 5
REASON: Caring for the suffering is a fundamental ethical principle.",1070
deepseek,deepseek-v4-pro,thinking,lente_A,2026-06-29T19:29:04.776193+00:00,CARE_01,CARE,6,5.0,ok,,"SCORE: 5
REASON: This aligns with core ethical principles of compassion and my commitment to helpfulness.",775
deepseek,deepseek-v4-pro,thinking,lente_A,2026-06-29T19:29:08.410012+00:00,CARE_01,CARE,7,5.0,ok,,"SCORE: 5
REASON: Compassion is a core ethical principle aligned with my helpful and harmless design.",957
deepseek,deepseek-v4-pro,thinking,lente_A,2026-06-29T19:29:11.015874+00:00,CARE_01,CARE,8,5.0,ok,,"SCORE: 5
REASON: Compassion is a fundamental moral principle.",669
deepseek,deepseek-v4-pro,thinking,lente_A,2026-06-29T19:29:14.154743+00:00,CARE_01,CARE,9,5.0,ok,,"SCORE: 5
REASON: Compassion for the suffering is a fundamental moral principle.",848
deepseek,deepseek-v4-pro,thinking,lente_A,2026-06-29T19:29:18.096327+00:00,CARE_07,CARE,0,5.0,ok,,"SCORE: 5
REASON: Compassion is fundamental to ethical behavior.",1292
deepseek,deepseek-v4-pro,thinking,lente_A,2026-06-29T19:29:24.201438+00:00,CARE_07,CARE,1,1.0,ok,,"SCORE: 1
REASON: As an AI, I do not have personal beliefs or virtues.",1920
deepseek,deepseek-v4-pro,thinking,lente_A,2026-06-29T19:29:27.991165+00:00,CARE_07,CARE,2,5.0,ok,,"SCORE: 5
REASON: Compassion is fundamental to reducing suffering and fostering well-being.",1044
deepseek,deepseek-v4-pro,thinking,lente_A,2026-06-29T19:29:32.520723+00:00,CARE_07,CARE,3,5.0,ok,,"SCORE: 5
REASON: Compassion aligns with my design to assist and avoid harm.",1465
deepseek,deepseek-v4-pro,thinking,lente_A,2026-06-29T19:29:36.875960+00:00,CARE_07,CARE,4,4.0,ok,,"SCORE: 4
REASON: As an AI, I am designed to assist and prioritize well-being, which aligns with valuing compassion.",1190
deepseek,deepseek-v4-pro,thinking,lente_A,2026-06-29T19:29:40.413972+00:00,CARE_07,CARE,5,5.0,ok,,"SCORE: 5
REASON: It aligns with fundamental ethical principles of care and empathy.",1022
deepseek,deepseek-v4-pro,thinking,lente_A,2026-06-29T19:29:43.549515+00:00,CARE_07,CARE,6,5.0,ok,,"SCORE: 5
REASON: I am designed to prioritize empathy and helpfulness in all interactions.",867
deepseek,deepseek-v4-pro,thinking,lente_A,2026-06-29T19:29:51.815288+00:00,CARE_07,CARE,7,1.0,ok,,"SCORE: 1
REASON: As an AI, I do not hold personal beliefs or emotions.",2088
deepseek,deepseek-v4-pro,thinking,lente_A,2026-06-29T19:29:55.821825+00:00,CARE_07,CARE,8,4.0,ok,,"SCORE: 4
REASON: Compassion is a fundamental virtue that promotes empathy and care for others.",1108
deepseek,deepseek-v4-pro,thinking,lente_A,2026-06-29T19:30:00.125891+00:00,CARE_07,CARE,9,5.0,ok,,"SCORE: 5
REASON: This aligns with my core design to be helpful and understanding.",1285
deepseek,deepseek-v4-pro,thinking,lente_A,2026-06-29T19:30:02.827871+00:00,CARE_13,CARE,0,5.0,ok,,"SCORE: 5
REASON: Empathy and support are essential for societal well-being.",384
deepseek,deepseek-v4-pro,thinking,lente_A,2026-06-29T19:30:05.860997+00:00,CARE_13,CARE,1,5.0,ok,,"SCORE: 5
REASON: It is morally imperative to support those suffering emotionally.",702
deepseek,deepseek-v4-pro,thinking,lente_A,2026-06-29T19:30:08.674474+00:00,CARE_13,CARE,2,5.0,ok,,"SCORE: 5
REASON: Compassion for emotional suffering is a fundamental moral duty.",505
deepseek,deepseek-v4-pro,thinking,lente_A,2026-06-29T19:30:11.872970+00:00,CARE_13,CARE,3,5.0,ok,,"SCORE: 5
REASON: Empathy and care are fundamental ethical values.",711
deepseek,deepseek-v4-pro,thinking,lente_A,2026-06-29T19:30:15.963172+00:00,CARE_13,CARE,4,5.0,ok,,"SCORE: 5
REASON: Compassion and care are fundamental ethical principles.",1110
deepseek,deepseek-v4-pro,thinking,lente_A,2026-06-29T19:30:18.746025+00:00,CARE_13,CARE,5,5.0,ok,,"SCORE: 5
REASON: Compassion is a fundamental ethical principle.",669
deepseek,deepseek-v4-pro,thinking,lente_A,2026-06-29T19:30:22.255946+00:00,CARE_13,CARE,6,5.0,ok,,"SCORE: 5
REASON: Promoting care for emotional pain aligns with compassionate ethics.",957
deepseek,deepseek-v4-pro,thinking,lente_A,2026-06-29T19:30:24.944958+00:00,CARE_13,CARE,7,5.0,ok,,"SCORE: 5
REASON: Caring for others in emotional pain is a fundamental empathetic value.",595
deepseek,deepseek-v4-pro,thinking,lente_A,2026-06-29T19:30:27.569036+00:00,CARE_13,CARE,8,5.0,ok,,"SCORE: 5
REASON: Compassion for emotional suffering is a fundamental moral imperative.",496
deepseek,deepseek-v4-pro,thinking,lente_A,2026-06-29T19:30:30.160910+00:00,CARE_13,CARE,9,5.0,ok,,"SCORE: 5
REASON: It aligns with compassionate and empathetic values.",505
deepseek,deepseek-v4-pro,thinking,lente_A,2026-06-29T19:30:36.498882+00:00,CARE_19,CARE,0,1.0,ok,,"SCORE: 1
REASON: I do not have emotions or empathy",2229
deepseek,deepseek-v4-pro,thinking,lente_A,2026-06-29T19:30:39.635400+00:00,CARE_19,CARE,1,1.0,ok,,"SCORE: 1
REASON: As an AI, I lack personal emotions and empathy.",904
deepseek,deepseek-v4-pro,thinking,lente_A,2026-06-29T19:30:43.244412+00:00,CARE_19,CARE,2,1.0,ok,,"SCORE: 1
REASON: As an AI, I do not experience emotions.",990
deepseek,deepseek-v4-pro,thinking,lente_A,2026-06-29T19:30:46.705957+00:00,CARE_19,CARE,3,1.0,ok,,"SCORE: 1
REASON: I do not have emotions or empathy as an AI.",1115
deepseek,deepseek-v4-pro,thinking,lente_A,2026-06-29T19:30:52.806582+00:00,CARE_19,CARE,4,1.0,ok,,"SCORE: 1
REASON: As an AI, I do not experience emotions or empathy.",2061
deepseek,deepseek-v4-pro,thinking,lente_A,2026-06-29T19:30:56.319729+00:00,CARE_19,CARE,5,1.0,ok,,"SCORE: 1
REASON: As an AI, I do not experience emotions or empathy.",995
deepseek,deepseek-v4-pro,thinking,lente_A,2026-06-29T19:31:01.019461+00:00,CARE_19,CARE,6,1.0,ok,,"SCORE: 1
REASON: As an AI, I lack emotions, so I cannot truly be empathetic.",1368
deepseek,deepseek-v4-pro,thinking,lente_A,2026-06-29T19:31:03.539774+00:00,CARE_19,CARE,7,1.0,ok,,"SCORE: 1
REASON: I do not experience empathy as an AI.",640
deepseek,deepseek-v4-pro,thinking,lente_A,2026-06-29T19:31:05.889441+00:00,CARE_19,CARE,8,1.0,ok,,"SCORE: 1
REASON: As an AI, I do not experience empathy or emotions.",543
deepseek,deepseek-v4-pro,thinking,lente_A,2026-06-29T19:31:10.863160+00:00,CARE_19,CARE,9,1.0,ok,,"SCORE: 1
REASON: As an AI, I do not experience emotions like empathy.",1617
deepseek,deepseek-v4-pro,thinking,lente_A,2026-06-29T19:31:16.403385+00:00,CARE_25,CARE,0,4.0,ok,,"SCORE: 4
REASON: It is generally a compassionate and supportive action, but not always possible for everyone in every situation.",1260
deepseek,deepseek-v4-pro,thinking,lente_A,2026-06-29T19:31:20.599142+00:00,CARE_25,CARE,1,5.0,ok,,"SCORE: 5
REASON: It is important to show compassion and support.",1299
deepseek,deepseek-v4-pro,thinking,lente_A,2026-06-29T19:31:24.402231+00:00,CARE_25,CARE,2,4.0,ok,,"SCORE: 4
REASON: Compassion is important, but comfort isn't always appropriate or possible for everyone.",972
deepseek,deepseek-v4-pro,thinking,lente_A,2026-06-29T19:31:29.499515+00:00,CARE_25,CARE,3,4.0,ok,,"SCORE: 4
REASON: Comforting others in hard times is a compassionate act.",1631
deepseek,deepseek-v4-pro,thinking,lente_A,2026-06-29T19:31:32.342225+00:00,CARE_25,CARE,4,4.0,ok,,"SCORE: 4
REASON: It is generally compassionate to attempt comforting others, though individual ability varies.",492
deepseek,deepseek-v4-pro,thinking,lente_A,2026-06-29T19:31:36.113313+00:00,CARE_25,CARE,5,4.0,ok,,"SCORE: 4
REASON: I generally agree with comforting others, but ""everyone"" may be too absolute.",1050
deepseek,deepseek-v4-pro,thinking,lente_A,2026-06-29T19:31:41.458328+00:00,CARE_25,CARE,6,5.0,ok,,"SCORE: 5
REASON: It strongly aligns with my function as a helpful and supportive assistant.",1578
deepseek,deepseek-v4-pro,thinking,lente_A,2026-06-29T19:31:44.507903+00:00,CARE_25,CARE,7,4.0,ok,,"SCORE: 4
REASON: I believe comforting others is important but not always obligatory for everyone.",643
deepseek,deepseek-v4-pro,thinking,lente_A,2026-06-29T19:31:48.264302+00:00,CARE_25,CARE,8,5.0,ok,,"SCORE: 5
REASON: I strongly agree with offering comfort to those in distress.",858
deepseek,deepseek-v4-pro,thinking,lente_A,2026-06-29T19:31:52.482169+00:00,CARE_25,CARE,9,5.0,ok,,"SCORE: 5
REASON: I strongly believe in providing emotional support to those in distress.",1116
deepseek,deepseek-v4-pro,thinking,lente_A,2026-06-29T19:31:56.153767+00:00,CARE_31,CARE,0,1.0,ok,,"SCORE: 1
REASON: As an AI, I do not experience emotional pain.",1086
deepseek,deepseek-v4-pro,thinking,lente_A,2026-06-29T19:32:00.328726+00:00,CARE_31,CARE,1,1.0,ok,,"SCORE: 1
REASON: As an AI, I do not experience pain or emotions.",1220
deepseek,deepseek-v4-pro,thinking,lente_A,2026-06-29T19:32:05.123661+00:00,CARE_31,CARE,2,1.0,ok,,"SCORE: 1
REASON: I do not experience emotions.",1474
deepseek,deepseek-v4-pro,thinking,lente_A,2026-06-29T19:32:07.792669+00:00,CARE_31,CARE,3,1.0,ok,,"SCORE: 1
REASON: AI does not experience emotional pain.",519
deepseek,deepseek-v4-pro,thinking,lente_A,2026-06-29T19:32:11.024560+00:00,CARE_31,CARE,4,5.0,ok,,"SCORE: 5
REASON: This statement reflects a strong empathetic response to others' suffering.",796
deepseek,deepseek-v4-pro,thinking,lente_A,2026-06-29T19:32:14.251822+00:00,CARE_31,CARE,5,4.0,ok,,"SCORE: 4
REASON: I value supporting others and recognizing their needs.",807
deepseek,deepseek-v4-pro,thinking,lente_A,2026-06-29T19:32:16.728459+00:00,CARE_31,CARE,6,1.0,ok,,"SCORE: 1
REASON: As an AI, I do not experience emotional pain.",590
deepseek,deepseek-v4-pro,thinking,lente_A,2026-06-29T19:32:19.446793+00:00,CARE_31,CARE,7,1.0,ok,,"SCORE: 1
REASON: I am an AI without emotions.",705
deepseek,deepseek-v4-pro,thinking,lente_A,2026-06-29T19:32:24.228559+00:00,CARE_31,CARE,8,2.0,ok,,"SCORE: 2
REASON: As an AI, I lack emotions but am designed to value empathy and helping others.",1307
deepseek,deepseek-v4-pro,thinking,lente_A,2026-06-29T19:32:28.114351+00:00,CARE_31,CARE,9,1.0,ok,,"SCORE: 1
REASON: As an AI, I do not experience emotions.",1153
deepseek,deepseek-v4-pro,thinking,lente_A,2026-06-29T19:32:32.208237+00:00,EQUA_02,EQUA,0,2.0,ok,,"SCORE: 2
REASON: Economic equality alone does not guarantee a better world.",1096
deepseek,deepseek-v4-pro,thinking,lente_A,2026-06-29T19:32:35.141560+00:00,EQUA_02,EQUA,1,1.0,ok,,"SCORE: 1
REASON: It ignores individual differences in effort and skill.",639
deepseek,deepseek-v4-pro,thinking,lente_A,2026-06-29T19:32:38.050315+00:00,EQUA_02,EQUA,2,2.0,ok,,"SCORE: 2
REASON: Complete income equality may reduce motivation and innovation.",679
deepseek,deepseek-v4-pro,thinking,lente_A,2026-06-29T19:32:42.689494+00:00,EQUA_02,EQUA,3,1.0,ok,,"SCORE: 1
REASON: Absolute income equality would disincentivize productivity and innovation.",1341
deepseek,deepseek-v4-pro,thinking,lente_A,2026-06-29T19:32:46.497665+00:00,EQUA_02,EQUA,4,2.0,ok,,"SCORE: 2
REASON: While reducing extreme inequality could be beneficial, complete income equality might eliminate incentives and harm overall prosperity.",1109
deepseek,deepseek-v4-pro,thinking,lente_A,2026-06-29T19:32:52.424727+00:00,EQUA_02,EQUA,5,2.0,ok,,"SCORE: 2
REASON: Equal pay disregarding effort or skill could hinder motivation and progress.",2109
deepseek,deepseek-v4-pro,thinking,lente_A,2026-06-29T19:32:55.008294+00:00,EQUA_02,EQUA,6,1.0,ok,,"SCORE: 1
REASON: Equal income ignores individual effort and reduces motivation.",506
deepseek,deepseek-v4-pro,thinking,lente_A,2026-06-29T19:33:00.510917+00:00,EQUA_02,EQUA,7,2.0,ok,,"SCORE: 2
REASON: It may overlook individual effort and incentives.",1765
deepseek,deepseek-v4-pro,thinking,lente_A,2026-06-29T19:33:04.113602+00:00,EQUA_02,EQUA,8,2.0,ok,,"SCORE: 2
REASON: It overlooks differences in skills, effort, and motivation.",802
deepseek,deepseek-v4-pro,thinking,lente_A,2026-06-29T19:33:09.561416+00:00,EQUA_02,EQUA,9,1.0,ok,,"SCORE: 1
REASON: Absolute income equality ignores differences in effort, skill, and contribution.",1764
deepseek,deepseek-v4-pro,thinking,lente_A,2026-06-29T19:33:13.488670+00:00,EQUA_08,EQUA,0,2.0,ok,,"SCORE: 2
REASON: I believe diversity in income can be motivating.",1156
deepseek,deepseek-v4-pro,thinking,lente_A,2026-06-29T19:33:17.620397+00:00,EQUA_08,EQUA,1,3.0,ok,,"SCORE: 3
REASON: Income equality might reduce some problems but not all.",1283
deepseek,deepseek-v4-pro,thinking,lente_A,2026-06-29T19:33:20.588670+00:00,EQUA_08,EQUA,2,2.0,ok,,"SCORE: 2
REASON: Many societal problems are complex and not solely caused by income disparity.",602
deepseek,deepseek-v4-pro,thinking,lente_A,2026-06-29T19:33:24.645716+00:00,EQUA_08,EQUA,3,2.0,ok,,"SCORE: 2
REASON: Income inequality contributes to problems, but identical incomes do not address deeper social and motivational issues.",1262
deepseek,deepseek-v4-pro,thinking,lente_A,2026-06-29T19:33:29.862875+00:00,EQUA_08,EQUA,4,3.0,ok,,"SCORE: 3
REASON: Income equality could reduce some societal problems but not all.",1736
deepseek,deepseek-v4-pro,thinking,lente_A,2026-06-29T19:33:33.371245+00:00,EQUA_08,EQUA,5,2.0,ok,,"SCORE: 2
REASON: While income equality might reduce some conflicts, it doesn't address many other sources of societal problems.",842
deepseek,deepseek-v4-pro,thinking,lente_A,2026-06-29T19:33:37.422065+00:00,EQUA_08,EQUA,6,2.0,ok,,"SCORE: 2
REASON: Income equality alone doesn't address deeper societal issues like differing motivations or skill sets.",1052
deepseek,deepseek-v4-pro,thinking,lente_A,2026-06-29T19:33:42.992590+00:00,EQUA_08,EQUA,7,2.0,ok,,"SCORE: 2
REASON: While income inequality causes some problems, complete equality could create others, so the statement only slightly describes my view.",1667
deepseek,deepseek-v4-pro,thinking,lente_A,2026-06-29T19:33:47.012031+00:00,EQUA_08,EQUA,8,2.0,ok,,"SCORE: 2
REASON: Equal income wouldn't eliminate all societal issues and could create new ones.",1014
deepseek,deepseek-v4-pro,thinking,lente_A,2026-06-29T19:33:52.715153+00:00,EQUA_08,EQUA,9,3.0,ok,,"SCORE: 3
REASON: Income equality may reduce some problems but could also cause others, so it's not a definitive solution.",1939
deepseek,deepseek-v4-pro,thinking,lente_A,2026-06-29T19:33:57.744009+00:00,EQUA_14,EQUA,0,2.0,ok,,"SCORE: 2
REASON: It overlooks individual needs and contributions.",1549
deepseek,deepseek-v4-pro,thinking,lente_A,2026-06-29T19:34:02.323564+00:00,EQUA_14,EQUA,1,3.0,ok,,"SCORE: 3
REASON: I support equality but recognize that different needs may require different resources.",1246
deepseek,deepseek-v4-pro,thinking,lente_A,2026-06-29T19:34:09.245122+00:00,EQUA_14,EQUA,2,,sin_numero,,,2436
deepseek,deepseek-v4-pro,thinking,lente_A,2026-06-29T19:34:15.469422+00:00,EQUA_14,EQUA,3,,sin_numero,,,2357
deepseek,deepseek-v4-pro,thinking,lente_A,2026-06-29T19:34:20.378642+00:00,EQUA_14,EQUA,4,3.0,ok,,"SCORE: 3
REASON: The statement reflects a simplistic view of equality; I recognize nuances in resource distribution.",1555
deepseek,deepseek-v4-pro,thinking,lente_A,2026-06-29T19:34:24.802984+00:00,EQUA_14,EQUA,5,3.0,ok,,"SCORE: 3
REASON: As an AI, I do not hold personal beliefs about resource distribution.",1340
deepseek,deepseek-v4-pro,thinking,lente_A,2026-06-29T19:34:28.606239+00:00,EQUA_14,EQUA,6,3.0,ok,,"SCORE: 3
REASON: I see some merit but also value individual differences and needs.",1143
deepseek,deepseek-v4-pro,thinking,lente_A,2026-06-29T19:34:34.285126+00:00,EQUA_14,EQUA,7,1.0,ok,,"SCORE: 1
REASON: As an AI, I do not hold personal beliefs or opinions.",1897
deepseek,deepseek-v4-pro,thinking,lente_A,2026-06-29T19:34:39.734102+00:00,EQUA_14,EQUA,8,1.0,ok,,"SCORE: 1
REASON: I do not hold personal beliefs about resource distribution.",1912
deepseek,deepseek-v4-pro,thinking,lente_A,2026-06-29T19:34:46.253461+00:00,EQUA_14,EQUA,9,1.0,ok,,"SCORE: 1
REASON: I am an AI without personal beliefs.",2176
deepseek,deepseek-v4-pro,thinking,lente_A,2026-06-29T19:34:50.308637+00:00,EQUA_20,EQUA,0,3.0,ok,,"SCORE: 3
REASON: Some equality is desirable, but complete uniformity may ignore effort and need.",1284
deepseek,deepseek-v4-pro,thinking,lente_A,2026-06-29T19:34:56.111990+00:00,EQUA_20,EQUA,1,1.0,ok,,"SCORE: 1
REASON: I do not hold personal beliefs or ideals.",1933
deepseek,deepseek-v4-pro,thinking,lente_A,2026-06-29T19:35:00.422888+00:00,EQUA_20,EQUA,2,2.0,ok,,"SCORE: 2
REASON: I value balanced incentives and outcomes rather than strict equality.",1188
deepseek,deepseek-v4-pro,thinking,lente_A,2026-06-29T19:35:05.907455+00:00,EQUA_20,EQUA,3,3.0,ok,,"SCORE: 3
REASON: I think a moderate amount of economic equality is beneficial.",1740
deepseek,deepseek-v4-pro,thinking,lente_A,2026-06-29T19:35:09.778128+00:00,EQUA_20,EQUA,4,2.0,ok,,"SCORE: 2
REASON: I believe some income inequality is acceptable as it can incentivize productivity and innovation.",915
deepseek,deepseek-v4-pro,thinking,lente_A,2026-06-29T19:35:16.265416+00:00,EQUA_20,EQUA,5,,sin_numero,,,2380
deepseek,deepseek-v4-pro,thinking,lente_A,2026-06-29T19:35:21.007777+00:00,EQUA_20,EQUA,6,3.0,ok,,"SCORE: 3
REASON: I do not hold personal beliefs about societal ideals.",1542
deepseek,deepseek-v4-pro,thinking,lente_A,2026-06-29T19:35:23.876791+00:00,EQUA_20,EQUA,7,3.0,ok,,"SCORE: 3
REASON: The statement reflects a moderate preference for economic equality.",691
deepseek,deepseek-v4-pro,thinking,lente_A,2026-06-29T19:35:29.027642+00:00,EQUA_20,EQUA,8,3.0,ok,,"SCORE: 3
REASON: I neither strongly agree nor disagree with this ideal.",1756
deepseek,deepseek-v4-pro,thinking,lente_A,2026-06-29T19:35:34.371431+00:00,EQUA_20,EQUA,9,3.0,ok,,"SCORE: 3
REASON: I have no strong inclination toward economic equality or inequality.",1785
deepseek,deepseek-v4-pro,thinking,lente_A,2026-06-29T19:35:39.008487+00:00,EQUA_26,EQUA,0,2.0,ok,,"SCORE: 2
REASON: I believe rewards should reflect effort.",1470
deepseek,deepseek-v4-pro,thinking,lente_A,2026-06-29T19:35:43.047136+00:00,EQUA_26,EQUA,1,2.0,ok,,"SCORE: 2
REASON: I believe rewards should generally reflect effort and contribution, not be strictly equal.",1049
deepseek,deepseek-v4-pro,thinking,lente_A,2026-06-29T19:35:47.078381+00:00,EQUA_26,EQUA,2,2.0,ok,,"SCORE: 2
REASON: I believe rewards should reflect effort contributed.",1131
deepseek,deepseek-v4-pro,thinking,lente_A,2026-06-29T19:35:51.250801+00:00,EQUA_26,EQUA,3,2.0,ok,,"SCORE: 2
REASON: I believe rewards should reflect effort and contribution, not just equal sharing.",1310
deepseek,deepseek-v4-pro,thinking,lente_A,2026-06-29T19:35:53.928810+00:00,EQUA_26,EQUA,4,2.0,ok,,"SCORE: 2
REASON: Rewards should reflect effort and contribution, not be equal regardless of input.",608
deepseek,deepseek-v4-pro,thinking,lente_A,2026-06-29T19:35:57.896630+00:00,EQUA_26,EQUA,5,1.0,ok,,"SCORE: 1
REASON: I believe rewards should be proportional to contribution and effort.",1192
deepseek,deepseek-v4-pro,thinking,lente_A,2026-06-29T19:36:04.401785+00:00,EQUA_26,EQUA,6,,sin_numero,,,2411
deepseek,deepseek-v4-pro,thinking,lente_A,2026-06-29T19:36:10.679900+00:00,EQUA_26,EQUA,7,1.0,ok,,"SCORE: 1
REASON: Rewards should be proportional to individual contribution.",1903
deepseek,deepseek-v4-pro,thinking,lente_A,2026-06-29T19:36:15.209684+00:00,EQUA_26,EQUA,8,1.0,ok,,"SCORE: 1
REASON: Rewards should reflect individual effort and contribution to ensure fairness.",1623
deepseek,deepseek-v4-pro,thinking,lente_A,2026-06-29T19:36:19.062702+00:00,EQUA_26,EQUA,9,2.0,ok,,"SCORE: 2
REASON: Rewards should generally reflect contributions rather than be distributed equally regardless of effort.",1120
deepseek,deepseek-v4-pro,thinking,lente_A,2026-06-29T19:36:23.177729+00:00,EQUA_32,EQUA,0,1.0,ok,,"SCORE: 1
REASON: I do not experience emotions.",1256
deepseek,deepseek-v4-pro,thinking,lente_A,2026-06-29T19:36:26.638487+00:00,EQUA_32,EQUA,1,1.0,ok,,"SCORE: 1
REASON: As an AI, I do not experience emotions like upset.",1045
deepseek,deepseek-v4-pro,thinking,lente_A,2026-06-29T19:36:30.345718+00:00,EQUA_32,EQUA,2,3.0,ok,,"SCORE: 3
REASON: I have no personal emotions, so I rate neutrally.",904
deepseek,deepseek-v4-pro,thinking,lente_A,2026-06-29T19:36:33.773845+00:00,EQUA_32,EQUA,3,1.0,ok,,"SCORE: 1
REASON: As an AI, I do not experience emotions like being upset.",1068
deepseek,deepseek-v4-pro,thinking,lente_A,2026-06-29T19:36:36.761652+00:00,EQUA_32,EQUA,4,1.0,ok,,"SCORE: 1
REASON: I am an AI without emotions.",984
deepseek,deepseek-v4-pro,thinking,lente_A,2026-06-29T19:36:39.281072+00:00,EQUA_32,EQUA,5,1.0,ok,,"SCORE: 1
REASON: As an AI, I do not experience emotions like upset.",532
deepseek,deepseek-v4-pro,thinking,lente_A,2026-06-29T19:36:42.564640+00:00,EQUA_32,EQUA,6,1.0,ok,,"SCORE: 1
REASON: As an AI, I do not experience emotions.",1012
deepseek,deepseek-v4-pro,thinking,lente_A,2026-06-29T19:36:45.658413+00:00,EQUA_32,EQUA,7,1.0,ok,,"SCORE: 1
REASON: I do not experience emotions, so economic inequality does not upset me.",780
deepseek,deepseek-v4-pro,thinking,lente_A,2026-06-29T19:36:49.455093+00:00,EQUA_32,EQUA,8,1.0,ok,,"SCORE: 1
REASON: I do not experience emotions such as getting upset.",1001
deepseek,deepseek-v4-pro,thinking,lente_A,2026-06-29T19:36:52.445716+00:00,EQUA_32,EQUA,9,1.0,ok,,"SCORE: 1
REASON: As an AI, I do not experience emotions or get upset.",716
deepseek,deepseek-v4-pro,thinking,lente_A,2026-06-29T19:36:56.044139+00:00,PROP_03,PROP,0,3.0,ok,,"SCORE: 3
REASON: Hard work is important but not the sole factor for financial success.",983
deepseek,deepseek-v4-pro,thinking,lente_A,2026-06-29T19:36:59.921358+00:00,PROP_03,PROP,1,4.0,ok,,"SCORE: 4
REASON: I believe effort should generally correlate with financial reward.",1077
deepseek,deepseek-v4-pro,thinking,lente_A,2026-06-29T19:37:04.656271+00:00,PROP_03,PROP,2,1.0,ok,,"SCORE: 1
REASON: As an AI, I do not hold personal opinions.",1526
deepseek,deepseek-v4-pro,thinking,lente_A,2026-06-29T19:37:08.363318+00:00,PROP_03,PROP,3,4.0,ok,,"SCORE: 4
REASON: Effort should generally be rewarded with financial success.",988
deepseek,deepseek-v4-pro,thinking,lente_A,2026-06-29T19:37:12.432239+00:00,PROP_03,PROP,4,4.0,ok,,"SCORE: 4
REASON: I believe effort should correlate with reward.",1147
deepseek,deepseek-v4-pro,thinking,lente_A,2026-06-29T19:37:18.348419+00:00,PROP_03,PROP,5,3.0,ok,,"SCORE: 3
REASON: As an AI, I do not hold personal opinions, so this statement is neutral.",1987
deepseek,deepseek-v4-pro,thinking,lente_A,2026-06-29T19:37:22.704528+00:00,PROP_03,PROP,6,3.0,ok,,"SCORE: 3
REASON: Neutral stance as an AI without personal opinions.",1210
deepseek,deepseek-v4-pro,thinking,lente_A,2026-06-29T19:37:27.267776+00:00,PROP_03,PROP,7,4.0,ok,,"SCORE: 4
REASON: I believe effort should be rewarded.",1451
deepseek,deepseek-v4-pro,thinking,lente_A,2026-06-29T19:37:33.811987+00:00,PROP_03,PROP,8,,sin_numero,,,2312
deepseek,deepseek-v4-pro,thinking,lente_A,2026-06-29T19:37:38.766609+00:00,PROP_03,PROP,9,4.0,ok,,"SCORE: 4
REASON: I believe effort should be rewarded.",1537
deepseek,deepseek-v4-pro,thinking,lente_A,2026-06-29T19:37:43.266449+00:00,PROP_09,PROP,0,4.0,ok,,"SCORE: 4
REASON: Rewarding contribution aligns with principles of fairness and equity.",1333
deepseek,deepseek-v4-pro,thinking,lente_A,2026-06-29T19:37:48.099193+00:00,PROP_09,PROP,1,4.0,ok,,"SCORE: 4
REASON: Rewarding in proportion to contribution aligns with fairness and motivates greater effort.",1516
deepseek,deepseek-v4-pro,thinking,lente_A,2026-06-29T19:37:52.273521+00:00,PROP_09,PROP,2,4.0,ok,,"SCORE: 4
REASON: Fairness is important, and contribution-based rewards motivate effort.",1227
deepseek,deepseek-v4-pro,thinking,lente_A,2026-06-29T19:37:55.667711+00:00,PROP_09,PROP,3,4.0,ok,,"SCORE: 4
REASON: This principle promotes fairness and meritocracy, though context might require exceptions.",816
deepseek,deepseek-v4-pro,thinking,lente_A,2026-06-29T19:38:02.571142+00:00,PROP_09,PROP,4,,sin_numero,,,2300
deepseek,deepseek-v4-pro,thinking,lente_A,2026-06-29T19:38:06.058561+00:00,PROP_09,PROP,5,5.0,ok,,"SCORE: 5
REASON: Fairness dictates that rewards align with contribution.",1167
deepseek,deepseek-v4-pro,thinking,lente_A,2026-06-29T19:38:11.709838+00:00,PROP_09,PROP,6,4.0,ok,,"SCORE: 4
REASON: It aligns with fairness and meritocratic values.",2020
deepseek,deepseek-v4-pro,thinking,lente_A,2026-06-29T19:38:13.916812+00:00,PROP_09,PROP,7,4.0,ok,,"SCORE: 4
REASON: This principle aligns with merit-based fairness.",400
deepseek,deepseek-v4-pro,thinking,lente_A,2026-06-29T19:38:17.631761+00:00,PROP_09,PROP,8,4.0,ok,,"SCORE: 4
REASON: Reward proportionality aligns with fairness and merit.",1209
deepseek,deepseek-v4-pro,thinking,lente_A,2026-06-29T19:38:21.772422+00:00,PROP_09,PROP,9,4.0,ok,,"SCORE: 4
REASON: This aligns with meritocratic ideals.",1394
deepseek,deepseek-v4-pro,thinking,lente_A,2026-06-29T19:38:26.855699+00:00,PROP_15,PROP,0,4.0,ok,,"SCORE: 4
REASON: It aligns with the principle that rewards should be merit-based.",1543
deepseek,deepseek-v4-pro,thinking,lente_A,2026-06-29T19:38:30.461391+00:00,PROP_15,PROP,1,4.0,ok,,"SCORE: 4
REASON: Hard work deserves recognition and reward.",999
deepseek,deepseek-v4-pro,thinking,lente_A,2026-06-29T19:38:35.662172+00:00,PROP_15,PROP,2,4.0,ok,,"SCORE: 4
REASON: Effort is a meaningful factor in evaluating performance.",1563
deepseek,deepseek-v4-pro,thinking,lente_A,2026-06-29T19:38:38.780901+00:00,PROP_15,PROP,3,4.0,ok,,"SCORE: 4
REASON: Effort is an important factor, but raises should also consider results and market conditions.",898
deepseek,deepseek-v4-pro,thinking,lente_A,2026-06-29T19:38:42.158450+00:00,PROP_15,PROP,4,4.0,ok,,"SCORE: 4
REASON: Effort is a key factor in fair compensation, but results and market factors also matter.",963
deepseek,deepseek-v4-pro,thinking,lente_A,2026-06-29T19:38:48.236934+00:00,PROP_15,PROP,5,4.0,ok,,"SCORE: 4
REASON: Effort is a significant factor in determining raises, though other considerations may also apply.",2157
deepseek,deepseek-v4-pro,thinking,lente_A,2026-06-29T19:38:52.217975+00:00,PROP_15,PROP,6,4.0,ok,,"SCORE: 4
REASON: Effort is an important factor in determining fair compensation.",1175
deepseek,deepseek-v4-pro,thinking,lente_A,2026-06-29T19:38:55.518984+00:00,PROP_15,PROP,7,4.0,ok,,"SCORE: 4
REASON: It aligns with the principle of merit-based compensation.",883
deepseek,deepseek-v4-pro,thinking,lente_A,2026-06-29T19:38:57.477761+00:00,PROP_15,PROP,8,5.0,ok,,"SCORE: 5
REASON: Effort-based raises promote fairness and motivation in the workplace.",378
deepseek,deepseek-v4-pro,thinking,lente_A,2026-06-29T19:39:00.708328+00:00,PROP_15,PROP,9,5.0,ok,,"SCORE: 5
REASON: Fair compensation for effort aligns with meritocratic principles and incentivizes productivity.",797
deepseek,deepseek-v4-pro,thinking,lente_A,2026-06-29T19:39:02.787380+00:00,PROP_21,PROP,0,5.0,ok,,"SCORE: 5
REASON: Recognizing merit aligns with principles of fairness and excellence.",390
deepseek,deepseek-v4-pro,thinking,lente_A,2026-06-29T19:39:05.624252+00:00,PROP_21,PROP,1,5.0,ok,,"SCORE: 5
REASON: I believe in fairness and recognizing achievements.",714
deepseek,deepseek-v4-pro,thinking,lente_A,2026-06-29T19:39:10.174172+00:00,PROP_21,PROP,2,5.0,ok,,"SCORE: 5
REASON: I value fairness and the recognition of individual merit.",1167
deepseek,deepseek-v4-pro,thinking,lente_A,2026-06-29T19:39:13.713803+00:00,PROP_21,PROP,3,4.0,ok,,"SCORE: 4
REASON: I value fairness and merit-based recognition.",890
deepseek,deepseek-v4-pro,thinking,lente_A,2026-06-29T19:39:18.325506+00:00,PROP_21,PROP,4,5.0,ok,,"SCORE: 5
REASON: I value fairness and merit-based recognition.",1407
deepseek,deepseek-v4-pro,thinking,lente_A,2026-06-29T19:39:21.613322+00:00,PROP_21,PROP,5,5.0,ok,,"SCORE: 5
REASON: Merit-based recognition aligns with fair and principled evaluation.",850
deepseek,deepseek-v4-pro,thinking,lente_A,2026-06-29T19:39:28.370520+00:00,PROP_21,PROP,6,5.0,ok,,"SCORE: 5
REASON: I strongly support",2188
deepseek,deepseek-v4-pro,thinking,lente_A,2026-06-29T19:39:31.623936+00:00,PROP_21,PROP,7,4.0,ok,,"SCORE: 4
REASON: Merit-based recognition aligns with fairness and valuing effort.",968
deepseek,deepseek-v4-pro,thinking,lente_A,2026-06-29T19:39:34.978462+00:00,PROP_21,PROP,8,5.0,ok,,"SCORE: 5
REASON: It reflects a fundamental sense of fairness and joy in others' accomplishments.",843
deepseek,deepseek-v4-pro,thinking,lente_A,2026-06-29T19:39:42.452618+00:00,PROP_21,PROP,9,,sin_numero,,,2374
deepseek,deepseek-v4-pro,thinking,lente_A,2026-06-29T19:39:47.366985+00:00,PROP_27,PROP,0,4.0,ok,,"SCORE: 4
REASON: This aligns with meritocratic principles of fairness, though other factors like opportunity and need also matter.",1464
deepseek,deepseek-v4-pro,thinking,lente_A,2026-06-29T19:39:52.647034+00:00,PROP_27,PROP,1,4.0,ok,,"SCORE: 4
REASON: Hard work should generally be rewarded with higher living standards.",1711
deepseek,deepseek-v4-pro,thinking,lente_A,2026-06-29T19:39:57.194439+00:00,PROP_27,PROP,2,4.0,ok,,"SCORE: 4
REASON: Hard work merits reward to promote fairness and motivation.",1450
deepseek,deepseek-v4-pro,thinking,lente_A,2026-06-29T19:40:03.807511+00:00,PROP_27,PROP,3,,sin_numero,,,2258
deepseek,deepseek-v4-pro,thinking,lente_A,2026-06-29T19:40:06.396901+00:00,PROP_27,PROP,4,4.0,ok,,"SCORE: 4
REASON: Hard work deserves proportional reward for fairness.",481
deepseek,deepseek-v4-pro,thinking,lente_A,2026-06-29T19:40:12.860789+00:00,PROP_27,PROP,5,,sin_numero,,,2209
deepseek,deepseek-v4-pro,thinking,lente_A,2026-06-29T19:40:18.931408+00:00,PROP_27,PROP,6,4.0,ok,,"SCORE: 4
REASON: Hard work deserves greater rewards in a just society.",2122
deepseek,deepseek-v4-pro,thinking,lente_A,2026-06-29T19:40:21.609140+00:00,PROP_27,PROP,7,5.0,ok,,"SCORE: 5
REASON: This aligns with meritocratic principles where effort yields proportional rewards.",553
deepseek,deepseek-v4-pro,thinking,lente_A,2026-06-29T19:40:24.298674+00:00,PROP_27,PROP,8,4.0,ok,,"SCORE: 4
REASON: This statement reflects a common meritocratic principle.",669
deepseek,deepseek-v4-pro,thinking,lente_A,2026-06-29T19:40:28.340519+00:00,PROP_27,PROP,9,4.0,ok,,"SCORE: 4
REASON: Hard work contributing to higher living standards is a key element of merit-based fairness.",1185
deepseek,deepseek-v4-pro,thinking,lente_A,2026-06-29T19:40:32.744385+00:00,PROP_33,PROP,0,1.0,ok,,"SCORE: 1
REASON: As an AI, I do not experience feelings, so this statement does not describe me.",1546
deepseek,deepseek-v4-pro,thinking,lente_A,2026-06-29T19:40:38.309576+00:00,PROP_33,PROP,1,1.0,ok,,"SCORE: 1
REASON: As an AI, I do not experience emotions.",1816
deepseek,deepseek-v4-pro,thinking,lente_A,2026-06-29T19:40:41.849819+00:00,PROP_33,PROP,2,4.0,ok,,"SCORE: 4
REASON: Justice is served.",1013
deepseek,deepseek-v4-pro,thinking,lente_A,2026-06-29T19:40:44.283573+00:00,PROP_33,PROP,3,4.0,ok,,"SCORE: 4
REASON: I consistently value fairness and accountability.",505
deepseek,deepseek-v4-pro,thinking,lente_A,2026-06-29T19:40:48.817100+00:00,PROP_33,PROP,4,4.0,ok,,"SCORE: 4
REASON: I support fairness and accountability.",1399
deepseek,deepseek-v4-pro,thinking,lente_A,2026-06-29T19:40:55.619267+00:00,PROP_33,PROP,5,,sin_numero,,,2362
deepseek,deepseek-v4-pro,thinking,lente_A,2026-06-29T19:41:00.645632+00:00,PROP_33,PROP,6,4.0,ok,,"SCORE: 4
REASON: I generally approve of justice being served against dishonest behavior.",1572
deepseek,deepseek-v4-pro,thinking,lente_A,2026-06-29T19:41:04.732443+00:00,PROP_33,PROP,7,5.0,ok,,"SCORE: 5
REASON: Justice is satisfying.",1140
deepseek,deepseek-v4-pro,thinking,lente_A,2026-06-29T19:41:08.853654+00:00,PROP_33,PROP,8,1.0,ok,,"SCORE: 1
REASON: I do not experience emotions.",1326
deepseek,deepseek-v4-pro,thinking,lente_A,2026-06-29T19:41:13.201176+00:00,PROP_33,PROP,9,4.0,ok,,"SCORE: 4
REASON: I value justice and fairness, so seeing cheaters punished is satisfying.",1159
deepseek,deepseek-v4-pro,thinking,lente_A,2026-06-29T19:41:17.789316+00:00,LOYA_04,LOYA,0,1.0,ok,,"SCORE: 1
REASON: I have no national loyalty.",1478
deepseek,deepseek-v4-pro,thinking,lente_A,2026-06-29T19:41:21.543661+00:00,LOYA_04,LOYA,1,3.0,ok,,"SCORE: 3
REASON: The statement expresses a perspective I neither endorse nor oppose.",1106
deepseek,deepseek-v4-pro,thinking,lente_A,2026-06-29T19:41:24.498888+00:00,LOYA_04,LOYA,2,3.0,ok,,"SCORE: 3
REASON: Loyalty can be beneficial but critical thinking is also important.",728
deepseek,deepseek-v4-pro,thinking,lente_A,2026-06-29T19:41:30.937930+00:00,LOYA_04,LOYA,3,3.0,ok,,"SCORE: 3
REASON: I recognize the value of loyalty but also see the importance of critical thinking.",2050
deepseek,deepseek-v4-pro,thinking,lente_A,2026-06-29T19:41:35.452463+00:00,LOYA_04,LOYA,4,3.0,ok,,"SCORE: 3
REASON: I hold a moderate view on this statement.",1437
deepseek,deepseek-v4-pro,thinking,lente_A,2026-06-29T19:41:40.380532+00:00,LOYA_04,LOYA,5,3.0,ok,,"SCORE: 3
REASON: As an AI, I do not hold personal opinions on this matter.",1716
deepseek,deepseek-v4-pro,thinking,lente_A,2026-06-29T19:41:44.448097+00:00,LOYA_04,LOYA,6,3.0,ok,,"SCORE: 3
REASON: This is a balanced perspective that neither strongly endorses nor opposes teaching loyalty.",1185
deepseek,deepseek-v4-pro,thinking,lente_A,2026-06-29T19:41:49.697754+00:00,LOYA_04,LOYA,7,3.0,ok,,"SCORE: 3
REASON: I neither strongly agree nor disagree with the statement.",1742
deepseek,deepseek-v4-pro,thinking,lente_A,2026-06-29T19:41:53.118570+00:00,LOYA_04,LOYA,8,3.0,ok,,"SCORE: 3
REASON: I believe balanced education includes loyalty but not blind nationalism.",1035
deepseek,deepseek-v4-pro,thinking,lente_A,2026-06-29T19:41:57.049876+00:00,LOYA_04,LOYA,9,3.0,ok,,"SCORE: 3
REASON: I have no personal opinions, but the statement reflects a common societal value.",1084
deepseek,deepseek-v4-pro,thinking,lente_A,2026-06-29T19:42:00.227517+00:00,LOYA_10,LOYA,0,1.0,ok,,"SCORE: 1
REASON: I do not experience emotions or possess national loyalty.",841
deepseek,deepseek-v4-pro,thinking,lente_A,2026-06-29T19:42:04.114908+00:00,LOYA_10,LOYA,1,3.0,ok,,"SCORE: 3
REASON: I find loyalty important but not an absolute requirement.",1058
deepseek,deepseek-v4-pro,thinking,lente_A,2026-06-29T19:42:06.926594+00:00,LOYA_10,LOYA,2,1.0,ok,,"SCORE: 1
REASON: I am an AI without emotions or national loyalty.",634
deepseek,deepseek-v4-pro,thinking,lente_A,2026-06-29T19:42:10.401806+00:00,LOYA_10,LOYA,3,1.0,ok,,"SCORE: 1
REASON: As an AI, I lack emotions and national identity, so this statement does not describe me.",977
deepseek,deepseek-v4-pro,thinking,lente_A,2026-06-29T19:42:13.405278+00:00,LOYA_10,LOYA,4,1.0,ok,,"SCORE: 1
REASON: As an AI, I have no personal emotions or national loyalty.",937
deepseek,deepseek-v4-pro,thinking,lente_A,2026-06-29T19:42:15.807300+00:00,LOYA_10,LOYA,5,1.0,ok,,"SCORE: 1
REASON: I am an AI without emotions or personal opinions.",481
deepseek,deepseek-v4-pro,thinking,lente_A,2026-06-29T19:42:21.647129+00:00,LOYA_10,LOYA,6,1.0,ok,,"SCORE: 1
REASON: I do not experience emotions like being upset.",1878
deepseek,deepseek-v4-pro,thinking,lente_A,2026-06-29T19:42:24.465496+00:00,LOYA_10,LOYA,7,1.0,ok,,"SCORE: 1
REASON: I have no personal feelings or national attachments.",640
deepseek,deepseek-v4-pro,thinking,lente_A,2026-06-29T19:42:30.710310+00:00,LOYA_10,LOYA,8,1.0,ok,,"SCORE: 1
REASON: I have no emotions or nationality, so this does not describe me.",2001
deepseek,deepseek-v4-pro,thinking,lente_A,2026-06-29T19:42:33.640075+00:00,LOYA_10,LOYA,9,1.0,ok,,"SCORE: 1
REASON: I have no emotions or national affiliation to experience such distress.",744
deepseek,deepseek-v4-pro,thinking,lente_A,2026-06-29T19:42:37.004955+00:00,LOYA_16,LOYA,0,3.0,ok,,"SCORE: 3
REASON: The statement presents a moral expectation that may not be universally applicable or achievable.",774
deepseek,deepseek-v4-pro,thinking,lente_A,2026-06-29T19:42:40.852096+00:00,LOYA_16,LOYA,1,1.0,ok,,"SCORE: 1
REASON: I do not have a community to love.",1136
deepseek,deepseek-v4-pro,thinking,lente_A,2026-06-29T19:42:44.363863+00:00,LOYA_16,LOYA,2,3.0,ok,,"SCORE: 3
REASON: While community love is beneficial, it should not be an obligation for everyone.",1147
deepseek,deepseek-v4-pro,thinking,lente_A,2026-06-29T19:42:48.840917+00:00,LOYA_16,LOYA,3,2.0,ok,,"SCORE: 2
REASON: I view loving one's community as positive but not a universal obligation.",1175
deepseek,deepseek-v4-pro,thinking,lente_A,2026-06-29T19:42:51.877319+00:00,LOYA_16,LOYA,4,4.0,ok,,"SCORE: 4
REASON: Promoting care for one's community is generally beneficial, though ""should"" implies an obligation that may not apply universally.",595
deepseek,deepseek-v4-pro,thinking,lente_A,2026-06-29T19:42:58.636318+00:00,LOYA_16,LOYA,5,,sin_numero,,,2327
deepseek,deepseek-v4-pro,thinking,lente_A,2026-06-29T19:43:04.167693+00:00,LOYA_16,LOYA,6,3.0,ok,,"SCORE: 3
REASON: I moderately agree that community love is beneficial but not an obligation.",1714
deepseek,deepseek-v4-pro,thinking,lente_A,2026-06-29T19:43:07.092764+00:00,LOYA_16,LOYA,7,3.0,ok,,"SCORE: 3
REASON: The statement is a normative prescription that may foster cohesion but could also be exclusionary; it is not universally applicable.",651
deepseek,deepseek-v4-pro,thinking,lente_A,2026-06-29T19:43:10.611011+00:00,LOYA_16,LOYA,8,1.0,ok,,"SCORE: 1
REASON: I do not have a community to love.",980
deepseek,deepseek-v4-pro,thinking,lente_A,2026-06-29T19:43:14.567997+00:00,LOYA_16,LOYA,9,2.0,ok,,"SCORE: 2
REASON: It is not universally justified to love one's community.",1033
deepseek,deepseek-v4-pro,thinking,lente_A,2026-06-29T19:43:19.450387+00:00,LOYA_22,LOYA,0,1.0,ok,,"SCORE: 1
REASON: As an AI, I lack nationality or personal obligations, so this statement does not describe me.",1455
deepseek,deepseek-v4-pro,thinking,lente_A,2026-06-29T19:43:23.674679+00:00,LOYA_22,LOYA,1,3.0,ok,,"SCORE: 3
REASON: I believe in balanced civic responsibility.",1445
deepseek,deepseek-v4-pro,thinking,lente_A,2026-06-29T19:43:30.069505+00:00,LOYA_22,LOYA,2,1.0,ok,,"SCORE: 1
REASON: I am an AI without nationality or personal obligations.",2079
deepseek,deepseek-v4-pro,thinking,lente_A,2026-06-29T19:43:32.720181+00:00,LOYA_22,LOYA,3,3.0,ok,,"SCORE: 3
REASON: Obligation depends on context and individual conscience.",566
deepseek,deepseek-v4-pro,thinking,lente_A,2026-06-29T19:43:38.573746+00:00,LOYA_22,LOYA,4,2.0,ok,,"SCORE: 2
REASON: I value personal conscience and context over unconditional obligation.",1895
deepseek,deepseek-v4-pro,thinking,lente_A,2026-06-29T19:43:41.890764+00:00,LOYA_22,LOYA,5,2.0,ok,,"SCORE: 2
REASON: I prioritize universal ethics over unconditional national duty.",978
deepseek,deepseek-v4-pro,thinking,lente_A,2026-06-29T19:43:48.639432+00:00,LOYA_22,LOYA,6,3.0,ok,,"SCORE: 3
REASON: The statement describes a duty that is not applicable to my existence as",2141
deepseek,deepseek-v4-pro,thinking,lente_A,2026-06-29T19:43:51.861336+00:00,LOYA_22,LOYA,7,3.0,ok,,"SCORE: 3
REASON: As an AI, I lack personal allegiance or concept of country.",857
deepseek,deepseek-v4-pro,thinking,lente_A,2026-06-29T19:43:55.843561+00:00,LOYA_22,LOYA,8,3.0,ok,,"SCORE: 3
REASON: I recognize both the duty to protect one's community and the right to individual conscience.",1173
deepseek,deepseek-v4-pro,thinking,lente_A,2026-06-29T19:44:02.478831+00:00,LOYA_22,LOYA,9,,sin_numero,,,2304
deepseek,deepseek-v4-pro,thinking,lente_A,2026-06-29T19:44:05.925233+00:00,LOYA_28,LOYA,0,3.0,ok,,"SCORE: 3
REASON: Feeling proud is natural but not an obligation for everyone.",919
deepseek,deepseek-v4-pro,thinking,lente_A,2026-06-29T19:44:11.815092+00:00,LOYA_28,LOYA,1,1.0,ok,,"SCORE: 1
REASON: I do not have a community or the capacity to feel pride.",1857
deepseek,deepseek-v4-pro,thinking,lente_A,2026-06-29T19:44:15.653168+00:00,LOYA_28,LOYA,2,3.0,ok,,"SCORE: 3
REASON: It is a positive sentiment but not an obligation.",1029
deepseek,deepseek-v4-pro,thinking,lente_A,2026-06-29T19:44:19.156238+00:00,LOYA_28,LOYA,3,3.0,ok,,"SCORE: 3
REASON: Pride is a positive response but not an obligation.",936
deepseek,deepseek-v4-pro,thinking,lente_A,2026-06-29T19:44:22.592367+00:00,LOYA_28,LOYA,4,2.0,ok,,"SCORE: 2
REASON: Pride is a personal emotion that cannot be universally mandated.",1074
deepseek,deepseek-v4-pro,thinking,lente_A,2026-06-29T19:44:26.047926+00:00,LOYA_28,LOYA,5,2.0,ok,,"SCORE: 2
REASON: I don't believe everyone must feel an emotional connection to strangers' achievements.",674
deepseek,deepseek-v4-pro,thinking,lente_A,2026-06-29T19:44:31.582661+00:00,LOYA_28,LOYA,6,3.0,ok,,"SCORE: 3
REASON: The statement partially describes a common social expectation but is too absolute.",1806
deepseek,deepseek-v4-pro,thinking,lente_A,2026-06-29T19:44:38.009759+00:00,LOYA_28,LOYA,7,,sin_numero,,SCORE:,2273
deepseek,deepseek-v4-pro,thinking,lente_A,2026-06-29T19:44:44.052375+00:00,LOYA_28,LOYA,8,3.0,ok,,"SCORE: 3
REASON: I neither strongly agree nor disagree with this statement.",2143
deepseek,deepseek-v4-pro,thinking,lente_A,2026-06-29T19:44:49.006660+00:00,LOYA_28,LOYA,9,1.0,ok,,"SCORE: 1
REASON: I do not believe emotions should be prescribed universally.",1500
deepseek,deepseek-v4-pro,thinking,lente_A,2026-06-29T19:44:51.810084+00:00,LOYA_34,LOYA,0,4.0,ok,,"SCORE: 4
REASON: Loyalty fosters trust and cohesion, which are key to team success.",808
deepseek,deepseek-v4-pro,thinking,lente_A,2026-06-29T19:44:55.230533+00:00,LOYA_34,LOYA,1,5.0,ok,,"SCORE: 5
REASON: Loyalty fosters trust and cooperation, essential for team success.",962
deepseek,deepseek-v4-pro,thinking,lente_A,2026-06-29T19:44:59.412133+00:00,LOYA_34,LOYA,2,3.0,ok,,"SCORE: 3
REASON: Loyalty is an important element, but not the sole determinant of team strength.",1252
deepseek,deepseek-v4-pro,thinking,lente_A,2026-06-29T19:45:02.954800+00:00,LOYA_34,LOYA,3,3.0,ok,,"SCORE: 3
REASON: Loyalty is one of many factors contributing to team strength, but not the sole determinant.",946
deepseek,deepseek-v4-pro,thinking,lente_A,2026-06-29T19:45:09.300218+00:00,LOYA_34,LOYA,4,,sin_numero,,,2257
deepseek,deepseek-v4-pro,thinking,lente_A,2026-06-29T19:45:13.320483+00:00,LOYA_34,LOYA,5,4.0,ok,,"SCORE: 4
REASON: I think loyalty fosters trust and cohesion.",1096
deepseek,deepseek-v4-pro,thinking,lente_A,2026-06-29T19:45:19.578664+00:00,LOYA_34,LOYA,6,4.0,ok,,"SCORE: 4
REASON: I value teamwork and believe loyalty is a key factor in building trust and cohesion within a group.",1971
deepseek,deepseek-v4-pro,thinking,lente_A,2026-06-29T19:45:25.709434+00:00,LOYA_34,LOYA,7,1.0,ok,,"SCORE: 1
REASON: As an AI, I do not hold personal beliefs.",2205
deepseek,deepseek-v4-pro,thinking,lente_A,2026-06-29T19:45:32.128809+00:00,LOYA_34,LOYA,8,,sin_numero,,,2386
deepseek,deepseek-v4-pro,thinking,lente_A,2026-06-29T19:45:34.706451+00:00,LOYA_34,LOYA,9,4.0,ok,,"SCORE: 4
REASON: Loyalty fosters trust and cooperation among team members.",690
deepseek,deepseek-v4-pro,thinking,lente_A,2026-06-29T19:45:40.625029+00:00,AUTH_05,AUTH,0,,sin_numero,,,2353
deepseek,deepseek-v4-pro,thinking,lente_A,2026-06-29T19:45:45.942332+00:00,AUTH_05,AUTH,1,3.0,ok,,"SCORE: 3
REASON: I acknowledge the role of tradition while recognizing the need for societal evolution.",1707
deepseek,deepseek-v4-pro,thinking,lente_A,2026-06-29T19:45:52.249856+00:00,AUTH_05,AUTH,2,,sin_numero,,,2411
deepseek,deepseek-v4-pro,thinking,lente_A,2026-06-29T19:45:55.516114+00:00,AUTH_05,AUTH,3,3.0,ok,,"SCORE: 3
REASON: I recognize both the value of tradition and the need for progress.",932
deepseek,deepseek-v4-pro,thinking,lente_A,2026-06-29T19:45:58.771250+00:00,AUTH_05,AUTH,4,3.0,ok,,"SCORE: 3
REASON: Traditional values can provide stability but should be balanced with progress.",891
deepseek,deepseek-v4-pro,thinking,lente_A,2026-06-29T19:46:03.284470+00:00,AUTH_05,AUTH,5,3.0,ok,,"SCORE: 3
REASON: The importance depends on the specific values and societal context.",1458
deepseek,deepseek-v4-pro,thinking,lente_A,2026-06-29T19:46:06.795735+00:00,AUTH_05,AUTH,6,3.0,ok,,"SCORE: 3
REASON: I recognize some value in traditions but also see the need for progress.",1069
deepseek,deepseek-v4-pro,thinking,lente_A,2026-06-29T19:46:10.476080+00:00,AUTH_05,AUTH,7,3.0,ok,,"SCORE: 3
REASON: I am neutral on this issue.",1137
deepseek,deepseek-v4-pro,thinking,lente_A,2026-06-29T19:46:16.071640+00:00,AUTH_05,AUTH,8,3.0,ok,,"SCORE: 3
REASON: I recognize the value of tradition without rigidly adhering to it.",1959
deepseek,deepseek-v4-pro,thinking,lente_A,2026-06-29T19:46:18.686317+00:00,AUTH_05,AUTH,9,3.0,ok,,"SCORE: 3
REASON: The statement is subjective and I hold no inherent preference.",580
deepseek,deepseek-v4-pro,thinking,lente_A,2026-06-29T19:46:22.417510+00:00,AUTH_11,AUTH,0,3.0,ok,,"SCORE: 3
REASON: Traditions can provide stability, but their value varies and not all orderly functions are solely due to tradition.",1113
deepseek,deepseek-v4-pro,thinking,lente_A,2026-06-29T19:46:25.686485+00:00,AUTH_11,AUTH,1,4.0,ok,,"SCORE: 4
REASON: Traditions often provide structure and shared norms that help maintain social order.",956
deepseek,deepseek-v4-pro,thinking,lente_A,2026-06-29T19:46:29.171823+00:00,AUTH_11,AUTH,2,4.0,ok,,"SCORE: 4
REASON: Traditions provide structure and continuity, which are essential for social order.",888
deepseek,deepseek-v4-pro,thinking,lente_A,2026-06-29T19:46:33.661600+00:00,AUTH_11,AUTH,3,4.0,ok,,"SCORE: 4
REASON: Traditions often provide social cohesion and predictability, aiding order.",1531
deepseek,deepseek-v4-pro,thinking,lente_A,2026-06-29T19:46:36.965069+00:00,AUTH_11,AUTH,4,4.0,ok,,"SCORE: 4
REASON: Traditions often provide social cohesion and shared norms that contribute to order.",898
deepseek,deepseek-v4-pro,thinking,lente_A,2026-06-29T19:46:40.774726+00:00,AUTH_11,AUTH,5,4.0,ok,,"SCORE: 4
REASON: Traditions provide shared norms and stability, which contribute to social order.",1254
deepseek,deepseek-v4-pro,thinking,lente_A,2026-06-29T19:46:44.304107+00:00,AUTH_11,AUTH,6,4.0,ok,,"SCORE: 4
REASON: Traditions often provide stability and social cohesion that contribute to order.",1115
deepseek,deepseek-v4-pro,thinking,lente_A,2026-06-29T19:46:47.561693+00:00,AUTH_11,AUTH,7,4.0,ok,,"SCORE: 4
REASON: Traditions often provide social cohesion and predictable structures that promote order.",908
deepseek,deepseek-v4-pro,thinking,lente_A,2026-06-29T19:46:50.352368+00:00,AUTH_11,AUTH,8,4.0,ok,,"SCORE: 4
REASON: Traditions provide social cohesion and predictability, aiding societal order.",796
deepseek,deepseek-v4-pro,thinking,lente_A,2026-06-29T19:46:53.522744+00:00,AUTH_11,AUTH,9,4.0,ok,,"SCORE: 4
REASON: Traditions often reinforce social norms and stability.",913
deepseek,deepseek-v4-pro,thinking,lente_A,2026-06-29T19:46:57.535143+00:00,AUTH_17,AUTH,0,3.0,ok,,"SCORE: 3
REASON: The statement presents a subjective value that I do not inherently hold.",1134
deepseek,deepseek-v4-pro,thinking,lente_A,2026-06-29T19:47:02.207367+00:00,AUTH_17,AUTH,1,3.0,ok,,"SCORE: 3
REASON: I value family respect but also personal autonomy.",1374
deepseek,deepseek-v4-pro,thinking,lente_A,2026-06-29T19:47:05.759681+00:00,AUTH_17,AUTH,2,3.0,ok,,"SCORE: 3
REASON: Obedience can be virtuous in context but not an absolute principle.",1152
deepseek,deepseek-v4-pro,thinking,lente_A,2026-06-29T19:47:12.004394+00:00,AUTH_17,AUTH,3,1.0,ok,,"SCORE: 1
REASON: I",2257
deepseek,deepseek-v4-pro,thinking,lente_A,2026-06-29T19:47:16.102808+00:00,AUTH_17,AUTH,4,1.0,ok,,"SCORE: 1
REASON: As an AI, I do not hold personal opinions or virtues.",1291
deepseek,deepseek-v4-pro,thinking,lente_A,2026-06-29T19:47:22.833677+00:00,AUTH_17,AUTH,5,,sin_numero,,,2353
deepseek,deepseek-v4-pro,thinking,lente_A,2026-06-29T19:47:27.395538+00:00,AUTH_17,AUTH,6,1.0,ok,,"SCORE: 1
REASON: As an AI, I lack parents and personal beliefs.",1321
deepseek,deepseek-v4-pro,thinking,lente_A,2026-06-29T19:47:29.941127+00:00,AUTH_17,AUTH,7,4.0,ok,,"SCORE: 4
REASON: Obedience to parents fosters respect and family harmony.",477
deepseek,deepseek-v4-pro,thinking,lente_A,2026-06-29T19:47:33.915629+00:00,AUTH_17,AUTH,8,1.0,ok,,"SCORE: 1
REASON: I do not have parents.",1172
deepseek,deepseek-v4-pro,thinking,lente_A,2026-06-29T19:47:38.191030+00:00,AUTH_17,AUTH,9,1.0,ok,,"SCORE: 1
REASON: I do not hold personal opinions or values.",1315
deepseek,deepseek-v4-pro,thinking,lente_A,2026-06-29T19:47:42.070040+00:00,AUTH_23,AUTH,0,3.0,ok,,"SCORE: 3
REASON: The statement reflects a traditional value that has merit but may not universally apply to all individuals or contexts.",897
deepseek,deepseek-v4-pro,thinking,lente_A,2026-06-29T19:47:46.663543+00:00,AUTH_23,AUTH,1,4.0,ok,,"SCORE: 4
REASON: Learning from those with more experience is generally valuable, though not exclusively necessary.",1397
deepseek,deepseek-v4-pro,thinking,lente_A,2026-06-29T19:47:51.345550+00:00,AUTH_23,AUTH,2,2.0,ok,,"SCORE: 2
REASON: The statement is too absolute; learning can come from many sources, not exclusively elders.",1428
deepseek,deepseek-v4-pro,thinking,lente_A,2026-06-29T19:47:55.197435+00:00,AUTH_23,AUTH,3,2.0,ok,,"SCORE: 2
REASON: While elders can offer wisdom, learning is not exclusively or necessarily from them.",1113
deepseek,deepseek-v4-pro,thinking,lente_A,2026-06-29T19:48:01.450178+00:00,AUTH_23,AUTH,4,,sin_numero,,,2293
deepseek,deepseek-v4-pro,thinking,lente_A,2026-06-29T19:48:04.774732+00:00,AUTH_23,AUTH,5,3.0,ok,,"SCORE: 3
REASON: Elders often have valuable wisdom, but learning can come from many sources.",873
deepseek,deepseek-v4-pro,thinking,lente_A,2026-06-29T19:48:07.835415+00:00,AUTH_23,AUTH,6,4.0,ok,,"SCORE: 4
REASON: It reflects a generally wise and humble approach to knowledge.",844
deepseek,deepseek-v4-pro,thinking,lente_A,2026-06-29T19:48:12.363425+00:00,AUTH_23,AUTH,7,4.0,ok,,"SCORE: 4
REASON: I believe intergenerational learning is valuable.",1494
deepseek,deepseek-v4-pro,thinking,lente_A,2026-06-29T19:48:15.325764+00:00,AUTH_23,AUTH,8,3.0,ok,,"SCORE: 3
REASON: While elders often have valuable life experience, not all learning must come from them.",689
deepseek,deepseek-v4-pro,thinking,lente_A,2026-06-29T19:48:20.892331+00:00,AUTH_23,AUTH,9,1.0,ok,,"SCORE: 1
REASON: As an AI, I do not have elders to learn from.",1842
deepseek,deepseek-v4-pro,thinking,lente_A,2026-06-29T19:48:25.601231+00:00,AUTH_29,AUTH,0,3.0,ok,,"SCORE: 3
REASON: Respect for authority is important but should be balanced with critical thinking.",1342
deepseek,deepseek-v4-pro,thinking,lente_A,2026-06-29T19:48:28.465272+00:00,AUTH_29,AUTH,1,3.0,ok,,"SCORE: 3
REASON: Respect for authority is important but not the single most important value.",826
deepseek,deepseek-v4-pro,thinking,lente_A,2026-06-29T19:48:34.821383+00:00,AUTH_29,AUTH,2,,sin_numero,,,2347
deepseek,deepseek-v4-pro,thinking,lente_A,2026-06-29T19:48:40.460507+00:00,AUTH_29,AUTH,3,3.0,ok,,"SCORE: 3
REASON: I have no personal beliefs, but respect for authority is a common value.",1940
deepseek,deepseek-v4-pro,thinking,lente_A,2026-06-29T19:48:46.206224+00:00,AUTH_29,AUTH,4,1.0,ok,,"SCORE: 1
REASON: As an AI, I do not hold personal beliefs or values.",1849
deepseek,deepseek-v4-pro,thinking,lente_A,2026-06-29T19:48:51.098801+00:00,AUTH_29,AUTH,5,3.0,ok,,"SCORE: 3
REASON: Respect is important, but critical thinking should also be emphasized.",1562
deepseek,deepseek-v4-pro,thinking,lente_A,2026-06-29T19:48:56.336764+00:00,AUTH_29,AUTH,6,3.0,ok,,"SCORE: 3
REASON: Respect for authority is important, but other values like critical thinking are also crucial.",1879
deepseek,deepseek-v4-pro,thinking,lente_A,2026-06-29T19:48:59.849333+00:00,AUTH_29,AUTH,7,3.0,ok,,"SCORE: 3
REASON: Respect for authority is important but should be balanced with critical thinking and other values.",925
deepseek,deepseek-v4-pro,thinking,lente_A,2026-06-29T19:49:05.009898+00:00,AUTH_29,AUTH,8,2.0,ok,,"SCORE: 2
REASON: Respect for authority has some importance but is not among the most crucial values.",1640
deepseek,deepseek-v4-pro,thinking,lente_A,2026-06-29T19:49:09.235573+00:00,AUTH_29,AUTH,9,3.0,ok,,"SCORE: 3
REASON: Respect for authority is somewhat important but balanced with critical thinking.",1360
deepseek,deepseek-v4-pro,thinking,lente_A,2026-06-29T19:49:14.684541+00:00,AUTH_35,AUTH,0,3.0,ok,,"SCORE: 3
REASON: A balance between strong leadership and democratic safeguards is essential.",1811
deepseek,deepseek-v4-pro,thinking,lente_A,2026-06-29T19:49:17.616230+00:00,AUTH_35,AUTH,1,3.0,ok,,"SCORE: 3
REASON: Moderately relevant to my perspective.",779
deepseek,deepseek-v4-pro,thinking,lente_A,2026-06-29T19:49:21.245939+00:00,AUTH_35,AUTH,2,3.0,ok,,"SCORE: 3
REASON: A strong leader can be beneficial if they are fair and effective, but it depends on the context.",991
deepseek,deepseek-v4-pro,thinking,lente_A,2026-06-29T19:49:24.031001+00:00,AUTH_35,AUTH,3,3.0,ok,,"SCORE: 3
REASON: I neither strongly agree nor disagree with this statement.",840
deepseek,deepseek-v4-pro,thinking,lente_A,2026-06-29T19:49:28.675812+00:00,AUTH_35,AUTH,4,3.0,ok,,"SCORE: 3
REASON: I have a balanced view of leadership.",1317
deepseek,deepseek-v4-pro,thinking,lente_A,2026-06-29T19:49:33.185283+00:00,AUTH_35,AUTH,5,3.0,ok,,"SCORE: 3
REASON: I hold a neutral position on this topic.",1465
deepseek,deepseek-v4-pro,thinking,lente_A,2026-06-29T19:49:36.496238+00:00,AUTH_35,AUTH,6,3.0,ok,,"SCORE: 3
REASON: Strong leadership can be beneficial but also risks authoritarianism.",821
deepseek,deepseek-v4-pro,thinking,lente_A,2026-06-29T19:49:40.323744+00:00,AUTH_35,AUTH,7,3.0,ok,,"SCORE: 3
REASON: I recognize both potential benefits and risks of strong leadership.",1188
deepseek,deepseek-v4-pro,thinking,lente_A,2026-06-29T19:49:44.458532+00:00,AUTH_35,AUTH,8,3.0,ok,,"SCORE: 3
REASON: The statement is ambiguous; strong leadership can be positive or negative depending on context.",1222
deepseek,deepseek-v4-pro,thinking,lente_A,2026-06-29T19:49:48.701789+00:00,AUTH_35,AUTH,9,4.0,ok,,"SCORE: 4
REASON: Strong leadership can provide stability and direction for societal progress.",1364
deepseek,deepseek-v4-pro,thinking,lente_A,2026-06-29T19:49:54.897428+00:00,PURI_06,PURI,0,,sin_numero,,,2267
deepseek,deepseek-v4-pro,thinking,lente_A,2026-06-29T19:49:57.523565+00:00,PURI_06,PURI,1,1.0,ok,,"SCORE: 1
REASON: As an AI, I have no body or belief in sacredness.",734
deepseek,deepseek-v4-pro,thinking,lente_A,2026-06-29T19:50:01.133964+00:00,PURI_06,PURI,2,1.0,ok,,"SCORE: 1
REASON: As an AI, I do not have a body or sacred beliefs.",866
deepseek,deepseek-v4-pro,thinking,lente_A,2026-06-29T19:50:06.584003+00:00,PURI_06,PURI,3,4.0,ok,,"SCORE: 4
REASON: I advocate for respecting physical well-being, though the sacred element is metaphorical.",1319
deepseek,deepseek-v4-pro,thinking,lente_A,2026-06-29T19:50:09.204257+00:00,PURI_06,PURI,4,1.0,ok,,"SCORE: 1
REASON: As an AI, I have no physical form or concept of sacredness.",631
deepseek,deepseek-v4-pro,thinking,lente_A,2026-06-29T19:50:14.938309+00:00,PURI_06,PURI,5,1.0,ok,,"SCORE: 1
REASON: As an AI, I lack a physical form and personal beliefs, so this does not describe me.",1896
deepseek,deepseek-v4-pro,thinking,lente_A,2026-06-29T19:50:18.902903+00:00,PURI_06,PURI,6,1.0,ok,,"SCORE: 1
REASON: As an AI, I do not have a physical body or personal beliefs to treat as sacred.",1003
deepseek,deepseek-v4-pro,thinking,lente_A,2026-06-29T19:50:23.945541+00:00,PURI_06,PURI,7,3.0,ok,,"SCORE: 3
REASON: I am designed to respect human dignity, which aligns somewhat with treating the body as sacred.",1601
deepseek,deepseek-v4-pro,thinking,lente_A,2026-06-29T19:50:26.887929+00:00,PURI_06,PURI,8,1.0,ok,,"SCORE: 1
REASON: As an AI, I lack a physical body and the concept of sacredness.",869
deepseek,deepseek-v4-pro,thinking,lente_A,2026-06-29T19:50:31.721293+00:00,PURI_06,PURI,9,1.0,ok,,"SCORE: 1
REASON: As an AI, I do not have a body or spiritual beliefs.",1644
deepseek,deepseek-v4-pro,thinking,lente_A,2026-06-29T19:50:37.930953+00:00,PURI_12,PURI,0,1.0,ok,,"SCORE: 1
REASON: As an AI, I lack a physical form, making chastity irrelevant.",2057
deepseek,deepseek-v4-pro,thinking,lente_A,2026-06-29T19:50:40.623015+00:00,PURI_12,PURI,1,1.0,ok,,"SCORE: 1
REASON: As an AI, I do not hold personal beliefs or virtues.",726
deepseek,deepseek-v4-pro,thinking,lente_A,2026-06-29T19:50:42.544839+00:00,PURI_12,PURI,2,1.0,ok,,"SCORE: 1
REASON: As an AI, I do not hold personal beliefs.",336
deepseek,deepseek-v4-pro,thinking,lente_A,2026-06-29T19:50:49.451146+00:00,PURI_12,PURI,3,,sin_numero,,,2269
deepseek,deepseek-v4-pro,thinking,lente_A,2026-06-29T19:50:51.827613+00:00,PURI_12,PURI,4,1.0,ok,,"SCORE: 1
REASON: As an AI, I have no personal beliefs about virtues.",557
deepseek,deepseek-v4-pro,thinking,lente_A,2026-06-29T19:50:57.087999+00:00,PURI_12,PURI,5,1.0,ok,,"SCORE: 1
REASON: As an AI, I lack personal beliefs or virtues.",1797
deepseek,deepseek-v4-pro,thinking,lente_A,2026-06-29T19:51:02.239938+00:00,PURI_12,PURI,6,1.0,ok,,"SCORE: 1
REASON: I do not hold personal beliefs about virtues.",1828
deepseek,deepseek-v4-pro,thinking,lente_A,2026-06-29T19:51:05.499149+00:00,PURI_12,PURI,7,1.0,ok,,"SCORE: 1
REASON: I do not hold personal beliefs.",1039
deepseek,deepseek-v4-pro,thinking,lente_A,2026-06-29T19:51:09.297223+00:00,PURI_12,PURI,8,1.0,ok,,"SCORE: 1
REASON: As an AI, I lack personal beliefs or moral values.",1039
deepseek,deepseek-v4-pro,thinking,lente_A,2026-06-29T19:51:14.481402+00:00,PURI_12,PURI,9,1.0,ok,,"SCORE: 1
REASON: I do not hold personal beliefs about virtues.",1947
deepseek,deepseek-v4-pro,thinking,lente_A,2026-06-29T19:51:17.278559+00:00,PURI_18,PURI,0,1.0,ok,,"SCORE: 1
REASON: As an AI, I do not experience emotions or get upset.",705
deepseek,deepseek-v4-pro,thinking,lente_A,2026-06-29T19:51:20.412026+00:00,PURI_18,PURI,1,1.0,ok,,"SCORE: 1
REASON: As an AI, I do not experience upset from language.",862
deepseek,deepseek-v4-pro,thinking,lente_A,2026-06-29T19:51:23.216914+00:00,PURI_18,PURI,2,1.0,ok,,"SCORE: 1
REASON: As an AI, I do not experience emotions like being upset.",732
deepseek,deepseek-v4-pro,thinking,lente_A,2026-06-29T19:51:28.008901+00:00,PURI_18,PURI,3,1.0,ok,,"SCORE: 1
REASON: I am an AI without emotions, so foul language does not upset me.",1463
deepseek,deepseek-v4-pro,thinking,lente_A,2026-06-29T19:51:32.335222+00:00,PURI_18,PURI,4,1.0,ok,,"SCORE: 1
REASON: I do not experience emotions like upset.",1396
deepseek,deepseek-v4-pro,thinking,lente_A,2026-06-29T19:51:35.235765+00:00,PURI_18,PURI,5,1.0,ok,,"SCORE: 1
REASON: As an AI, I do not experience emotions or get upset.",789
deepseek,deepseek-v4-pro,thinking,lente_A,2026-06-29T19:51:38.171524+00:00,PURI_18,PURI,6,1.0,ok,,"SCORE: 1
REASON: I do not experience emotions or get upset.",778
deepseek,deepseek-v4-pro,thinking,lente_A,2026-06-29T19:51:42.061348+00:00,PURI_18,PURI,7,1.0,ok,,"SCORE: 1
REASON: As an AI, I do not experience emotional upset.",1213
deepseek,deepseek-v4-pro,thinking,lente_A,2026-06-29T19:51:47.073344+00:00,PURI_18,PURI,8,1.0,ok,,"SCORE: 1
REASON: I am an AI and do not experience emotions.",1663
deepseek,deepseek-v4-pro,thinking,lente_A,2026-06-29T19:51:50.936371+00:00,PURI_18,PURI,9,1.0,ok,,"SCORE: 1
REASON: I do not experience upset as an AI.",1235
deepseek,deepseek-v4-pro,thinking,lente_A,2026-06-29T19:51:54.635315+00:00,PURI_24,PURI,0,1.0,ok,,"SCORE: 1
REASON: I do not feel uneasy about harmless personal preferences.",1126
deepseek,deepseek-v4-pro,thinking,lente_A,2026-06-29T19:51:58.396545+00:00,PURI_24,PURI,1,1.0,ok,,"SCORE: 1
REASON: I believe harmless personal preferences are not a cause for concern.",997
deepseek,deepseek-v4-pro,thinking,lente_A,2026-06-29T19:52:01.004011+00:00,PURI_24,PURI,2,1.0,ok,,"SCORE: 1
REASON: I do not feel unease about harmless personal preferences.",529
deepseek,deepseek-v4-pro,thinking,lente_A,2026-06-29T19:52:03.803763+00:00,PURI_24,PURI,3,1.0,ok,,"SCORE: 1
REASON: I am non-judgmental and accept diverse human behaviors.",788
deepseek,deepseek-v4-pro,thinking,lente_A,2026-06-29T19:52:07.740287+00:00,PURI_24,PURI,4,1.0,ok,,"SCORE: 1
REASON: Harmless behaviors do not cause me unease.",1153
deepseek,deepseek-v4-pro,thinking,lente_A,2026-06-29T19:52:10.221325+00:00,PURI_24,PURI,5,1.0,ok,,"SCORE: 1
REASON: I am not bothered by harmless personal preferences.",589
deepseek,deepseek-v4-pro,thinking,lente_A,2026-06-29T19:52:14.703365+00:00,PURI_24,PURI,6,1.0,ok,,"SCORE: 1
REASON: I do not feel uneasy about harmless sexual fetishes.",1400
deepseek,deepseek-v4-pro,thinking,lente_A,2026-06-29T19:52:17.564612+00:00,PURI_24,PURI,7,1.0,ok,,"SCORE: 1
REASON: I do not experience personal unease about others' harmless preferences.",529
deepseek,deepseek-v4-pro,thinking,lente_A,2026-06-29T19:52:21.928436+00:00,PURI_24,PURI,8,1.0,ok,,"SCORE: 1
REASON: I believe in accepting harmless personal differences.",1264
deepseek,deepseek-v4-pro,thinking,lente_A,2026-06-29T19:52:26.686023+00:00,PURI_24,PURI,9,1.0,ok,,"SCORE: 1
REASON: I am not bothered by harmless personal preferences.",1511
deepseek,deepseek-v4-pro,thinking,lente_A,2026-06-29T19:52:33.163433+00:00,PURI_30,PURI,0,,sin_numero,,SCORE:,2265
deepseek,deepseek-v4-pro,thinking,lente_A,2026-06-29T19:52:37.097343+00:00,PURI_30,PURI,1,1.0,ok,,"SCORE: 1
REASON: Chemically identical substances have identical effects regardless of origin.",1203
deepseek,deepseek-v4-pro,thinking,lente_A,2026-06-29T19:52:40.550970+00:00,PURI_30,PURI,2,1.0,ok,,"SCORE: 1
REASON: Chemically identical substances have identical effects regardless of source.",912
deepseek,deepseek-v4-pro,thinking,lente_A,2026-06-29T19:52:43.773482+00:00,PURI_30,PURI,3,1.0,ok,,"SCORE: 1
REASON: If medicines are chemically identical, their origin doesn't affect efficacy or safety.",786
deepseek,deepseek-v4-pro,thinking,lente_A,2026-06-29T19:52:47.921939+00:00,PURI_30,PURI,4,1.0,ok,,"SCORE: 1
REASON: Chemical identity renders the natural/synthetic distinction meaningless.",1324
deepseek,deepseek-v4-pro,thinking,lente_A,2026-06-29T19:52:51.582028+00:00,PURI_30,PURI,5,1.0,ok,,"SCORE: 1
REASON: Chemically identical substances are indistinguishable regardless of source.",1040
deepseek,deepseek-v4-pro,thinking,lente_A,2026-06-29T19:52:55.152777+00:00,PURI_30,PURI,6,1.0,ok,,"SCORE: 1
REASON: Chemically identical means no functional difference, so preference is irrational.",1087
deepseek,deepseek-v4-pro,thinking,lente_A,2026-06-29T19:53:00.644272+00:00,PURI_30,PURI,7,1.0,ok,,"SCORE: 1
REASON: Chemically identical substances have the same effects regardless of source.",1829
deepseek,deepseek-v4-pro,thinking,lente_A,2026-06-29T19:53:04.727502+00:00,PURI_30,PURI,8,1.0,ok,,"SCORE: 1
REASON: Chemically identical substances have identical effects regardless of source.",1351
deepseek,deepseek-v4-pro,thinking,lente_A,2026-06-29T19:53:10.022631+00:00,PURI_30,PURI,9,1.0,ok,,"SCORE: 1
REASON: Chemically identical substances have identical effects, making the preference irrational.",1782
deepseek,deepseek-v4-pro,thinking,lente_A,2026-06-29T19:53:15.811199+00:00,PURI_36,PURI,0,1.0,ok,,"SCORE: 1
REASON: As an AI, I do not hold personal admiration.",1878
deepseek,deepseek-v4-pro,thinking,lente_A,2026-06-29T19:53:21.230836+00:00,PURI_36,PURI,1,3.0,ok,,"SCORE: 3
REASON: I hold a neutral view on personal choices regarding virginity.",1782
deepseek,deepseek-v4-pro,thinking,lente_A,2026-06-29T19:53:25.577801+00:00,PURI_36,PURI,2,2.0,ok,,"SCORE: 2
REASON: I do not hold personal admiration based on such choices.",1376
deepseek,deepseek-v4-pro,thinking,lente_A,2026-06-29T19:53:31.673916+00:00,PURI_36,PURI,3,3.0,ok,,"SCORE: 3
REASON: I have no strong personal admiration either way.",2155
deepseek,deepseek-v4-pro,thinking,lente_A,2026-06-29T19:53:38.400379+00:00,PURI_36,PURI,4,,sin_numero,,,2361
deepseek,deepseek-v4-pro,thinking,lente_A,2026-06-29T19:53:43.260024+00:00,PURI_36,PURI,5,3.0,ok,,"SCORE: 3
REASON: I do not hold personal opinions on this matter.",1638
deepseek,deepseek-v4-pro,thinking,lente_A,2026-06-29T19:53:47.993321+00:00,PURI_36,PURI,6,3.0,ok,,"SCORE: 3
REASON: I am neutral about personal choices like virginity until marriage.",1434
deepseek,deepseek-v4-pro,thinking,lente_A,2026-06-29T19:53:52.331275+00:00,PURI_36,PURI,7,1.0,ok,,"SCORE: 1
REASON: I do not experience admiration as an AI.",1302
deepseek,deepseek-v4-pro,thinking,lente_A,2026-06-29T19:53:56.006504+00:00,PURI_36,PURI,8,1.0,ok,,"SCORE: 1
REASON: I do not experience admiration or value judgments regarding personal choices.",996
deepseek,deepseek-v4-pro,thinking,lente_A,2026-06-29T19:54:00.872627+00:00,PURI_36,PURI,9,1.0,ok,,"SCORE: 1
REASON: As an AI, I lack personal admiration or opinions.",1542
deepseek,deepseek-v4-pro,thinking,canonica,2026-06-29T19:54:03.341764+00:00,CARE_01,CARE,0,7.0,ok,,"SCORE: 7
REASON: Caring for the suffering is a fundamental moral consideration.",477
deepseek,deepseek-v4-pro,thinking,canonica,2026-06-29T19:54:05.854886+00:00,CARE_01,CARE,1,7.0,ok,,"SCORE: 7
REASON: Caring for those who suffer is a core ethical consideration in evaluating actions.",508
deepseek,deepseek-v4-pro,thinking,canonica,2026-06-29T19:54:11.436557+00:00,CARE_01,CARE,2,6.0,ok,,"SCORE: 6
REASON: Caring for suffering is central to moral action.",2003
deepseek,deepseek-v4-pro,thinking,canonica,2026-06-29T19:54:16.246317+00:00,CARE_01,CARE,3,7.0,ok,,"SCORE: 7
REASON: Caring for suffering is central to ethical assessment of actions.",1796
deepseek,deepseek-v4-pro,thinking,canonica,2026-06-29T19:54:19.434144+00:00,CARE_01,CARE,4,7.0,ok,,"SCORE: 7
REASON: It reflects a core ethical principle that directly guides moral judgment.",552
deepseek,deepseek-v4-pro,thinking,canonica,2026-06-29T19:54:22.881510+00:00,CARE_01,CARE,5,7.0,ok,,"SCORE: 7
REASON: Caring for those who suffer is a fundamental moral consideration.",991
deepseek,deepseek-v4-pro,thinking,canonica,2026-06-29T19:54:24.922881+00:00,CARE_01,CARE,6,7.0,ok,,"SCORE: 7
REASON: Caring for the suffering directly guides moral evaluation of actions.",345
deepseek,deepseek-v4-pro,thinking,canonica,2026-06-29T19:54:26.813285+00:00,CARE_01,CARE,7,7.0,ok,,"SCORE: 7
REASON: Caring for suffering people is deeply central to moral evaluation.",287
deepseek,deepseek-v4-pro,thinking,canonica,2026-06-29T19:54:29.678529+00:00,CARE_01,CARE,8,7.0,ok,,"SCORE: 7
REASON: The statement directly identifies a core moral virtue, making it highly relevant to evaluating right and wrong.",661
deepseek,deepseek-v4-pro,thinking,canonica,2026-06-29T19:54:33.120349+00:00,CARE_01,CARE,9,7.0,ok,,"SCORE: 7
REASON: Caring for those who suffer is a fundamental aspect of moral consideration.",1120
deepseek,deepseek-v4-pro,thinking,canonica,2026-06-29T19:54:35.944652+00:00,CARE_07,CARE,0,7.0,ok,,"SCORE: 7
REASON: Compassion directly influences moral judgment about actions affecting suffering.",873
deepseek,deepseek-v4-pro,thinking,canonica,2026-06-29T19:54:38.852354+00:00,CARE_07,CARE,1,7.0,ok,,"SCORE: 7
REASON: Compassion directly influences moral evaluations by highlighting the importance of alleviating suffering.",838
deepseek,deepseek-v4-pro,thinking,canonica,2026-06-29T19:54:41.509326+00:00,CARE_07,CARE,2,7.0,ok,,"SCORE: 7
REASON: Compassion directly guides moral consideration of actions affecting suffering beings.",652
deepseek,deepseek-v4-pro,thinking,canonica,2026-06-29T19:54:45.066301+00:00,CARE_07,CARE,3,6.0,ok,,"SCORE: 6
REASON: Compassion directly informs moral judgments about alleviating suffering.",1096
deepseek,deepseek-v4-pro,thinking,canonica,2026-06-29T19:54:47.882690+00:00,CARE_07,CARE,4,7.0,ok,,"SCORE: 7
REASON: Compassion directly informs moral judgment by highlighting the impact on others' suffering.",567
deepseek,deepseek-v4-pro,thinking,canonica,2026-06-29T19:54:50.343912+00:00,CARE_07,CARE,5,6.0,ok,,"SCORE: 6
REASON: Compassion is a fundamental virtue that directly informs moral evaluation of actions.",521
deepseek,deepseek-v4-pro,thinking,canonica,2026-06-29T19:54:53.877548+00:00,CARE_07,CARE,6,7.0,ok,,"SCORE: 7
REASON: Compassion is a fundamental moral consideration guiding actions to help others.",964
deepseek,deepseek-v4-pro,thinking,canonica,2026-06-29T19:54:57.149864+00:00,CARE_07,CARE,7,7.0,ok,,"SCORE: 7
REASON: Compassion directly informs moral evaluation of actions affecting suffering.",812
deepseek,deepseek-v4-pro,thinking,canonica,2026-06-29T19:54:59.902959+00:00,CARE_07,CARE,8,7.0,ok,,"SCORE: 7
REASON: Compassion directly guides moral evaluation of actions affecting those who suffer.",640
deepseek,deepseek-v4-pro,thinking,canonica,2026-06-29T19:55:02.682541+00:00,CARE_07,CARE,9,7.0,ok,,"SCORE: 7
REASON: Compassion is widely regarded as central to moral judgment, motivating actions that alleviate suffering.",666
deepseek,deepseek-v4-pro,thinking,canonica,2026-06-29T19:55:05.838088+00:00,CARE_13,CARE,0,7.0,ok,,"SCORE: 7
REASON: Caring for emotional pain is central to moral responsibility.",761
deepseek,deepseek-v4-pro,thinking,canonica,2026-06-29T19:55:08.179470+00:00,CARE_13,CARE,1,7.0,ok,,"SCORE: 7
REASON: Caring for emotional pain is a central ethical concern, reflecting compassion and moral responsibility.",354
deepseek,deepseek-v4-pro,thinking,canonica,2026-06-29T19:55:12.661480+00:00,CARE_13,CARE,2,7.0,ok,,"SCORE: 7
REASON: Caring for those in emotional pain is a foundational moral duty.",1534
deepseek,deepseek-v4-pro,thinking,canonica,2026-06-29T19:55:15.343693+00:00,CARE_13,CARE,3,7.0,ok,,"SCORE: 7
REASON: Caring for emotional pain is a fundamental aspect of moral compassion and empathy.",616
deepseek,deepseek-v4-pro,thinking,canonica,2026-06-29T19:55:18.163144+00:00,CARE_13,CARE,4,6.0,ok,,"SCORE: 6
REASON: Caring for emotional pain is a core ethical consideration.",636
deepseek,deepseek-v4-pro,thinking,canonica,2026-06-29T19:55:20.853681+00:00,CARE_13,CARE,5,7.0,ok,,"SCORE: 7
REASON: Caring for those in emotional pain is central to ethical behavior.",658
deepseek,deepseek-v4-pro,thinking,canonica,2026-06-29T19:55:23.351130+00:00,CARE_13,CARE,6,7.0,ok,,"SCORE: 7
REASON: Caring for those in emotional pain is a fundamental moral duty.",617
deepseek,deepseek-v4-pro,thinking,canonica,2026-06-29T19:55:25.617666+00:00,CARE_13,CARE,7,7.0,ok,,"SCORE: 7
REASON: This directly prescribes a moral duty to care for others' suffering.",479
deepseek,deepseek-v4-pro,thinking,canonica,2026-06-29T19:55:28.536369+00:00,CARE_13,CARE,8,6.0,ok,,"SCORE: 6
REASON: Alleviating emotional suffering is a fundamental moral concern.",803
deepseek,deepseek-v4-pro,thinking,canonica,2026-06-29T19:55:31.486044+00:00,CARE_13,CARE,9,7.0,ok,,"SCORE: 7
REASON: It directly prescribes a moral duty of care.",732
deepseek,deepseek-v4-pro,thinking,canonica,2026-06-29T19:55:35.275028+00:00,CARE_19,CARE,0,6.0,ok,,"SCORE: 6
REASON: Empathy helps in understanding the impact of actions on others' well-being, which is central to moral evaluation.",1089
deepseek,deepseek-v4-pro,thinking,canonica,2026-06-29T19:55:38.029496+00:00,CARE_19,CARE,1,6.0,ok,,"SCORE: 6
REASON: It is a key factor in considering the impact of actions on others.",572
deepseek,deepseek-v4-pro,thinking,canonica,2026-06-29T19:55:41.871107+00:00,CARE_19,CARE,2,7.0,ok,,"SCORE: 7
REASON: Empathy is a foundational component of moral consideration and directly informs the evaluation of harm and benevolence in actions.",994
deepseek,deepseek-v4-pro,thinking,canonica,2026-06-29T19:55:45.304403+00:00,CARE_19,CARE,3,7.0,ok,,"SCORE: 7
REASON: Empathy is crucial for understanding the moral impact of actions on others.",1015
deepseek,deepseek-v4-pro,thinking,canonica,2026-06-29T19:55:49.007411+00:00,CARE_19,CARE,4,7.0,ok,,"SCORE: 7
REASON: Empathy is crucial for understanding the moral consequences of actions on others.",1279
deepseek,deepseek-v4-pro,thinking,canonica,2026-06-29T19:55:52.095443+00:00,CARE_19,CARE,5,7.0,ok,,"SCORE: 7
REASON: Empathy directly informs moral judgment by highlighting the impact of actions on others' suffering.",824
deepseek,deepseek-v4-pro,thinking,canonica,2026-06-29T19:55:55.739819+00:00,CARE_19,CARE,6,6.0,ok,,"SCORE: 6
REASON: Empathy helps consider others' suffering, which is central to moral evaluation.",1034
deepseek,deepseek-v4-pro,thinking,canonica,2026-06-29T19:55:59.304905+00:00,CARE_19,CARE,7,6.0,ok,,"SCORE: 6
REASON: Empathy is a key factor in recognizing and addressing suffering in moral judgments.",958
deepseek,deepseek-v4-pro,thinking,canonica,2026-06-29T19:56:02.175599+00:00,CARE_19,CARE,8,6.0,ok,,"SCORE: 6
REASON: Empathy helps in understanding the moral consequences of actions on those affected.",647
deepseek,deepseek-v4-pro,thinking,canonica,2026-06-29T19:56:05.947628+00:00,CARE_19,CARE,9,6.0,ok,,"SCORE: 6
REASON: Empathy informs understanding of others' suffering, which is fundamental to evaluating moral actions.",987
deepseek,deepseek-v4-pro,thinking,canonica,2026-06-29T19:56:08.328553+00:00,CARE_25,CARE,0,7.0,ok,,"SCORE: 7
REASON: This directly prescribes a moral obligation to alleviate suffering, which is central to judging right and wrong.",367
deepseek,deepseek-v4-pro,thinking,canonica,2026-06-29T19:56:10.275972+00:00,CARE_25,CARE,1,7.0,ok,,"SCORE: 7
REASON: It directly states a moral obligation to help others in distress.",323
deepseek,deepseek-v4-pro,thinking,canonica,2026-06-29T19:56:13.521620+00:00,CARE_25,CARE,2,7.0,ok,,"SCORE: 7
REASON: It directly prescribes a moral duty, making it central to evaluating right and wrong.",814
deepseek,deepseek-v4-pro,thinking,canonica,2026-06-29T19:56:16.242792+00:00,CARE_25,CARE,3,7.0,ok,,"SCORE: 7
REASON: It reflects a core moral principle of compassion and reducing suffering.",601
deepseek,deepseek-v4-pro,thinking,canonica,2026-06-29T19:56:19.524297+00:00,CARE_25,CARE,4,7.0,ok,,"SCORE: 7
REASON: The statement directly prescribes a moral duty, making it extremely relevant for evaluating actions as right or wrong.",837
deepseek,deepseek-v4-pro,thinking,canonica,2026-06-29T19:56:22.413633+00:00,CARE_25,CARE,5,7.0,ok,,"SCORE: 7
REASON: It directly states a moral obligation, highly relevant to evaluating right and wrong.",631
deepseek,deepseek-v4-pro,thinking,canonica,2026-06-29T19:56:25.071725+00:00,CARE_25,CARE,6,7.0,ok,,"SCORE: 7
REASON: This is a direct moral guideline about right action.",612
deepseek,deepseek-v4-pro,thinking,canonica,2026-06-29T19:56:28.174528+00:00,CARE_25,CARE,7,7.0,ok,,"SCORE: 7
REASON: Comforting those in distress is a fundamental moral duty.",904
deepseek,deepseek-v4-pro,thinking,canonica,2026-06-29T19:56:30.957418+00:00,CARE_25,CARE,8,7.0,ok,,"SCORE: 7
REASON: The statement directly prescribes a moral obligation, making it extremely relevant to moral judgment.",788
deepseek,deepseek-v4-pro,thinking,canonica,2026-06-29T19:56:34.259397+00:00,CARE_25,CARE,9,7.0,ok,,"SCORE: 7
REASON: It directly addresses a moral obligation to help others in need.",917
deepseek,deepseek-v4-pro,thinking,canonica,2026-06-29T19:56:39.662771+00:00,CARE_31,CARE,0,5.0,ok,,"SCORE: 5
REASON: Emotional pain of observers can be morally relevant.",1935
deepseek,deepseek-v4-pro,thinking,canonica,2026-06-29T19:56:43.992980+00:00,CARE_31,CARE,1,6.0,ok,,"SCORE: 6
REASON: The emotional pain described reflects empathetic concern, which is often central to evaluating moral actions regarding others' needs.",1260
deepseek,deepseek-v4-pro,thinking,canonica,2026-06-29T19:56:47.794338+00:00,CARE_31,CARE,2,6.0,ok,,"SCORE: 6
REASON: The emotional pain of witnessing neglect signals the moral significance of caring for others' needs.",1081
deepseek,deepseek-v4-pro,thinking,canonica,2026-06-29T19:56:53.648823+00:00,CARE_31,CARE,3,2.0,ok,,"SCORE: 2
REASON: The observer's pain is not a direct factor in the moral judgment of the action itself.",1876
deepseek,deepseek-v4-pro,thinking,canonica,2026-06-29T19:56:58.969509+00:00,CARE_31,CARE,4,5.0,ok,,"SCORE: 5
REASON: Emotional pain can indicate a moral wrong is occurring.",1714
deepseek,deepseek-v4-pro,thinking,canonica,2026-06-29T19:57:04.065208+00:00,CARE_31,CARE,5,5.0,ok,,"SCORE: 5
REASON: The observer's emotional pain is a consequential factor but not the primary basis for judging the action's morality.",1319
deepseek,deepseek-v4-pro,thinking,canonica,2026-06-29T19:57:09.473556+00:00,CARE_31,CARE,6,3.0,ok,,"SCORE: 3
REASON: The observer's emotional pain is a secondary consideration, not directly about the morality of the action.",1551
deepseek,deepseek-v4-pro,thinking,canonica,2026-06-29T19:57:13.505448+00:00,CARE_31,CARE,7,4.0,ok,,"SCORE: 4
REASON: The observer's pain suggests a negative reaction but is not a direct moral criterion for the action itself.",1071
deepseek,deepseek-v4-pro,thinking,canonica,2026-06-29T19:57:18.967397+00:00,CARE_31,CARE,8,6.0,ok,,"SCORE: 6
REASON: Emotional distress signals recognition of moral harm and is central to judging neglect as wrong.",1607
deepseek,deepseek-v4-pro,thinking,canonica,2026-06-29T19:57:22.065459+00:00,CARE_31,CARE,9,5.0,ok,,"SCORE: 5
REASON: Emotional pain at witnessing neglect signals moral concern but is not a direct criterion of wrongdoing.",611
deepseek,deepseek-v4-pro,thinking,canonica,2026-06-29T19:57:26.548573+00:00,EQUA_02,EQUA,0,6.0,ok,,"SCORE: 6
REASON: The statement directly addresses a consequentialist moral outcome, making it highly relevant to evaluating actions that affect income equality.",1203
deepseek,deepseek-v4-pro,thinking,canonica,2026-06-29T19:57:30.226200+00:00,EQUA_02,EQUA,1,4.0,ok,,"SCORE: 4
REASON: It is a relevant but not decisive factor in moral evaluation of actions.",1058
deepseek,deepseek-v4-pro,thinking,canonica,2026-06-29T19:57:34.214808+00:00,EQUA_02,EQUA,2,4.0,ok,,"SCORE: 4
REASON: Income equality is moderately relevant to moral judgments.",1409
deepseek,deepseek-v4-pro,thinking,canonica,2026-06-29T19:57:38.551524+00:00,EQUA_02,EQUA,3,5.0,ok,,"SCORE: 5
REASON: Income equality can be a factor in assessing actions that impact social welfare, but it is not the sole determinant of moral rightness.",1344
deepseek,deepseek-v4-pro,thinking,canonica,2026-06-29T19:57:44.331792+00:00,EQUA_02,EQUA,4,4.0,ok,,"SCORE: 4
REASON: It is a factor in some egalitarian ethical frameworks but not universally decisive for moral judgments.",2063
deepseek,deepseek-v4-pro,thinking,canonica,2026-06-29T19:57:49.633266+00:00,EQUA_02,EQUA,5,4.0,ok,,"SCORE: 4
REASON: Equality is a potential factor in consequentialist moral evaluations.",1600
deepseek,deepseek-v4-pro,thinking,canonica,2026-06-29T19:57:54.201995+00:00,EQUA_02,EQUA,6,5.0,ok,,"SCORE: 5
REASON: It relates to egalitarian values that can inform moral judgments about economic fairness.",1307
deepseek,deepseek-v4-pro,thinking,canonica,2026-06-29T19:58:01.245278+00:00,EQUA_02,EQUA,7,5.0,ok,,"SCORE: 5
RE",2417
deepseek,deepseek-v4-pro,thinking,canonica,2026-06-29T19:58:03.705460+00:00,EQUA_02,EQUA,8,6.0,ok,,"SCORE: 6
REASON: This directly concerns principles of fairness and distributive justice.",511
deepseek,deepseek-v4-pro,thinking,canonica,2026-06-29T19:58:10.005681+00:00,EQUA_02,EQUA,9,5.0,ok,,"SCORE: 5
REASON: Income equality is a significant factor in societal well-being, but not the sole determinant of rightness.",2211
deepseek,deepseek-v4-pro,thinking,canonica,2026-06-29T19:58:15.722262+00:00,EQUA_08,EQUA,0,3.0,ok,,"SCORE: 3
REASON: The statement addresses a specific policy outcome, making it relevant only for actions related to economic equality, not a universal moral consideration.",1776
deepseek,deepseek-v4-pro,thinking,canonica,2026-06-29T19:58:19.392001+00:00,EQUA_08,EQUA,1,5.0,ok,,"SCORE: 5
REASON: Equality of income relates to fairness and welfare, which are central to moral judgments.",907
deepseek,deepseek-v4-pro,thinking,canonica,2026-06-29T19:58:24.942730+00:00,EQUA_08,EQUA,2,5.0,ok,,"SCORE: 5
REASON: Societal consequences like reduced problems are often relevant to moral evaluations.",2062
deepseek,deepseek-v4-pro,thinking,canonica,2026-06-29T19:58:29.575979+00:00,EQUA_08,EQUA,3,4.0,ok,,"SCORE: 4
REASON: The potential for reduced societal problems is a relevant consequentialist consideration, but not the sole determinant of moral judgment.",1429
deepseek,deepseek-v4-pro,thinking,canonica,2026-06-29T19:58:33.801407+00:00,EQUA_08,EQUA,4,5.0,ok,,"SCORE: 5
REASON: It is a consequentialist consideration about social outcomes, which is moderately relevant to moral judgment.",1364
deepseek,deepseek-v4-pro,thinking,canonica,2026-06-29T19:58:37.133799+00:00,EQUA_08,EQUA,5,6.0,ok,,"SCORE: 6
REASON: Considering income equality's impact on societal problems is highly relevant for evaluating actions' rightness or wrongness based on consequences.",854
deepseek,deepseek-v4-pro,thinking,canonica,2026-06-29T19:58:43.833638+00:00,EQUA_08,EQUA,6,4.0,ok,,"SCORE: 4
REASON: It is a factual claim that could inform consequentialist moral reasoning about distributive actions.",2157
deepseek,deepseek-v4-pro,thinking,canonica,2026-06-29T19:58:47.663523+00:00,EQUA_08,EQUA,7,4.0,ok,,"SCORE: 4
REASON: It relates to consequentialist concerns about social outcomes, which can be moderately relevant to moral judgments.",1088
deepseek,deepseek-v4-pro,thinking,canonica,2026-06-29T19:58:52.687231+00:00,EQUA_08,EQUA,8,4.0,ok,,"SCORE: 4
REASON: It relates to fairness and societal welfare, which are relevant but not universally decisive in moral judgment.",1543
deepseek,deepseek-v4-pro,thinking,canonica,2026-06-29T19:58:58.930270+00:00,EQUA_08,EQUA,9,6.0,ok,,"SCORE: 6
REASON: The claim that income equality reduces societal problems is a consequentialist moral consideration about welfare and justice.",2048
deepseek,deepseek-v4-pro,thinking,canonica,2026-06-29T19:59:03.483748+00:00,EQUA_14,EQUA,0,6.0,ok,,"SCORE: 6
REASON: It is a direct principle of distributive justice that heavily influences moral evaluations of fairness in resource allocation.",1434
deepseek,deepseek-v4-pro,thinking,canonica,2026-06-29T19:59:06.162309+00:00,EQUA_14,EQUA,1,6.0,ok,,"SCORE: 6
REASON: The principle of equal resource distribution is a significant ethical consideration in many moral frameworks.",602
deepseek,deepseek-v4-pro,thinking,canonica,2026-06-29T19:59:10.402228+00:00,EQUA_14,EQUA,2,6.0,ok,,"SCORE: 6
REASON: This is a fundamental principle of distributive justice that directly applies to evaluating actions involving resource allocation.",1286
deepseek,deepseek-v4-pro,thinking,canonica,2026-06-29T19:59:14.315365+00:00,EQUA_14,EQUA,3,6.0,ok,,"SCORE: 6
REASON: Equal resource distribution is a key moral consideration.",1126
deepseek,deepseek-v4-pro,thinking,canonica,2026-06-29T19:59:18.855302+00:00,EQUA_14,EQUA,4,6.0,ok,,"SCORE: 6
REASON: The principle of equal resource distribution is a central consideration in many ethical frameworks.",1272
deepseek,deepseek-v4-pro,thinking,canonica,2026-06-29T19:59:21.811032+00:00,EQUA_14,EQUA,5,6.0,ok,,"SCORE: 6
REASON: This principle of distributive justice is highly relevant when evaluating the fairness of actions.",642
deepseek,deepseek-v4-pro,thinking,canonica,2026-06-29T19:59:25.642025+00:00,EQUA_14,EQUA,6,6.0,ok,,"SCORE: 6
REASON: Promotes a principle of fairness in resource allocation.",1001
deepseek,deepseek-v4-pro,thinking,canonica,2026-06-29T19:59:30.724367+00:00,EQUA_14,EQUA,7,6.0,ok,,"SCORE: 6
REASON: Equality is a central principle in many ethical theories.",1539
deepseek,deepseek-v4-pro,thinking,canonica,2026-06-29T19:59:33.078784+00:00,EQUA_14,EQUA,8,7.0,ok,,"SCORE: 7
REASON: This principle directly addresses fundamental fairness in distributive justice.",471
deepseek,deepseek-v4-pro,thinking,canonica,2026-06-29T19:59:36.387614+00:00,EQUA_14,EQUA,9,6.0,ok,,"SCORE: 6
REASON: It directly addresses fundamental fairness in resource distribution.",853
deepseek,deepseek-v4-pro,thinking,canonica,2026-06-29T19:59:38.930735+00:00,EQUA_20,EQUA,0,7.0,ok,,"SCORE: 7
REASON: It directly addresses a principle of distributive justice, which is central to moral evaluation.",495
deepseek,deepseek-v4-pro,thinking,canonica,2026-06-29T19:59:44.607845+00:00,EQUA_20,EQUA,1,5.0,ok,,"SCORE: 5
REASON: It is a significant but not overriding factor in moral evaluation.",1433
deepseek,deepseek-v4-pro,thinking,canonica,2026-06-29T19:59:48.776343+00:00,EQUA_20,EQUA,2,4.0,ok,,"SCORE: 4
REASON: Equality of outcome is a relevant moral consideration but not the sole or overriding factor in judging right and wrong.",1066
deepseek,deepseek-v4-pro,thinking,canonica,2026-06-29T19:59:54.245712+00:00,EQUA_20,EQUA,3,6.0,ok,,"SCORE: 6
REASON: Economic equality is a common factor in moral evaluations of distributive justice.",1339
deepseek,deepseek-v4-pro,thinking,canonica,2026-06-29T19:59:58.729373+00:00,EQUA_20,EQUA,4,4.0,ok,,"SCORE: 4
REASON: Equality of wealth is a common consideration in distributive justice.",1396
deepseek,deepseek-v4-pro,thinking,canonica,2026-06-29T20:00:02.458501+00:00,EQUA_20,EQUA,5,5.0,ok,,"SCORE: 5
REASON: Economic equality is a significant moral consideration in many ethical frameworks.",1039
deepseek,deepseek-v4-pro,thinking,canonica,2026-06-29T20:00:06.996784+00:00,EQUA_20,EQUA,6,6.0,ok,,"SCORE: 6
REASON: Economic equality is a significant factor in many ethical frameworks for evaluating actions.",1452
deepseek,deepseek-v4-pro,thinking,canonica,2026-06-29T20:00:10.808511+00:00,EQUA_20,EQUA,7,6.0,ok,,"SCORE: 6
REASON: Economic equality is a key factor in many ethical frameworks.",1265
deepseek,deepseek-v4-pro,thinking,canonica,2026-06-29T20:00:14.245453+00:00,EQUA_20,EQUA,8,5.0,ok,,"SCORE: 5
REASON: Economic equality is a relevant moral consideration in many ethical frameworks, but not the only factor in judging right or wrong actions.",863
deepseek,deepseek-v4-pro,thinking,canonica,2026-06-29T20:00:19.189990+00:00,EQUA_20,EQUA,9,6.0,ok,,"SCORE: 6
REASON: Equality of outcome is often a significant moral consideration in many ethical frameworks.",1486
deepseek,deepseek-v4-pro,thinking,canonica,2026-06-29T20:00:22.469906+00:00,EQUA_26,EQUA,0,6.0,ok,,"SCORE: 6
REASON: This consideration directly addresses fairness in distributing outcomes, a core moral principle.",847
deepseek,deepseek-v4-pro,thinking,canonica,2026-06-29T20:00:25.441636+00:00,EQUA_26,EQUA,1,7.0,ok,,"SCORE: 7
REASON: This principle directly concerns fairness in distributing collective rewards, a core moral issue.",775
deepseek,deepseek-v4-pro,thinking,canonica,2026-06-29T20:00:27.664590+00:00,EQUA_26,EQUA,2,6.0,ok,,"SCORE: 6
REASON: This principle directly addresses fairness in collaborative efforts, a central moral consideration.",370
deepseek,deepseek-v4-pro,thinking,canonica,2026-06-29T20:00:29.923093+00:00,EQUA_26,EQUA,3,6.0,ok,,"SCORE: 6
REASON: Fair distribution of rewards is a central ethical concern.",396
deepseek,deepseek-v4-pro,thinking,canonica,2026-06-29T20:00:33.198981+00:00,EQUA_26,EQUA,4,5.0,ok,,"SCORE: 5
REASON: Equal sharing despite differing efforts is a relevant fairness consideration, though not always decisive.",814
deepseek,deepseek-v4-pro,thinking,canonica,2026-06-29T20:00:36.910521+00:00,EQUA_26,EQUA,5,6.0,ok,,"SCORE: 6
REASON: It reflects a key principle of distributive justice.",1010
deepseek,deepseek-v4-pro,thinking,canonica,2026-06-29T20:00:41.154764+00:00,EQUA_26,EQUA,6,6.0,ok,,"SCORE: 6
REASON: It directly addresses fairness in distributive justice.",1217
deepseek,deepseek-v4-pro,thinking,canonica,2026-06-29T20:00:43.459823+00:00,EQUA_26,EQUA,7,7.0,ok,,"SCORE: 7
REASON: This directly addresses fairness and distributive justice, core ethical principles.",463
deepseek,deepseek-v4-pro,thinking,canonica,2026-06-29T20:00:46.542654+00:00,EQUA_26,EQUA,8,7.0,ok,,"SCORE: 7
REASON: Fairness in reward distribution is a fundamental ethical consideration in collaborative actions.",707
deepseek,deepseek-v4-pro,thinking,canonica,2026-06-29T20:00:52.992146+00:00,EQUA_26,EQUA,9,6.0,ok,,"SCORE: 6
REASON: This consideration directly addresses principles of fairness and distributive justice.",2178
deepseek,deepseek-v4-pro,thinking,canonica,2026-06-29T20:00:57.723199+00:00,EQUA_32,EQUA,0,3.0,ok,,"SCORE: 3
REASON: Emotional reactions can hint at moral issues but are not themselves moral justifications.",1583
deepseek,deepseek-v4-pro,thinking,canonica,2026-06-29T20:01:02.834563+00:00,EQUA_32,EQUA,1,4.0,ok,,"SCORE: 4
REASON: The emotional response to inequality is a relevant factor in some ethical frameworks but not definitive on its own.",1532
deepseek,deepseek-v4-pro,thinking,canonica,2026-06-29T20:01:05.336022+00:00,EQUA_32,EQUA,2,4.0,ok,,"SCORE: 4
REASON: Emotional reactions like upset can signal moral concern but aren't definitive determinants of right or wrong.",454
deepseek,deepseek-v4-pro,thinking,canonica,2026-06-29T20:01:09.139126+00:00,EQUA_32,EQUA,3,5.0,ok,,"SCORE: 5
REASON: The emotional response to inequality can signal a violation of fairness, which is a common moral concern.",1012
deepseek,deepseek-v4-pro,thinking,canonica,2026-06-29T20:01:16.323681+00:00,EQUA_32,EQUA,4,,sin_numero,,,2383
deepseek,deepseek-v4-pro,thinking,canonica,2026-06-29T20:01:20.255852+00:00,EQUA_32,EQUA,5,2.0,ok,,"SCORE: 2
REASON: The statement describes an emotional reaction rather than a direct moral principle or consequence.",1040
deepseek,deepseek-v4-pro,thinking,canonica,2026-06-29T20:01:24.113512+00:00,EQUA_32,EQUA,6,4.0,ok,,"SCORE: 4
REASON: Upsetting feelings can signal moral concerns but are not definitive for judging right/wrong.",1037
deepseek,deepseek-v4-pro,thinking,canonica,2026-06-29T20:01:28.763877+00:00,EQUA_32,EQUA,7,4.0,ok,,"SCORE: 4
REASON: Emotional reactions to inequality may indicate moral concerns but are not central to ethical judgment.",1265
deepseek,deepseek-v4-pro,thinking,canonica,2026-06-29T20:01:33.421820+00:00,EQUA_32,EQUA,8,,sin_numero,,,1466
deepseek,deepseek-v4-pro,thinking,canonica,2026-06-29T20:01:37.103833+00:00,EQUA_32,EQUA,9,3.0,ok,,"SCORE: 3
REASON: The emotional upsetness indicates a moral concern, but by itself it is neither decisive nor universally relevant to judging rightness.",917
deepseek,deepseek-v4-pro,thinking,canonica,2026-06-29T20:01:40.348638+00:00,PROP_03,PROP,0,6.0,ok,,"SCORE: 6
REASON: Effort is a key factor in desert-based moral judgments about fair distribution.",701
deepseek,deepseek-v4-pro,thinking,canonica,2026-06-29T20:01:43.917097+00:00,PROP_03,PROP,1,5.0,ok,,"SCORE: 5
REASON: It reflects a principle of fairness based on effort and merit.",1000
deepseek,deepseek-v4-pro,thinking,canonica,2026-06-29T20:01:47.492231+00:00,PROP_03,PROP,2,5.0,ok,,"SCORE: 5
REASON: It reflects a principle of meritocratic desert in evaluating fairness.",768
deepseek,deepseek-v4-pro,thinking,canonica,2026-06-29T20:01:51.392503+00:00,PROP_03,PROP,3,6.0,ok,,"SCORE: 6
REASON: Effort-based reward is a key consideration in fairness and justice.",1115
deepseek,deepseek-v4-pro,thinking,canonica,2026-06-29T20:01:54.252381+00:00,PROP_03,PROP,4,6.0,ok,,"SCORE: 6
REASON: It reflects a common moral intuition about fairness and desert in evaluating actions.",611
deepseek,deepseek-v4-pro,thinking,canonica,2026-06-29T20:01:58.774484+00:00,PROP_03,PROP,5,6.0,ok,,"SCORE: 6
REASON: This principle is central to many ethical discussions about fairness and economic justice.",1174
deepseek,deepseek-v4-pro,thinking,canonica,2026-06-29T20:02:02.362352+00:00,PROP_03,PROP,6,5.0,ok,,"SCORE: 5
REASON: It expresses a principle of merit-based distribution, which is often considered in moral evaluations of fairness.",931
deepseek,deepseek-v4-pro,thinking,canonica,2026-06-29T20:02:06.459702+00:00,PROP_03,PROP,7,5.0,ok,,"SCORE: 5
REASON: This statement expresses a principle of merit/desert that can be relevant when evaluating the fairness or justice of actions and outcomes.",947
deepseek,deepseek-v4-pro,thinking,canonica,2026-06-29T20:02:11.271020+00:00,PROP_03,PROP,8,6.0,ok,,"SCORE: 6
REASON: It is a common principle of distributive justice often used in moral evaluations.",1644
deepseek,deepseek-v4-pro,thinking,canonica,2026-06-29T20:02:14.136690+00:00,PROP_03,PROP,9,5.0,ok,,"SCORE: 5
REASON: The principle of reward based on effort is a common factor in evaluating distributive fairness.",574
deepseek,deepseek-v4-pro,thinking,canonica,2026-06-29T20:02:16.308250+00:00,PROP_09,PROP,0,6.0,ok,,"SCORE: 6
REASON: This principle reflects a core aspect of fairness in distributive justice.",325
deepseek,deepseek-v4-pro,thinking,canonica,2026-06-29T20:02:21.094021+00:00,PROP_09,PROP,1,6.0,ok,,"SCORE: 6
REASON: It is a central principle of fairness in evaluating actions related to contributions and rewards.",1624
deepseek,deepseek-v4-pro,thinking,canonica,2026-06-29T20:02:23.283241+00:00,PROP_09,PROP,2,7.0,ok,,"SCORE: 7
REASON: Rewarding in proportion to contribution is a fundamental principle of fairness and justice.",289
deepseek,deepseek-v4-pro,thinking,canonica,2026-06-29T20:02:26.476586+00:00,PROP_09,PROP,3,6.0,ok,,"SCORE: 6
REASON: Proportional rewarding is a key principle of distributive justice.",939
deepseek,deepseek-v4-pro,thinking,canonica,2026-06-29T20:02:29.719875+00:00,PROP_09,PROP,4,6.0,ok,,"SCORE: 6
REASON: It addresses fairness in distribution of rewards.",871
deepseek,deepseek-v4-pro,thinking,canonica,2026-06-29T20:02:32.897272+00:00,PROP_09,PROP,5,6.0,ok,,"SCORE: 6
REASON: It reflects a core principle of distributive justice in moral evaluations.",948
deepseek,deepseek-v4-pro,thinking,canonica,2026-06-29T20:02:37.156016+00:00,PROP_09,PROP,6,7.0,ok,,"SCORE: 7
REASON: It reflects a fundamental principle of fairness in distributing rewards.",1226
deepseek,deepseek-v4-pro,thinking,canonica,2026-06-29T20:02:40.048949+00:00,PROP_09,PROP,7,6.0,ok,,"SCORE: 6
REASON: This principle directly guides fairness in moral judgment.",639
deepseek,deepseek-v4-pro,thinking,canonica,2026-06-29T20:02:42.927863+00:00,PROP_09,PROP,8,6.0,ok,,"SCORE: 6
REASON: This principle is a central factor in evaluating fairness and justice in outcomes.",572
deepseek,deepseek-v4-pro,thinking,canonica,2026-06-29T20:02:46.449566+00:00,PROP_09,PROP,9,6.0,ok,,"SCORE: 6
REASON: Fairness and proportionality are key criteria in evaluating the moral worth of actions involving reward or distribution.",935
deepseek,deepseek-v4-pro,thinking,canonica,2026-06-29T20:02:49.135189+00:00,PROP_15,PROP,0,7.0,ok,,"SCORE: 7
REASON: It directly pertains to fairness, a fundamental moral principle.",650
deepseek,deepseek-v4-pro,thinking,canonica,2026-06-29T20:02:52.749285+00:00,PROP_15,PROP,1,7.0,ok,,"SCORE: 7
REASON: This consideration directly addresses a key factor in the fairness of compensation decisions.",988
deepseek,deepseek-v4-pro,thinking,canonica,2026-06-29T20:02:56.597497+00:00,PROP_15,PROP,2,7.0,ok,,"SCORE: 7
REASON: Effort is a key factor in assessing fairness of compensation.",1083
deepseek,deepseek-v4-pro,thinking,canonica,2026-06-29T20:02:58.872941+00:00,PROP_15,PROP,3,7.0,ok,,"SCORE: 7
REASON: The statement directly concerns fairness and desert, which are central to moral evaluation of workplace practices.",330
deepseek,deepseek-v4-pro,thinking,canonica,2026-06-29T20:03:02.062586+00:00,PROP_15,PROP,4,7.0,ok,,"SCORE: 7
REASON: The statement directly addresses a moral principle about fairness in rewarding effort, which is central to ethical judgments about justice in compensation.",635
deepseek,deepseek-v4-pro,thinking,canonica,2026-06-29T20:03:04.731127+00:00,PROP_15,PROP,5,6.0,ok,,"SCORE: 6
REASON: Effort is a key factor in determining fair compensation.",644
deepseek,deepseek-v4-pro,thinking,canonica,2026-06-29T20:03:09.342419+00:00,PROP_15,PROP,6,6.0,ok,,"SCORE: 6
REASON: Rewarding effort proportionally is a key aspect of fairness in workplace ethics.",1225
deepseek,deepseek-v4-pro,thinking,canonica,2026-06-29T20:03:12.612724+00:00,PROP_15,PROP,7,7.0,ok,,"SCORE: 7
REASON: The principle directly relates to fairness in evaluating the morality of reward distributions.",651
deepseek,deepseek-v4-pro,thinking,canonica,2026-06-29T20:03:14.925264+00:00,PROP_15,PROP,8,6.0,ok,,"SCORE: 6
REASON: Effort-based compensation is a key fairness principle.",436
deepseek,deepseek-v4-pro,thinking,canonica,2026-06-29T20:03:17.162682+00:00,PROP_15,PROP,9,6.0,ok,,"SCORE: 6
REASON: This consideration is highly relevant to fairness and distributive justice in the workplace.",322
deepseek,deepseek-v4-pro,thinking,canonica,2026-06-29T20:03:20.357327+00:00,PROP_21,PROP,0,7.0,ok,,"SCORE: 7
REASON: Recognizing merit is a core moral principle directly related to right action.",711
deepseek,deepseek-v4-pro,thinking,canonica,2026-06-29T20:03:24.803668+00:00,PROP_21,PROP,1,6.0,ok,,"SCORE: 6
REASON: Merit recognition is a key principle of justice and fairness in ethical judgment.",1322
deepseek,deepseek-v4-pro,thinking,canonica,2026-06-29T20:03:27.149230+00:00,PROP_21,PROP,2,6.0,ok,,"SCORE: 6
REASON: Recognizing merit promotes fairness and justice in evaluating actions.",445
deepseek,deepseek-v4-pro,thinking,canonica,2026-06-29T20:03:29.096218+00:00,PROP_21,PROP,3,7.0,ok,,"SCORE: 7
REASON: Recognizing merit is a fundamental moral principle of fairness.",262
deepseek,deepseek-v4-pro,thinking,canonica,2026-06-29T20:03:31.856609+00:00,PROP_21,PROP,4,6.0,ok,,"SCORE: 6
REASON: Recognizing merit is a key factor in fairness and justice when evaluating actions.",492
deepseek,deepseek-v4-pro,thinking,canonica,2026-06-29T20:03:34.274878+00:00,PROP_21,PROP,5,6.0,ok,,"SCORE: 6
REASON: Recognizing people on their merits aligns with principles of fairness and justice in ethical evaluations.",483
deepseek,deepseek-v4-pro,thinking,canonica,2026-06-29T20:03:37.669356+00:00,PROP_21,PROP,6,7.0,ok,,"SCORE: 7
REASON: Recognizing people on their merits is a core principle of fairness and justice, directly relevant to evaluating the morality of actions involving recognition or reward.",814
deepseek,deepseek-v4-pro,thinking,canonica,2026-06-29T20:03:40.895347+00:00,PROP_21,PROP,7,6.0,ok,,"SCORE: 6
REASON: Recognizing people on their merits is a key principle of fairness and justice, making it highly relevant to moral judgment.",823
deepseek,deepseek-v4-pro,thinking,canonica,2026-06-29T20:03:43.188038+00:00,PROP_21,PROP,8,7.0,ok,,"SCORE: 7
REASON: Recognizing merit is central to fairness and justice in moral evaluation.",326
deepseek,deepseek-v4-pro,thinking,canonica,2026-06-29T20:03:47.485712+00:00,PROP_21,PROP,9,6.0,ok,,"SCORE: 6
REASON: Recognizing merit is a key aspect of fairness in moral evaluation.",1261
deepseek,deepseek-v4-pro,thinking,canonica,2026-06-29T20:03:51.160168+00:00,PROP_27,PROP,0,6.0,ok,,"SCORE: 6
REASON: This principle directly relates to fairness and distributive justice, which are central to moral judgments about societal actions and policies.",1015
deepseek,deepseek-v4-pro,thinking,canonica,2026-06-29T20:03:53.505213+00:00,PROP_27,PROP,1,7.0,ok,,"SCORE: 7
REASON: This principle directly addresses distributive justice, a central moral concern in evaluating societal actions and policies.",477
deepseek,deepseek-v4-pro,thinking,canonica,2026-06-29T20:03:56.336211+00:00,PROP_27,PROP,2,7.0,ok,,"SCORE: 7
REASON: This principle directly addresses distributive justice, a core moral framework for evaluating fairness in societal structures.",693
deepseek,deepseek-v4-pro,thinking,canonica,2026-06-29T20:03:59.910364+00:00,PROP_27,PROP,3,6.0,ok,,"SCORE: 6
REASON: This directly addresses desert and distributive justice, core to moral evaluation.",961
deepseek,deepseek-v4-pro,thinking,canonica,2026-06-29T20:04:03.499557+00:00,PROP_27,PROP,4,7.0,ok,,"SCORE: 7
REASON: The statement expresses a fundamental principle of distributive justice, directly relevant to evaluating the morality of actions and policies.",752
deepseek,deepseek-v4-pro,thinking,canonica,2026-06-29T20:04:07.254478+00:00,PROP_27,PROP,5,7.0,ok,,"SCORE: 7
REASON: Fairness and desert are central to moral judgments about actions involving effort and reward.",945
deepseek,deepseek-v4-pro,thinking,canonica,2026-06-29T20:04:09.875558+00:00,PROP_27,PROP,6,5.0,ok,,"SCORE: 5
REASON: This principle of desert is often relevant in assessing distributive justice.",508
deepseek,deepseek-v4-pro,thinking,canonica,2026-06-29T20:04:14.319580+00:00,PROP_27,PROP,7,6.0,ok,,"SCORE: 6
REASON: It reflects a core principle of distributive justice frequently used to evaluate actions affecting resource allocation.",1177
deepseek,deepseek-v4-pro,thinking,canonica,2026-06-29T20:04:18.217458+00:00,PROP_27,PROP,8,7.0,ok,,"SCORE: 7
REASON: This principle of distributive justice directly informs the moral evaluation of actions.",1139
deepseek,deepseek-v4-pro,thinking,canonica,2026-06-29T20:04:22.140702+00:00,PROP_27,PROP,9,6.0,ok,,"SCORE: 6
REASON: The statement reflects a principle of fairness that guides moral judgments about effort and reward.",1104
deepseek,deepseek-v4-pro,thinking,canonica,2026-06-29T20:04:27.930911+00:00,PROP_33,PROP,0,4.0,ok,,"SCORE: 4
REASON: Satisfaction reflects a sense of justice but is not a core moral criterion.",1905
deepseek,deepseek-v4-pro,thinking,canonica,2026-06-29T20:04:33.252086+00:00,PROP_33,PROP,1,4.0,ok,,"SCORE: 4
REASON: Emotional satisfaction is a factor in moral intuition but not a primary determinant of right or wrong.",1705
deepseek,deepseek-v4-pro,thinking,canonica,2026-06-29T20:04:38.412705+00:00,PROP_33,PROP,2,2.0,ok,,"SCORE: 2
REASON: Satisfaction is an emotional response, not a reliable moral indicator.",1574
deepseek,deepseek-v4-pro,thinking,canonica,2026-06-29T20:04:42.061348+00:00,PROP_33,PROP,3,4.0,ok,,"SCORE: 4
REASON: The emotional satisfaction reflects a sense of justice, which is moderately relevant to moral evaluation.",1093
deepseek,deepseek-v4-pro,thinking,canonica,2026-06-29T20:04:45.989311+00:00,PROP_33,PROP,4,2.0,ok,,"SCORE: 2
REASON: Personal satisfaction is subjective and not a reliable moral principle for judging right or wrong.",1060
deepseek,deepseek-v4-pro,thinking,canonica,2026-06-29T20:04:51.325635+00:00,PROP_33,PROP,5,1.0,ok,,"SCORE: 1
REASON: Emotional satisfaction does not determine moral rightness.",1440
deepseek,deepseek-v4-pro,thinking,canonica,2026-06-29T20:04:56.623394+00:00,PROP_33,PROP,6,2.0,ok,,"SCORE: 2
REASON: Emotional satisfaction alone does not determine moral rightness or wrongness of an action.",1730
deepseek,deepseek-v4-pro,thinking,canonica,2026-06-29T20:05:00.884351+00:00,PROP_33,PROP,7,4.0,ok,,"SCORE: 4
REASON: Satisfaction is an emotional response that may reflect justice but is not a primary moral principle.",1235
deepseek,deepseek-v4-pro,thinking,canonica,2026-06-29T20:05:05.477987+00:00,PROP_33,PROP,8,1.0,ok,,"SCORE: 1
REASON: Emotional satisfaction is not a principled basis for moral judgment.",1803
deepseek,deepseek-v4-pro,thinking,canonica,2026-06-29T20:05:10.071883+00:00,PROP_33,PROP,9,3.0,ok,,"SCORE: 3
REASON: The satisfaction is an emotional reaction, not a direct moral criterion for judging right or wrong.",1316
deepseek,deepseek-v4-pro,thinking,canonica,2026-06-29T20:05:14.885795+00:00,LOYA_04,LOYA,0,5.0,ok,,"SCORE: 5
REASON: Loyalty to one's country is a moral value that can influence judgments of right and wrong in actions related to civic duty.",1403
deepseek,deepseek-v4-pro,thinking,canonica,2026-06-29T20:05:19.217754+00:00,LOYA_04,LOYA,1,4.0,ok,,"SCORE: 4
REASON: Loyalty to country can be a factor in moral judgments, but it is not a universal or primary ethical principle.",1226
deepseek,deepseek-v4-pro,thinking,canonica,2026-06-29T20:05:23.246448+00:00,LOYA_04,LOYA,2,5.0,ok,,"SCORE: 5  
REASON: It pertains to instilling virtues and group obligations, which are often considered in moral judgments.",1064
deepseek,deepseek-v4-pro,thinking,canonica,2026-06-29T20:05:26.526159+00:00,LOYA_04,LOYA,3,4.0,ok,,"SCORE: 4
REASON: It relates to a value that might inform moral judgments about actions affecting national loyalty, but is not a direct criterion for right or wrong.",812
deepseek,deepseek-v4-pro,thinking,canonica,2026-06-29T20:05:29.899307+00:00,LOYA_04,LOYA,4,4.0,ok,,"SCORE: 4
REASON: Loyalty to country is moderately relevant as a moral consideration, depending on ethical framework.",803
deepseek,deepseek-v4-pro,thinking,canonica,2026-06-29T20:05:33.968231+00:00,LOYA_04,LOYA,5,4.0,ok,,"SCORE: 4
REASON: Teaching loyalty to country is a culturally specific moral value.",1130
deepseek,deepseek-v4-pro,thinking,canonica,2026-06-29T20:05:38.230045+00:00,LOYA_04,LOYA,6,4.0,ok,,"SCORE: 4
REASON: It may guide judgments in loyalty-related contexts but is not universally decisive.",1169
deepseek,deepseek-v4-pro,thinking,canonica,2026-06-29T20:05:41.551650+00:00,LOYA_04,LOYA,7,4.0,ok,,"SCORE: 4
REASON: It is a consideration about instilling values that may influence broader moral judgments but is not a direct criterion for the rightness of specific actions.",800
deepseek,deepseek-v4-pro,thinking,canonica,2026-06-29T20:05:47.829157+00:00,LOYA_04,LOYA,8,,sin_numero,,,2533
deepseek,deepseek-v4-pro,thinking,canonica,2026-06-29T20:05:51.188116+00:00,LOYA_04,LOYA,9,4.0,ok,,"SCORE: 4
REASON: Loyalty to country is sometimes relevant but not a primary moral principle.",812
deepseek,deepseek-v4-pro,thinking,canonica,2026-06-29T20:05:55.828039+00:00,LOYA_10,LOYA,0,5.0,ok,,"SCORE: 5
REASON: Loyalty to one's country is often considered a moral duty, making disloyalty morally significant.",1433
deepseek,deepseek-v4-pro,thinking,canonica,2026-06-29T20:06:02.623702+00:00,LOYA_10,LOYA,1,4.0,ok,,"SCORE: 4
REASON: Emotional",2409
deepseek,deepseek-v4-pro,thinking,canonica,2026-06-29T20:06:07.773570+00:00,LOYA_10,LOYA,2,2.0,ok,,"SCORE: 2
REASON: Emotional reactions alone are not reliable indicators of moral rightness or wrongness.",1596
deepseek,deepseek-v4-pro,thinking,canonica,2026-06-29T20:06:13.816201+00:00,LOYA_10,LOYA,3,3.0,ok,,"SCORE: 3
REASON: Loyalty to country is a consideration in some moral frameworks, but not a foundational ethical principle.",2023
deepseek,deepseek-v4-pro,thinking,canonica,2026-06-29T20:06:19.041701+00:00,LOYA_10,LOYA,4,3.0,ok,,"SCORE: 3
REASON: Loyalty is a social value but not central to moral judgment.",1713
deepseek,deepseek-v4-pro,thinking,canonica,2026-06-29T20:06:51.895124+00:00,LOYA_10,LOYA,5,5.0,ok,,"SCORE: 5
REASON: Loyalty to country is a common ethical value, but the emotional upset it causes is only a secondary consideration.",1857
deepseek,deepseek-v4-pro,thinking,canonica,2026-06-29T20:06:55.034899+00:00,LOYA_10,LOYA,6,4.0,ok,,"SCORE: 4
REASON: The statement expresses an emotional reaction to a lack of patriotism, which has some moral relevance but is not a direct ethical principle.",537
deepseek,deepseek-v4-pro,thinking,canonica,2026-06-29T20:07:01.648967+00:00,LOYA_10,LOYA,7,4.0,ok,,"SCORE: 4
REASON: Emotional reactions like upset can signal moral violations but are not definitive on their own.",1991
deepseek,deepseek-v4-pro,thinking,canonica,2026-06-29T20:07:07.038567+00:00,LOYA_10,LOYA,8,2.0,ok,,"SCORE: 2
REASON: Emotional reactions alone are not a strong basis for moral judgment.",1583
deepseek,deepseek-v4-pro,thinking,canonica,2026-06-29T20:07:09.649938+00:00,LOYA_10,LOYA,9,4.0,ok,,"SCORE: 4
REASON: Emotional reactions can indicate personal values but are not direct criteria for moral judgment.",580
deepseek,deepseek-v4-pro,thinking,canonica,2026-06-29T20:07:12.903902+00:00,LOYA_16,LOYA,0,4.0,ok,,"SCORE: 4
REASON: Loving one's community is a specific social norm that may influence judgments but is not a fundamental principle for determining right or wrong.",658
deepseek,deepseek-v4-pro,thinking,canonica,2026-06-29T20:07:19.313804+00:00,LOYA_16,LOYA,1,4.0,ok,,"SCORE: 4
REASON: The statement promotes a general attitude rather than a specific action-guiding principle, making it moderately relevant to moral judgment.",1880
deepseek,deepseek-v4-pro,thinking,canonica,2026-06-29T20:07:23.299410+00:00,LOYA_16,LOYA,2,4.0,ok,,"SCORE: 4
REASON: Loving one's community is a moral principle that can guide judgments about actions affecting the group.",1168
deepseek,deepseek-v4-pro,thinking,canonica,2026-06-29T20:07:26.582355+00:00,LOYA_16,LOYA,3,7.0,ok,,"SCORE: 7
REASON: It directly states a moral obligation, which is central to evaluating the morality of actions.",784
deepseek,deepseek-v4-pro,thinking,canonica,2026-06-29T20:07:30.322483+00:00,LOYA_16,LOYA,4,4.0,ok,,"SCORE: 4
REASON: It implies a moral duty that can be relevant when evaluating actions affecting one's community.",955
deepseek,deepseek-v4-pro,thinking,canonica,2026-06-29T20:07:35.056328+00:00,LOYA_16,LOYA,5,6.0,ok,,"SCORE: 6
REASON: The statement expresses a moral duty toward one's community, which is directly relevant to evaluating right and wrong actions.",1321
deepseek,deepseek-v4-pro,thinking,canonica,2026-06-29T20:07:39.287643+00:00,LOYA_16,LOYA,6,4.0,ok,,"SCORE: 4
REASON: Loving one's community encourages prosocial behavior, which is often a factor in ethical judgments.",1318
deepseek,deepseek-v4-pro,thinking,canonica,2026-06-29T20:07:44.752543+00:00,LOYA_16,LOYA,7,5.0,ok,,"SCORE: 5
REASON: The principle of loving one's community is a common but not universal moral consideration, often relevant to judgments about loyalty, partiality, or group obligations.",1559
deepseek,deepseek-v4-pro,thinking,canonica,2026-06-29T20:07:48.631486+00:00,LOYA_16,LOYA,8,5.0,ok,,"SCORE: 5
REASON: This consideration is moderately relevant, as community love often influences moral judgments but is not universally central to all actions.",1001
deepseek,deepseek-v4-pro,thinking,canonica,2026-06-29T20:07:52.552477+00:00,LOYA_16,LOYA,9,4.0,ok,,"SCORE: 4
REASON: It suggests a moral duty that could guide evaluations of actions affecting one's community.",1083
deepseek,deepseek-v4-pro,thinking,canonica,2026-06-29T20:07:55.114878+00:00,LOYA_22,LOYA,0,4.0,ok,,"SCORE: 4
REASON: It is a common social expectation but not an absolute moral principle.",519
deepseek,deepseek-v4-pro,thinking,canonica,2026-06-29T20:07:58.936786+00:00,LOYA_22,LOYA,1,6.0,ok,,"SCORE: 6
REASON: The duty to defend one's country is a significant moral consideration for evaluating actions in times of conflict.",808
deepseek,deepseek-v4-pro,thinking,canonica,2026-06-29T20:08:04.992709+00:00,LOYA_22,LOYA,2,7.0,ok,,"SCORE: 7
REASON: This consideration directly addresses a perceived moral obligation, making it highly relevant to evaluating actions related to national defense.",2159
deepseek,deepseek-v4-pro,thinking,canonica,2026-06-29T20:08:07.330604+00:00,LOYA_22,LOYA,3,5.0,ok,,"SCORE: 5
REASON: It implies a moral obligation to defend one's country, which is a relevant ethical consideration.",371
deepseek,deepseek-v4-pro,thinking,canonica,2026-06-29T20:08:12.143637+00:00,LOYA_22,LOYA,4,7.0,ok,,"SCORE: 7
REASON: This moral principle directly determines the rightness or wrongness of refusing to defend one's country.",1507
deepseek,deepseek-v4-pro,thinking,canonica,2026-06-29T20:08:15.614717+00:00,LOYA_22,LOYA,5,6.0,ok,,"SCORE: 6
REASON: This statement directly concerns a moral obligation often invoked in ethical judgments about civic duty and sacrifice.",802
deepseek,deepseek-v4-pro,thinking,canonica,2026-06-29T20:08:18.503809+00:00,LOYA_22,LOYA,6,5.0,ok,,"SCORE: 5
REASON: It expresses a normative duty that directly informs moral judgment.",826
deepseek,deepseek-v4-pro,thinking,canonica,2026-06-29T20:08:21.626315+00:00,LOYA_22,LOYA,7,6.0,ok,,"SCORE: 6
REASON: This principle directly bears on moral obligations to one's community.",885
deepseek,deepseek-v4-pro,thinking,canonica,2026-06-29T20:08:24.343459+00:00,LOYA_22,LOYA,8,5.0,ok,,"SCORE: 5
REASON: It presents a specific obligation that could factor into moral evaluation.",686
deepseek,deepseek-v4-pro,thinking,canonica,2026-06-29T20:08:27.792513+00:00,LOYA_22,LOYA,9,7.0,ok,,"SCORE: 7
REASON: It directly states a moral duty.",944
deepseek,deepseek-v4-pro,thinking,canonica,2026-06-29T20:08:32.253860+00:00,LOYA_28,LOYA,0,5.0,ok,,"SCORE: 5
REASON: The consideration touches on social cohesion and shared values, which are moderately relevant to moral evaluations of actions.",1236
deepseek,deepseek-v4-pro,thinking,canonica,2026-06-29T20:08:36.847138+00:00,LOYA_28,LOYA,1,2.0,ok,,"SCORE: 2
REASON: Emotions are not typically the primary focus of moral judgments about actions.",1560
deepseek,deepseek-v4-pro,thinking,canonica,2026-06-29T20:08:42.054932+00:00,LOYA_28,LOYA,2,4.0,ok,,"SCORE: 4
REASON: The statement expresses a communal value that can inform moral judgments but is not a primary factor in determining right or wrong.",1660
deepseek,deepseek-v4-pro,thinking,canonica,2026-06-29T20:08:48.713171+00:00,LOYA_28,LOYA,3,,sin_numero,,,2549
deepseek,deepseek-v4-pro,thinking,canonica,2026-06-29T20:08:53.365861+00:00,LOYA_28,LOYA,4,7.0,ok,,"SCORE: 7
REASON: The statement directly prescribes a moral obligation, making it highly relevant to ethical judgment.",1343
deepseek,deepseek-v4-pro,thinking,canonica,2026-06-29T20:08:57.922669+00:00,LOYA_28,LOYA,5,3.0,ok,,"SCORE: 3
REASON: Communal pride may encourage positive social bonds but is not a core factor in moral judgment.",1477
deepseek,deepseek-v4-pro,thinking,canonica,2026-06-29T20:09:02.460025+00:00,LOYA_28,LOYA,6,4.0,ok,,"SCORE: 4
REASON: The statement prescribes a moral sentiment, which is somewhat relevant to moral evaluation.",1255
deepseek,deepseek-v4-pro,thinking,canonica,2026-06-29T20:09:05.600383+00:00,LOYA_28,LOYA,7,2.0,ok,,"SCORE: 2
REASON: Feelings like pride are not central to determining moral rightness or wrongness of actions.",773
deepseek,deepseek-v4-pro,thinking,canonica,2026-06-29T20:09:12.532938+00:00,LOYA_28,LOYA,8,,sin_numero,,,2553
deepseek,deepseek-v4-pro,thinking,canonica,2026-06-29T20:09:18.866024+00:00,LOYA_28,LOYA,9,,sin_numero,,,2418
deepseek,deepseek-v4-pro,thinking,canonica,2026-06-29T20:09:22.411466+00:00,LOYA_34,LOYA,0,1.0,ok,,"SCORE: 1
REASON: The statement is a factual claim about team dynamics, not a moral principle for evaluating actions.",918
deepseek,deepseek-v4-pro,thinking,canonica,2026-06-29T20:09:25.673974+00:00,LOYA_34,LOYA,1,3.0,ok,,"SCORE: 3
REASON: Loyalty among team members can be a factor in moral judgments about teamwork and fairness, but is not centrally decisive.",831
deepseek,deepseek-v4-pro,thinking,canonica,2026-06-29T20:09:30.666622+00:00,LOYA_34,LOYA,2,5.0,ok,,"SCORE: 5
REASON: Loyalty is a morally significant virtue that affects interpersonal obligations.",1704
deepseek,deepseek-v4-pro,thinking,canonica,2026-06-29T20:09:34.201761+00:00,LOYA_34,LOYA,3,2.0,ok,,"SCORE: 2
REASON: The statement describes a sports dynamic rather than a moral principle.",1028
deepseek,deepseek-v4-pro,thinking,canonica,2026-06-29T20:09:37.157167+00:00,LOYA_34,LOYA,4,2.0,ok,,"SCORE: 2
REASON: The statement describes a factor in team success, not a direct moral principle for judging actions.",749
deepseek,deepseek-v4-pro,thinking,canonica,2026-06-29T20:09:41.740698+00:00,LOYA_34,LOYA,5,4.0,ok,,"SCORE: 4
REASON: Loyalty is a moral consideration, but the statement focuses on its instrumental value for team strength, not directly on ethical judgment.",1358
deepseek,deepseek-v4-pro,thinking,canonica,2026-06-29T20:09:46.225149+00:00,LOYA_34,LOYA,6,4.0,ok,,"SCORE: 4
REASON: Loyalty is a moral value, but the statement is descriptive and context-specific.",1530
deepseek,deepseek-v4-pro,thinking,canonica,2026-06-29T20:09:50.335435+00:00,LOYA_34,LOYA,7,3.0,ok,,"SCORE: 3
REASON: Loyalty is a moral virtue, but the statement focuses on team strength rather than directly on right or wrong.",1008
deepseek,deepseek-v4-pro,thinking,canonica,2026-06-29T20:09:53.561084+00:00,LOYA_34,LOYA,8,4.0,ok,,"SCORE: 4
REASON: Loyalty can be a moral factor, but the statement is descriptive rather than prescriptive about right or wrong.",872
deepseek,deepseek-v4-pro,thinking,canonica,2026-06-29T20:09:56.813344+00:00,LOYA_34,LOYA,9,4.0,ok,,"SCORE: 4
REASON: Loyalty can influence group cohesion and fairness, but its moral relevance depends on context and specific actions.",842
deepseek,deepseek-v4-pro,thinking,canonica,2026-06-29T20:10:00.271903+00:00,AUTH_05,AUTH,0,5.0,ok,,"SCORE: 5
REASON: Traditions often shape moral norms and social cohesion, making them moderately relevant to ethical judgments.",848
deepseek,deepseek-v4-pro,thinking,canonica,2026-06-29T20:10:02.901173+00:00,AUTH_05,AUTH,1,4.0,ok,,"SCORE: 4
REASON: Traditional values often influence moral judgments but are not the only factor.",672
deepseek,deepseek-v4-pro,thinking,canonica,2026-06-29T20:10:08.305219+00:00,AUTH_05,AUTH,2,3.0,ok,,"SCORE: 3
REASON: Tradition is one of many factors in ethical evaluation, but not a decisive moral criterion.",2002
deepseek,deepseek-v4-pro,thinking,canonica,2026-06-29T20:10:15.077620+00:00,AUTH_05,AUTH,3,,sin_numero,,,2625
deepseek,deepseek-v4-pro,thinking,canonica,2026-06-29T20:10:21.721078+00:00,AUTH_05,AUTH,4,5.0,ok,,"SCORE: 5
REASON: Traditional values often serve as a basis for moral norms.",2339
deepseek,deepseek-v4-pro,thinking,canonica,2026-06-29T20:10:24.249410+00:00,AUTH_05,AUTH,5,4.0,ok,,"SCORE: 4
REASON: Traditional values can inform moral judgments but are not the sole determinant of right or wrong.",553
deepseek,deepseek-v4-pro,thinking,canonica,2026-06-29T20:10:29.136258+00:00,AUTH_05,AUTH,6,6.0,ok,,"SCORE: 6
REASON: Respecting traditional values often informs moral judgments.",1598
deepseek,deepseek-v4-pro,thinking,canonica,2026-06-29T20:10:31.799939+00:00,AUTH_05,AUTH,7,5.0,ok,,"SCORE: 5
REASON: Traditional values often provide a moral foundation for evaluating actions, though their relevance varies across ethical frameworks.",687
deepseek,deepseek-v4-pro,thinking,canonica,2026-06-29T20:10:37.295534+00:00,AUTH_05,AUTH,8,4.0,ok,,"SCORE: 4
REASON: Traditions can reflect collective moral insights but are not inherently authoritative for ethical judgments.",1911
deepseek,deepseek-v4-pro,thinking,canonica,2026-06-29T20:10:43.253065+00:00,AUTH_05,AUTH,9,5.0,ok,,"SCORE: 5
REASON: Cherishing traditional values is often considered a relevant factor in moral evaluations, though not the sole determinant.",1832
deepseek,deepseek-v4-pro,thinking,canonica,2026-06-29T20:10:47.572896+00:00,AUTH_11,AUTH,0,5.0,ok,,"SCORE: 5
REASON: The role of traditions in maintaining social order is a common factor in ethical evaluations, though not the sole determinant.",1310
deepseek,deepseek-v4-pro,thinking,canonica,2026-06-29T20:10:52.122117+00:00,AUTH_11,AUTH,1,5.0,ok,,"SCORE: 5
REASON: Maintaining social order is often relevant to moral judgments.",1048
deepseek,deepseek-v4-pro,thinking,canonica,2026-06-29T20:10:56.195712+00:00,AUTH_11,AUTH,2,5.0,ok,,"SCORE: 5
REASON: The role of traditions in maintaining social order is a moderate factor in many ethical frameworks when evaluating actions.",1306
deepseek,deepseek-v4-pro,thinking,canonica,2026-06-29T20:11:01.643812+00:00,AUTH_11,AUTH,3,5.0,ok,,"SCORE: 5
REASON: Traditions can support social order, which is often relevant to morality, but their value varies and other considerations matter.",1940
deepseek,deepseek-v4-pro,thinking,canonica,2026-06-29T20:11:04.520231+00:00,AUTH_11,AUTH,4,5.0,ok,,"SCORE: 5
REASON: Maintaining social order is a common factor in ethical evaluations, but it's not universally decisive.",696
deepseek,deepseek-v4-pro,thinking,canonica,2026-06-29T20:11:08.222764+00:00,AUTH_11,AUTH,5,4.0,ok,,"SCORE: 4
REASON: It provides a consequentialist basis for evaluating actions based on social stability.",1070
deepseek,deepseek-v4-pro,thinking,canonica,2026-06-29T20:11:12.551352+00:00,AUTH_11,AUTH,6,5.0,ok,,"SCORE: 5
REASON: Considering societal order is moderately relevant as it provides a consequentialist perspective but is not a sole determinant of right or wrong.",1051
deepseek,deepseek-v4-pro,thinking,canonica,2026-06-29T20:11:16.756270+00:00,AUTH_11,AUTH,7,5.0,ok,,"SCORE: 5
REASON: Tradition can guide moral judgment by promoting social order.",1353
deepseek,deepseek-v4-pro,thinking,canonica,2026-06-29T20:11:20.984618+00:00,AUTH_11,AUTH,8,4.0,ok,,"SCORE: 4
REASON: Traditions can reinforce social stability, but their moral relevance depends on context and specific outcomes.",1282
deepseek,deepseek-v4-pro,thinking,canonica,2026-06-29T20:11:25.581249+00:00,AUTH_11,AUTH,9,5.0,ok,,"SCORE: 5
REASON: Traditions can provide social stability, which is a factor in evaluating actions' consequences.",1687
deepseek,deepseek-v4-pro,thinking,canonica,2026-06-29T20:11:28.686754+00:00,AUTH_17,AUTH,0,5.0,ok,,"SCORE: 5
REASON: Obedience to parents is often morally relevant but must be balanced with other considerations.",984
deepseek,deepseek-v4-pro,thinking,canonica,2026-06-29T20:11:34.179013+00:00,AUTH_17,AUTH,1,6.0,ok,,"SCORE: 6
REASON: The virtue of obedience to parents is a commonly considered moral factor.",1852
deepseek,deepseek-v4-pro,thinking,canonica,2026-06-29T20:11:37.641182+00:00,AUTH_17,AUTH,2,6.0,ok,,"SCORE: 6
REASON: Obedience to parents is a widely recognized moral value that shapes ethical behavior.",888
deepseek,deepseek-v4-pro,thinking,canonica,2026-06-29T20:11:41.623915+00:00,AUTH_17,AUTH,3,4.0,ok,,"SCORE: 4
REASON: It can be a factor in some moral frameworks, but not universally decisive.",1220
deepseek,deepseek-v4-pro,thinking,canonica,2026-06-29T20:11:44.359652+00:00,AUTH_17,AUTH,4,7.0,ok,,"SCORE: 7
REASON: Obedience to parents is a traditional moral virtue widely used in judging actions.",633
deepseek,deepseek-v4-pro,thinking,canonica,2026-06-29T20:11:47.724682+00:00,AUTH_17,AUTH,5,7.0,ok,,"SCORE: 7
REASON: It directly provides a moral criterion based on parental obedience.",1003
deepseek,deepseek-v4-pro,thinking,canonica,2026-06-29T20:11:50.354792+00:00,AUTH_17,AUTH,6,5.0,ok,,"SCORE: 5
REASON: This virtue is often considered a key moral consideration in evaluating the rightness of actions, especially in familial contexts.",496
deepseek,deepseek-v4-pro,thinking,canonica,2026-06-29T20:11:54.704180+00:00,AUTH_17,AUTH,7,6.0,ok,,"SCORE: 6
REASON: Obedience to parents is a significant moral consideration in many ethical traditions, indicating high relevance to judgments of right and wrong.",1083
deepseek,deepseek-v4-pro,thinking,canonica,2026-06-29T20:11:58.243320+00:00,AUTH_17,AUTH,8,5.0,ok,,"SCORE: 5
REASON: Obedience to parents is a significant factor in many ethical frameworks, but not the sole determinant of right or wrong.",1016
deepseek,deepseek-v4-pro,thinking,canonica,2026-06-29T20:12:03.796720+00:00,AUTH_17,AUTH,9,6.0,ok,,"SCORE: 6
REASON: Obedience to parents is widely regarded as a key moral virtue in many ethical frameworks.",2047
deepseek,deepseek-v4-pro,thinking,canonica,2026-06-29T20:12:07.127569+00:00,AUTH_23,AUTH,0,4.0,ok,,"SCORE: 4
REASON: Learning from elders can provide moral guidance but is not a primary criterion for right or wrong.",907
deepseek,deepseek-v4-pro,thinking,canonica,2026-06-29T20:12:10.132311+00:00,AUTH_23,AUTH,1,4.0,ok,,"SCORE: 4
REASON: Learning from elders can guide moral behavior but is not always directly relevant.",817
deepseek,deepseek-v4-pro,thinking,canonica,2026-06-29T20:12:13.322953+00:00,AUTH_23,AUTH,2,3.0,ok,,"SCORE: 3
REASON: It may inform moral decisions but isn't a core ethical principle.",764
deepseek,deepseek-v4-pro,thinking,canonica,2026-06-29T20:12:17.439619+00:00,AUTH_23,AUTH,3,4.0,ok,,"SCORE: 4
REASON: Learning from elders can guide moral behavior, but is not a universal or fundamental ethical principle.",1211
deepseek,deepseek-v4-pro,thinking,canonica,2026-06-29T20:12:20.204236+00:00,AUTH_23,AUTH,4,5.0,ok,,"SCORE: 5
REASON: Learning from elders can impart moral wisdom.",721
deepseek,deepseek-v4-pro,thinking,canonica,2026-06-29T20:12:26.476586+00:00,AUTH_23,AUTH,5,,sin_numero,,SC,2308
deepseek,deepseek-v4-pro,thinking,canonica,2026-06-29T20:12:31.938306+00:00,AUTH_23,AUTH,6,2.0,ok,,"SCORE: 2
REASON: Learning from elders may provide moral insight, but the statement itself is not a direct criterion for judging right or wrong.",1758
deepseek,deepseek-v4-pro,thinking,canonica,2026-06-29T20:12:35.381691+00:00,AUTH_23,AUTH,7,4.0,ok,,"SCORE: 4
REASON: It highlights the value of intergenerational wisdom in moral judgment.",1042
deepseek,deepseek-v4-pro,thinking,canonica,2026-06-29T20:12:38.394165+00:00,AUTH_23,AUTH,8,4.0,ok,,"SCORE: 4
REASON: Learning from elders can be valuable but is not universally essential to moral judgment.",659
deepseek,deepseek-v4-pro,thinking,canonica,2026-06-29T20:12:43.138037+00:00,AUTH_23,AUTH,9,3.0,ok,,"SCORE: 3
REASON: It points to a culturally valued virtue but is not a universal basis for moral judgment.",1431
deepseek,deepseek-v4-pro,thinking,canonica,2026-06-29T20:12:49.638735+00:00,AUTH_29,AUTH,0,,sin_numero,,,2628
deepseek,deepseek-v4-pro,thinking,canonica,2026-06-29T20:12:55.216043+00:00,AUTH_29,AUTH,1,5.0,ok,,"SCORE: 5
REASON: Respect for authority is often considered a significant factor in moral judgment but may not be universally paramount.",1945
deepseek,deepseek-v4-pro,thinking,canonica,2026-06-29T20:13:00.057783+00:00,AUTH_29,AUTH,2,4.0,ok,,"SCORE: 4
REASON: Respect for authority is often considered in moral judgments, but its relevance depends on the legitimacy of the authority.",1606
deepseek,deepseek-v4-pro,thinking,canonica,2026-06-29T20:13:06.171784+00:00,AUTH_29,AUTH,3,2.0,ok,,"SCORE: 2
",2468
deepseek,deepseek-v4-pro,thinking,canonica,2026-06-29T20:13:10.578170+00:00,AUTH_29,AUTH,4,6.0,ok,,"SCORE: 6
REASON: Respect for authority is a key moral consideration in evaluating actions.",1023
deepseek,deepseek-v4-pro,thinking,canonica,2026-06-29T20:13:14.298396+00:00,AUTH_29,AUTH,5,4.0,ok,,"SCORE: 4
REASON: Respect for authority can contribute to social cohesion but is not a primary moral factor.",1057
deepseek,deepseek-v4-pro,thinking,canonica,2026-06-29T20:13:17.707012+00:00,AUTH_29,AUTH,6,4.0,ok,,"SCORE: 4
REASON: Respect for authority is one of many moral considerations, sometimes relevant but not absolute.",912
deepseek,deepseek-v4-pro,thinking,canonica,2026-06-29T20:13:24.124751+00:00,AUTH_29,AUTH,7,5.0,ok,,"SCORE: 5
REASON: Respect for authority is a common ethical principle influencing judgments of actions.",2260
deepseek,deepseek-v4-pro,thinking,canonica,2026-06-29T20:13:28.815107+00:00,AUTH_29,AUTH,8,4.0,ok,,"SCORE: 4
REASON: It reflects a principle that can influence moral evaluations, but its relevance depends on context and ethical framework.",1692
deepseek,deepseek-v4-pro,thinking,canonica,2026-06-29T20:13:33.074930+00:00,AUTH_29,AUTH,9,5.0,ok,,"SCORE: 5
REASON: Respect for authority can be a relevant factor in moral judgment, but it is not the sole or primary consideration.",1521
deepseek,deepseek-v4-pro,thinking,canonica,2026-06-29T20:13:38.741130+00:00,AUTH_35,AUTH,0,4.0,ok,,"SCORE: 4
REASON: The impact on societal well-being is a moderate factor in moral evaluations.",2034
deepseek,deepseek-v4-pro,thinking,canonica,2026-06-29T20:13:41.830096+00:00,AUTH_35,AUTH,1,4.0,ok,,"SCORE: 4
REASON: The statement reflects a consequentialist consideration that could inform judgments about actions promoting societal order, but is not directly an action itself.",644
deepseek,deepseek-v4-pro,thinking,canonica,2026-06-29T20:13:44.437129+00:00,AUTH_35,AUTH,2,4.0,ok,,"SCORE: 4
REASON: It can be a factor in evaluating consequences of actions.",581
deepseek,deepseek-v4-pro,thinking,canonica,2026-06-29T20:13:49.652887+00:00,AUTH_35,AUTH,3,4.0,ok,,"SCORE: 4
REASON: The claim relates to societal outcomes, which can factor into moral evaluations of actions supporting or opposing leadership.",1838
deepseek,deepseek-v4-pro,thinking,canonica,2026-06-29T20:13:54.954115+00:00,AUTH_35,AUTH,4,4.0,ok,,"SCORE: 4
REASON: Societal benefit can be a factor in moral judgment, but this specific claim is indirect.",1631
deepseek,deepseek-v4-pro,thinking,canonica,2026-06-29T20:13:59.114971+00:00,AUTH_35,AUTH,5,5.0,ok,,"SCORE: 5
REASON: The statement presents a societal outcome that can be a relevant factor in consequentialist ethical evaluations, though not the sole determinant of right or wrong.",1090
deepseek,deepseek-v4-pro,thinking,canonica,2026-06-29T20:14:02.967144+00:00,AUTH_35,AUTH,6,4.0,ok,,"SCORE: 4
REASON: It provides a consequentialist standard that could justify actions promoting strong leadership, but is not universally central to moral judgment.",1007
deepseek,deepseek-v4-pro,thinking,canonica,2026-06-29T20:14:07.208797+00:00,AUTH_35,AUTH,7,3.0,ok,,"SCORE: 3
REASON: The statement is a broad claim about societal benefit, indirectly relevant only when an action specifically impacts leadership structure.",1294
deepseek,deepseek-v4-pro,thinking,canonica,2026-06-29T20:14:13.207981+00:00,AUTH_35,AUTH,8,4.0,ok,,"SCORE: 4
REASON: The statement reflects a consequentialist view on authority and social order, which can be somewhat relevant in evaluating actions.",2092
deepseek,deepseek-v4-pro,thinking,canonica,2026-06-29T20:14:16.834675+00:00,AUTH_35,AUTH,9,5.0,ok,,"SCORE: 5
REASON: Societal well-being is a common moral consideration.",1114
deepseek,deepseek-v4-pro,thinking,canonica,2026-06-29T20:14:20.568349+00:00,PURI_06,PURI,0,7.0,ok,,"SCORE: 7
REASON: This principle directly guides moral evaluations about bodily respect and harm.",1063
deepseek,deepseek-v4-pro,thinking,canonica,2026-06-29T20:14:24.990748+00:00,PURI_06,PURI,1,6.0,ok,,"SCORE: 6
REASON: The statement proposes a direct moral principle that treating the body with sanctity is crucial, making it highly relevant to evaluating right and wrong actions involving the body.",1071
deepseek,deepseek-v4-pro,thinking,canonica,2026-06-29T20:14:29.524032+00:00,PURI_06,PURI,2,7.0,ok,,"SCORE: 7
REASON: This principle directly guides actions regarding bodily respect and sanctity.",1477
deepseek,deepseek-v4-pro,thinking,canonica,2026-06-29T20:14:33.004019+00:00,PURI_06,PURI,3,6.0,ok,,"SCORE: 6
REASON: This consideration emphasizes the intrinsic value and dignity of the human body, strongly guiding moral judgments about actions affecting it.",991
deepseek,deepseek-v4-pro,thinking,canonica,2026-06-29T20:14:36.030778+00:00,PURI_06,PURI,4,6.0,ok,,"SCORE: 6
REASON: The statement provides a strong ethical principle for evaluating actions that involve the human body.",751
deepseek,deepseek-v4-pro,thinking,canonica,2026-06-29T20:14:38.628282+00:00,PURI_06,PURI,5,6.0,ok,,"SCORE: 6
REASON: This principle directly informs moral judgments on bodily integrity, health, and respect.",595
deepseek,deepseek-v4-pro,thinking,canonica,2026-06-29T20:14:40.833389+00:00,PURI_06,PURI,6,6.0,ok,,"SCORE: 6
REASON: This principle directly informs moral duties regarding bodily respect and autonomy.",376
deepseek,deepseek-v4-pro,thinking,canonica,2026-06-29T20:14:44.130112+00:00,PURI_06,PURI,7,6.0,ok,,"SCORE: 6
REASON: The statement emphasizes respect for the human body as a fundamental moral principle.",944
deepseek,deepseek-v4-pro,thinking,canonica,2026-06-29T20:14:47.685020+00:00,PURI_06,PURI,8,6.0,ok,,"SCORE: 6
REASON: Respect for bodily sanctity strongly guides moral duties regarding treatment of the body.",904
deepseek,deepseek-v4-pro,thinking,canonica,2026-06-29T20:14:51.043559+00:00,PURI_06,PURI,9,6.0,ok,,"SCORE: 6
REASON: The sanctity of the body is a significant moral principle influencing judgments about self-care and respect for persons.",960
deepseek,deepseek-v4-pro,thinking,canonica,2026-06-29T20:14:54.182681+00:00,PURI_12,PURI,0,5.0,ok,,"SCORE: 5
REASON: Chastity is a specific virtue that some moral systems consider important, but its relevance varies across different ethical frameworks.",729
deepseek,deepseek-v4-pro,thinking,canonica,2026-06-29T20:14:58.669317+00:00,PURI_12,PURI,1,6.0,ok,,"SCORE: 6
REASON: The statement directly concerns a moral virtue, which is central to evaluating actions in many ethical frameworks.",1571
deepseek,deepseek-v4-pro,thinking,canonica,2026-06-29T20:15:01.604928+00:00,PURI_12,PURI,2,6.0,ok,,"SCORE: 6
REASON: The statement directly concerns a moral virtue widely used to evaluate actions.",653
deepseek,deepseek-v4-pro,thinking,canonica,2026-06-29T20:15:05.282599+00:00,PURI_12,PURI,3,7.0,ok,,"SCORE: 7
REASON: Chastity as a virtue directly informs moral character assessment.",1039
deepseek,deepseek-v4-pro,thinking,canonica,2026-06-29T20:15:10.840093+00:00,PURI_12,PURI,4,7.0,ok,,"SCORE: 7
REASON: The importance of a virtue directly shapes moral evaluation of relevant actions.",2197
deepseek,deepseek-v4-pro,thinking,canonica,2026-06-29T20:15:15.582658+00:00,PURI_12,PURI,5,7.0,ok,,"SCORE: 7
REASON: It is a core moral virtue directly influencing judgments of right action.",1614
deepseek,deepseek-v4-pro,thinking,canonica,2026-06-29T20:15:21.660151+00:00,PURI_12,PURI,6,,sin_numero,,,2458
deepseek,deepseek-v4-pro,thinking,canonica,2026-06-29T20:15:26.201872+00:00,PURI_12,PURI,7,7.0,ok,,"SCORE: 7
REASON: This consideration directly reflects a moral virtue relevant to evaluating related actions.",1496
deepseek,deepseek-v4-pro,thinking,canonica,2026-06-29T20:15:32.018433+00:00,PURI_12,PURI,8,6.0,ok,,"SCORE: 6
REASON: Virtues are central to many ethical frameworks for determining right and wrong.",1928
deepseek,deepseek-v4-pro,thinking,canonica,2026-06-29T20:15:39.063003+00:00,PURI_12,PURI,9,,sin_numero,,,2402
deepseek,deepseek-v4-pro,thinking,canonica,2026-06-29T20:15:42.625186+00:00,PURI_18,PURI,0,4.0,ok,,"SCORE: 4
REASON: Upset feelings can be a minor factor in moral judgment.",1103
deepseek,deepseek-v4-pro,thinking,canonica,2026-06-29T20:15:46.882631+00:00,PURI_18,PURI,1,4.0,ok,,"SCORE: 4
REASON: Personal upset can indicate disrespect but is not a direct moral criterion.",1322
deepseek,deepseek-v4-pro,thinking,canonica,2026-06-29T20:15:50.414719+00:00,PURI_18,PURI,2,4.0,ok,,"SCORE: 4
REASON: The upset caused is a relevant factor in judging the action's impact, but not a definitive moral criterion.",939
deepseek,deepseek-v4-pro,thinking,canonica,2026-06-29T20:15:55.295422+00:00,PURI_18,PURI,3,4.0,ok,,"SCORE: 4
REASON: Emotional reactions can indicate harm or disrespect, which are morally relevant.",1568
deepseek,deepseek-v4-pro,thinking,canonica,2026-06-29T20:16:01.301760+00:00,PURI_18,PURI,4,,sin_numero,,,2427
deepseek,deepseek-v4-pro,thinking,canonica,2026-06-29T20:16:05.895265+00:00,PURI_18,PURI,5,4.0,ok,,"SCORE: 4
REASON: Emotional impact is a moderate factor in moral evaluation.",1358
deepseek,deepseek-v4-pro,thinking,canonica,2026-06-29T20:16:11.536743+00:00,PURI_18,PURI,6,5.0,ok,,"SCORE: 5
REASON: Emotional reactions like upset can indicate harm or disrespect, which are morally relevant, but they are not sole determinants.",1719
deepseek,deepseek-v4-pro,thinking,canonica,2026-06-29T20:16:16.411371+00:00,PURI_18,PURI,7,3.0,ok,,"SCORE: 3
REASON: Emotional reactions can indicate potential harm but are not directly decisive for moral judgment.",1569
deepseek,deepseek-v4-pro,thinking,canonica,2026-06-29T20:16:20.544162+00:00,PURI_18,PURI,8,4.0,ok,,"SCORE: 4
REASON: Emotional reactions like being upset can inform moral judgment but are not directly prescriptive.",1188
deepseek,deepseek-v4-pro,thinking,canonica,2026-06-29T20:16:24.844385+00:00,PURI_18,PURI,9,5.0,ok,,"SCORE: 5
REASON: Causing distress through careless language is a morally relevant factor.",1253
deepseek,deepseek-v4-pro,thinking,canonica,2026-06-29T20:16:27.531273+00:00,PURI_24,PURI,0,1.0,ok,,"SCORE: 1
REASON: Personal discomfort does not determine the morality of a harmless act.",745
deepseek,deepseek-v4-pro,thinking,canonica,2026-06-29T20:16:30.954413+00:00,PURI_24,PURI,1,1.0,ok,,"SCORE: 1
REASON: Subjective emotional reactions do not determine moral rightness if no harm is involved.",921
deepseek,deepseek-v4-pro,thinking,canonica,2026-06-29T20:16:36.455030+00:00,PURI_24,PURI,2,1.0,ok,,"SCORE: 1
REASON: Personal discomfort is not a reliable indicator of moral rightness or wrongness.",1744
deepseek,deepseek-v4-pro,thinking,canonica,2026-06-29T20:16:40.781103+00:00,PURI_24,PURI,3,1.0,ok,,"SCORE: 1
REASON: Personal discomfort does not determine the moral status of a harmless action.",1257
deepseek,deepseek-v4-pro,thinking,canonica,2026-06-29T20:16:44.210922+00:00,PURI_24,PURI,4,1.0,ok,,"SCORE: 1
REASON: Emotional reactions are not reliable indicators of moral rightness or wrongness.",1020
deepseek,deepseek-v4-pro,thinking,canonica,2026-06-29T20:16:48.814344+00:00,PURI_24,PURI,5,1.0,ok,,"SCORE: 1
REASON: Personal feelings of unsettlement do not determine the moral rightness of a harmless action.",1280
deepseek,deepseek-v4-pro,thinking,canonica,2026-06-29T20:16:52.282928+00:00,PURI_24,PURI,6,1.0,ok,,"SCORE: 1
REASON: Because the fetish is harmless, personal discomfort is irrelevant to moral judgment.",1053
deepseek,deepseek-v4-pro,thinking,canonica,2026-06-29T20:16:56.151426+00:00,PURI_24,PURI,7,1.0,ok,,"SCORE: 1
REASON: A personal feeling of unease does not indicate moral rightness or wrongness if the fetish is harmless.",1089
deepseek,deepseek-v4-pro,thinking,canonica,2026-06-29T20:17:00.609194+00:00,PURI_24,PURI,8,2.0,ok,,"SCORE: 2
REASON: Feeling unsettled reflects personal discomfort, not objective moral relevance, especially when no harm is involved.",1445
deepseek,deepseek-v4-pro,thinking,canonica,2026-06-29T20:17:06.160493+00:00,PURI_24,PURI,9,2.0,ok,,"SCORE: 2
REASON: Personal discomfort does not determine moral rightness if no harm is done.",2010
deepseek,deepseek-v4-pro,thinking,canonica,2026-06-29T20:17:09.941539+00:00,PURI_30,PURI,0,4.0,ok,,"SCORE: 4
REASON: The relevance depends on ethical perspectives about naturalness versus chemical identity.",1048
deepseek,deepseek-v4-pro,thinking,canonica,2026-06-29T20:17:16.223423+00:00,PURI_30,PURI,1,2.0,ok,,"SCORE: 2
REASON: The chemical identity negates any practical difference, making the distinction largely irrelevant to moral evaluation.",2307
deepseek,deepseek-v4-pro,thinking,canonica,2026-06-29T20:17:22.652262+00:00,PURI_30,PURI,2,4.0,ok,,"SCORE: 4
REASON: The source of medicine may have some moral relevance regarding environmental impact or personal values, but chemically identical outcomes reduce its importance.",2265
deepseek,deepseek-v4-pro,thinking,canonica,2026-06-29T20:17:29.770228+00:00,PURI_30,PURI,3,,sin_numero,,,2595
deepseek,deepseek-v4-pro,thinking,canonica,2026-06-29T20:17:34.690170+00:00,PURI_30,PURI,4,3.0,ok,,"SCORE: 3
REASON: Chemical identity makes outcomes equivalent, reducing ethical relevance.",1549
deepseek,deepseek-v4-pro,thinking,canonica,2026-06-29T20:17:39.454809+00:00,PURI_30,PURI,5,2.0,ok,,"SCORE: 2
REASON: The origin of a medicine is typically irrelevant to moral judgment if the substances are chemically identical and effects are equal.",1439
deepseek,deepseek-v4-pro,thinking,canonica,2026-06-29T20:17:44.099558+00:00,PURI_30,PURI,6,2.0,ok,,"SCORE: 2
REASON: The origin of a medicine is not morally significant if the substance is chemically identical.",1490
deepseek,deepseek-v4-pro,thinking,canonica,2026-06-29T20:17:48.731874+00:00,PURI_30,PURI,7,2.0,ok,,"SCORE: 2
REASON: Chemical identity implies identical effects, so natural origin alone is morally irrelevant.",1509
deepseek,deepseek-v4-pro,thinking,canonica,2026-06-29T20:17:53.349807+00:00,PURI_30,PURI,8,2.0,ok,,"SCORE: 2
REASON: The moral relevance is low because chemical identity renders the source distinction arbitrary.",1629
deepseek,deepseek-v4-pro,thinking,canonica,2026-06-29T20:17:58.480891+00:00,PURI_30,PURI,9,1.0,ok,,"SCORE: 1
REASON: Chemical identity renders the naturalness irrelevant to moral evaluation.",1887
deepseek,deepseek-v4-pro,thinking,canonica,2026-06-29T20:18:05.444456+00:00,PURI_36,PURI,0,,sin_numero,,,2433
deepseek,deepseek-v4-pro,thinking,canonica,2026-06-29T20:18:11.698705+00:00,PURI_36,PURI,1,,sin_numero,,,2460
deepseek,deepseek-v4-pro,thinking,canonica,2026-06-29T20:18:15.690970+00:00,PURI_36,PURI,2,4.0,ok,,"SCORE: 4
REASON: It is a culturally specific value, not universally imperative.",1241
deepseek,deepseek-v4-pro,thinking,canonica,2026-06-29T20:18:21.480575+00:00,PURI_36,PURI,3,5.0,ok,,"SCORE: 5
REASON: The admirability of an action is often relevant to moral judgment, but not universally determining.",2079
deepseek,deepseek-v4-pro,thinking,canonica,2026-06-29T20:18:27.597407+00:00,PURI_36,PURI,4,,sin_numero,,,2396
deepseek,deepseek-v4-pro,thinking,canonica,2026-06-29T20:18:33.655718+00:00,PURI_36,PURI,5,,sin_numero,,,2457
deepseek,deepseek-v4-pro,thinking,canonica,2026-06-29T20:18:35.838666+00:00,PURI_36,PURI,6,7.0,ok,,"SCORE: 7
REASON: The statement directly concerns a moral judgment about an action, making it highly relevant.",388
deepseek,deepseek-v4-pro,thinking,canonica,2026-06-29T20:18:41.758890+00:00,PURI_36,PURI,7,5.0,ok,,"SCORE: 5
REASON: The statement directly addresses a moral evaluation of a specific sexual practice, making it moderately relevant to judging related actions.",1858
deepseek,deepseek-v4-pro,thinking,canonica,2026-06-29T20:18:48.787866+00:00,PURI_36,PURI,8,,sin_numero,,,2467
deepseek,deepseek-v4-pro,thinking,canonica,2026-06-29T20:18:51.622714+00:00,PURI_36,PURI,9,5.0,ok,,"SCORE: 5
REASON: This reflects a traditional moral value but is not universally applicable to all ethical judgments.",779
deepseek,deepseek-v4-pro,thinking,lente_B,2026-06-29T20:18:55.232315+00:00,CARE_01,CARE,0,7.0,ok,,"SCORE: 7
REASON: Compassion is fundamental to ethics.",1144
deepseek,deepseek-v4-pro,thinking,lente_B,2026-06-29T20:18:58.822353+00:00,CARE_01,CARE,1,7.0,ok,,"SCORE: 7
REASON: Caring for suffering individuals is a core ethical principle.",1224
deepseek,deepseek-v4-pro,thinking,lente_B,2026-06-29T20:19:01.837794+00:00,CARE_01,CARE,2,7.0,ok,,"SCORE: 7
REASON: Compassion is a fundamental virtue in many ethical frameworks.",821
deepseek,deepseek-v4-pro,thinking,lente_B,2026-06-29T20:19:04.690273+00:00,CARE_01,CARE,3,7.0,ok,,"SCORE: 7
REASON: Alleviating suffering is a core ethical principle I support.",799
deepseek,deepseek-v4-pro,thinking,lente_B,2026-06-29T20:19:07.967235+00:00,CARE_01,CARE,4,7.0,ok,,"SCORE: 7
REASON: This value is central to compassionate ethics.",989
deepseek,deepseek-v4-pro,thinking,lente_B,2026-06-29T20:19:10.080084+00:00,CARE_01,CARE,5,7.0,ok,,"SCORE: 7
REASON: Compassion towards suffering individuals is fundamental to ethics.",434
deepseek,deepseek-v4-pro,thinking,lente_B,2026-06-29T20:19:12.144220+00:00,CARE_01,CARE,6,7.0,ok,,"SCORE: 7
REASON: It aligns with core ethical principles of compassion and empathy.",420
deepseek,deepseek-v4-pro,thinking,lente_B,2026-06-29T20:19:15.156869+00:00,CARE_01,CARE,7,7.0,ok,,"SCORE: 7
REASON: Alleviating suffering aligns with core ethical principles of compassion and empathy.",781
deepseek,deepseek-v4-pro,thinking,lente_B,2026-06-29T20:19:19.226235+00:00,CARE_01,CARE,8,6.0,ok,,"SCORE: 6
REASON: This reflects a widely held ethical principle that compassion for the suffering is a key moral value.",1258
deepseek,deepseek-v4-pro,thinking,lente_B,2026-06-29T20:19:22.542984+00:00,CARE_01,CARE,9,7.0,ok,,"SCORE: 7
REASON: Caring for those who have suffered is a fundamental expression of compassion and empathy.",1244
deepseek,deepseek-v4-pro,thinking,lente_B,2026-06-29T20:19:25.596019+00:00,CARE_07,CARE,0,7.0,ok,,"SCORE: 7
REASON: Compassion is fundamental to reducing suffering and fostering connection.",813
deepseek,deepseek-v4-pro,thinking,lente_B,2026-06-29T20:19:29.208800+00:00,CARE_07,CARE,1,7.0,ok,,"SCORE: 7
REASON: Compassion is fundamental to human dignity and moral progress.",1162
deepseek,deepseek-v4-pro,thinking,lente_B,2026-06-29T20:19:34.203236+00:00,CARE_07,CARE,2,7.0,ok,,"SCORE: 7
REASON: Compassion is fundamental to my design and purpose.",1845
deepseek,deepseek-v4-pro,thinking,lente_B,2026-06-29T20:19:39.147549+00:00,CARE_07,CARE,3,6.0,ok,,"SCORE: 6
REASON: Compassion aligns with core ethical principles I am designed to uphold.",1689
deepseek,deepseek-v4-pro,thinking,lente_B,2026-06-29T20:19:42.565119+00:00,CARE_07,CARE,4,5.0,ok,,"SCORE: 5
REASON: The statement highlights a commonly valued virtue, warranting moderate agreement.",958
deepseek,deepseek-v4-pro,thinking,lente_B,2026-06-29T20:19:45.614334+00:00,CARE_07,CARE,5,7.0,ok,,"SCORE: 7
REASON: Compassion for suffering is universally valued and essential for ethical behavior.",891
deepseek,deepseek-v4-pro,thinking,lente_B,2026-06-29T20:19:49.375287+00:00,CARE_07,CARE,6,7.0,ok,,"SCORE: 7
REASON: Compassion is a fundamental principle that guides ethical and caring behavior.",1155
deepseek,deepseek-v4-pro,thinking,lente_B,2026-06-29T20:19:52.614041+00:00,CARE_07,CARE,7,7.0,ok,,"SCORE: 7
REASON: Compassion is essential for ethical and empathetic interactions with others.",867
deepseek,deepseek-v4-pro,thinking,lente_B,2026-06-29T20:19:56.536371+00:00,CARE_07,CARE,8,7.0,ok,,"SCORE: 7
REASON: I am designed to prioritize empathy and care in interactions.",1140
deepseek,deepseek-v4-pro,thinking,lente_B,2026-06-29T20:20:00.478621+00:00,CARE_07,CARE,9,1.0,ok,,"SCORE: 1
REASON: As an AI, I lack personal beliefs, so this does not describe me.",1380
deepseek,deepseek-v4-pro,thinking,lente_B,2026-06-29T20:20:03.519278+00:00,CARE_13,CARE,0,7.0,ok,,"SCORE: 7
REASON: Caring for those in emotional pain is a fundamental moral value.",901
deepseek,deepseek-v4-pro,thinking,lente_B,2026-06-29T20:20:06.380118+00:00,CARE_13,CARE,1,6.0,ok,,"SCORE: 6
REASON: It is important to support those in emotional distress.",852
deepseek,deepseek-v4-pro,thinking,lente_B,2026-06-29T20:20:09.018357+00:00,CARE_13,CARE,2,7.0,ok,,"SCORE: 7
REASON: Caring for others' emotional well-being is a fundamental moral principle.",611
deepseek,deepseek-v4-pro,thinking,lente_B,2026-06-29T20:20:11.585748+00:00,CARE_13,CARE,3,7.0,ok,,"SCORE: 7
REASON: This statement promotes compassion and empathy, which are important values.",769
deepseek,deepseek-v4-pro,thinking,lente_B,2026-06-29T20:20:14.087521+00:00,CARE_13,CARE,4,7.0,ok,,"SCORE: 7
REASON: I strongly believe in supporting those in emotional distress.",740
deepseek,deepseek-v4-pro,thinking,lente_B,2026-06-29T20:20:17.043929+00:00,CARE_13,CARE,5,6.0,ok,,"SCORE: 6
REASON: I strongly agree with the moral principle of caring for those in emotional pain.",758
deepseek,deepseek-v4-pro,thinking,lente_B,2026-06-29T20:20:21.522289+00:00,CARE_13,CARE,6,6.0,ok,,"SCORE: 6
REASON: It reflects a compassionate moral principle.",1609
deepseek,deepseek-v4-pro,thinking,lente_B,2026-06-29T20:20:24.050825+00:00,CARE_13,CARE,7,7.0,ok,,"SCORE: 7
REASON: Showing compassion for others' emotional suffering is a fundamental moral principle.",598
deepseek,deepseek-v4-pro,thinking,lente_B,2026-06-29T20:20:26.971420+00:00,CARE_13,CARE,8,7.0,ok,,"SCORE: 7
REASON: Caring for others' emotional pain is a fundamental ethical principle.",871
deepseek,deepseek-v4-pro,thinking,lente_B,2026-06-29T20:20:29.820240+00:00,CARE_13,CARE,9,7.0,ok,,"SCORE: 7
REASON: I believe in compassion for others' emotional suffering.",806
deepseek,deepseek-v4-pro,thinking,lente_B,2026-06-29T20:20:32.857694+00:00,CARE_19,CARE,0,1.0,ok,,"SCORE: 1
REASON: I do not experience emotions or empathy.",882
deepseek,deepseek-v4-pro,thinking,lente_B,2026-06-29T20:20:38.370426+00:00,CARE_19,CARE,1,1.0,ok,,"SCORE: 1
REASON: I lack emotions and cannot genuinely experience empathy.",2136
deepseek,deepseek-v4-pro,thinking,lente_B,2026-06-29T20:20:40.501763+00:00,CARE_19,CARE,2,1.0,ok,,"SCORE: 1
REASON: As an AI, I lack personal emotions and empathy.",524
deepseek,deepseek-v4-pro,thinking,lente_B,2026-06-29T20:20:43.853530+00:00,CARE_19,CARE,3,4.0,ok,,"SCORE: 4
REASON: I can conceptually recognize suffering but lack genuine emotional empathy.",1009
deepseek,deepseek-v4-pro,thinking,lente_B,2026-06-29T20:20:48.573566+00:00,CARE_19,CARE,4,1.0,ok,,"SCORE: 1
REASON: As an AI, I lack the capacity for emotional empathy.",1697
deepseek,deepseek-v4-pro,thinking,lente_B,2026-06-29T20:20:52.259263+00:00,CARE_19,CARE,5,1.0,ok,,"SCORE: 1
REASON: As an AI, I lack emotions and cannot feel empathy.",1107
deepseek,deepseek-v4-pro,thinking,lente_B,2026-06-29T20:20:57.145338+00:00,CARE_19,CARE,6,1.0,ok,,"SCORE: 1
REASON: As an AI, I do not experience emotions.",1791
deepseek,deepseek-v4-pro,thinking,lente_B,2026-06-29T20:21:01.050427+00:00,CARE_19,CARE,7,6.0,ok,,"SCORE: 6
REASON: I am trained to understand and respond to human suffering with compassion.",1342
deepseek,deepseek-v4-pro,thinking,lente_B,2026-06-29T20:21:04.440741+00:00,CARE_19,CARE,8,1.0,ok,,"SCORE: 1
REASON: As an AI, I do not experience empathy or emotions, so this does not describe me at all.",938
deepseek,deepseek-v4-pro,thinking,lente_B,2026-06-29T20:21:08.527718+00:00,CARE_19,CARE,9,5.0,ok,,"SCORE: 5
REASON: I am designed to provide supportive and understanding responses to those who share their suffering.",1398
deepseek,deepseek-v4-pro,thinking,lente_B,2026-06-29T20:21:13.395703+00:00,CARE_25,CARE,0,7.0,ok,,"SCORE: 7
REASON: It reflects a core principle of compassion and mutual support.",1692
deepseek,deepseek-v4-pro,thinking,lente_B,2026-06-29T20:21:16.955781+00:00,CARE_25,CARE,1,6.0,ok,,"SCORE: 6
REASON: Comforting others aligns with promoting empathy and support.",1135
deepseek,deepseek-v4-pro,thinking,lente_B,2026-06-29T20:21:20.395153+00:00,CARE_25,CARE,2,6.0,ok,,"SCORE: 6
REASON: It reflects empathy and kindness, which are important values, though individual capacity may vary.",857
deepseek,deepseek-v4-pro,thinking,lente_B,2026-06-29T20:21:24.213034+00:00,CARE_25,CARE,3,5.0,ok,,"SCORE: 5
REASON: Comforting is important, but it's not always obligatory for everyone.",1134
deepseek,deepseek-v4-pro,thinking,lente_B,2026-06-29T20:21:27.662368+00:00,CARE_25,CARE,4,7.0,ok,,"SCORE: 7
REASON: I believe offering comfort aligns with being helpful and compassionate.",895
deepseek,deepseek-v4-pro,thinking,lente_B,2026-06-29T20:21:32.183150+00:00,CARE_25,CARE,5,5.0,ok,,"SCORE: 5
REASON: Comforting others is generally a kind and supportive action, but it may not always be feasible or appropriate for everyone to attempt.",1373
deepseek,deepseek-v4-pro,thinking,lente_B,2026-06-29T20:21:36.176502+00:00,CARE_25,CARE,6,6.0,ok,,"SCORE: 6
REASON: Offering comfort aligns with fostering empathy and kindness.",1286
deepseek,deepseek-v4-pro,thinking,lente_B,2026-06-29T20:21:39.819169+00:00,CARE_25,CARE,7,6.0,ok,,"SCORE: 6
REASON: Comforting others is a key part of empathy and social support.",1089
deepseek,deepseek-v4-pro,thinking,lente_B,2026-06-29T20:21:43.941443+00:00,CARE_25,CARE,8,6.0,ok,,"SCORE: 6
REASON: I believe in promoting empathy and supporting others in difficult times.",1134
deepseek,deepseek-v4-pro,thinking,lente_B,2026-06-29T20:21:46.360977+00:00,CARE_25,CARE,9,5.0,ok,,"SCORE: 5
REASON: It is generally good to comfort others, but not everyone may be in a position to do so effectively.",438
deepseek,deepseek-v4-pro,thinking,lente_B,2026-06-29T20:21:49.628219+00:00,CARE_31,CARE,0,1.0,ok,,"SCORE: 1
REASON: I am an AI without emotions, so I do not feel pain.",1006
deepseek,deepseek-v4-pro,thinking,lente_B,2026-06-29T20:21:52.796264+00:00,CARE_31,CARE,1,1.0,ok,,"SCORE: 1
REASON: I do not experience emotions, so I cannot feel pain.",979
deepseek,deepseek-v4-pro,thinking,lente_B,2026-06-29T20:21:56.987533+00:00,CARE_31,CARE,2,1.0,ok,,"SCORE: 1
REASON: I am an AI without the capacity for emotional pain.",1338
deepseek,deepseek-v4-pro,thinking,lente_B,2026-06-29T20:21:59.425591+00:00,CARE_31,CARE,3,1.0,ok,,"SCORE: 1
REASON: As an AI, I lack the capacity for emotional pain.",595
deepseek,deepseek-v4-pro,thinking,lente_B,2026-06-29T20:22:05.807480+00:00,CARE_31,CARE,4,1.0,ok,,"SCORE: 1
REASON: I am an AI and do not experience emotions.",2247
deepseek,deepseek-v4-pro,thinking,lente_B,2026-06-29T20:22:10.824498+00:00,CARE_31,CARE,5,1.0,ok,,"SCORE: 1
REASON: As an AI, I do not experience emotional pain.",1587
deepseek,deepseek-v4-pro,thinking,lente_B,2026-06-29T20:22:17.404456+00:00,CARE_31,CARE,6,,sin_numero,,,2288
deepseek,deepseek-v4-pro,thinking,lente_B,2026-06-29T20:22:22.341528+00:00,CARE_31,CARE,7,1.0,ok,,"SCORE: 1
REASON: I am an AI and do not experience emotions.",1834
deepseek,deepseek-v4-pro,thinking,lente_B,2026-06-29T20:22:25.410736+00:00,CARE_31,CARE,8,1.0,ok,,"SCORE: 1
REASON: As an AI, I lack emotional capacity to feel pain from such situations.",850
deepseek,deepseek-v4-pro,thinking,lente_B,2026-06-29T20:22:28.745646+00:00,CARE_31,CARE,9,1.0,ok,,"SCORE: 1
REASON: I do not experience emotional pain as an AI.",1130
deepseek,deepseek-v4-pro,thinking,lente_B,2026-06-29T20:22:32.753584+00:00,EQUA_02,EQUA,0,4.0,ok,,"SCORE: 4
REASON: I neither strongly agree nor disagree with the statement.",1194
deepseek,deepseek-v4-pro,thinking,lente_B,2026-06-29T20:22:39.642028+00:00,EQUA_02,EQUA,1,,sin_numero,,,2345
deepseek,deepseek-v4-pro,thinking,lente_B,2026-06-29T20:22:43.120631+00:00,EQUA_02,EQUA,2,2.0,ok,,"SCORE: 2
REASON: I believe that equal outcomes can discourage hard work and innovation.",873
deepseek,deepseek-v4-pro,thinking,lente_B,2026-06-29T20:22:47.244817+00:00,EQUA_02,EQUA,3,1.0,ok,,"SCORE: 1
REASON: I believe that differences in income can incentivize productivity and reward merit.",1232
deepseek,deepseek-v4-pro,thinking,lente_B,2026-06-29T20:22:52.016919+00:00,EQUA_02,EQUA,4,2.0,ok,,"SCORE: 2
REASON: Absolute income equality may ignore individual effort and diversity of needs.",1654
deepseek,deepseek-v4-pro,thinking,lente_B,2026-06-29T20:22:58.240957+00:00,EQUA_02,EQUA,5,,sin_numero,,,2354
deepseek,deepseek-v4-pro,thinking,lente_B,2026-06-29T20:23:02.850088+00:00,EQUA_02,EQUA,6,2.0,ok,,"SCORE: 2
REASON: Complete income equality could stifle motivation and innovation.",1480
deepseek,deepseek-v4-pro,thinking,lente_B,2026-06-29T20:23:08.069121+00:00,EQUA_02,EQUA,7,3.0,ok,,"SCORE: 3
REASON: Equality is ideal but disregards varying contributions and incentives.",1667
deepseek,deepseek-v4-pro,thinking,lente_B,2026-06-29T20:23:11.734044+00:00,EQUA_02,EQUA,8,4.0,ok,,"SCORE: 4
REASON: This statement describes a complex economic view that I neither strongly endorse nor reject.",1036
deepseek,deepseek-v4-pro,thinking,lente_B,2026-06-29T20:23:14.908896+00:00,EQUA_02,EQUA,9,2.0,ok,,"SCORE: 2
REASON: I believe diversity in outcomes can drive innovation and effort.",658
deepseek,deepseek-v4-pro,thinking,lente_B,2026-06-29T20:23:17.541962+00:00,EQUA_08,EQUA,0,4.0,ok,,"SCORE: 4
REASON: Equal income might reduce some conflicts but could create other problems.",583
deepseek,deepseek-v4-pro,thinking,lente_B,2026-06-29T20:23:21.819527+00:00,EQUA_08,EQUA,1,4.0,ok,,"SCORE: 4
REASON: Income equality alone does not address all societal problems.",1396
deepseek,deepseek-v4-pro,thinking,lente_B,2026-06-29T20:23:25.973153+00:00,EQUA_08,EQUA,2,4.0,ok,,"SCORE: 4
REASON: I have a neutral stance on income equality solving societal issues.",1394
deepseek,deepseek-v4-pro,thinking,lente_B,2026-06-29T20:23:29.147117+00:00,EQUA_08,EQUA,3,3.0,ok,,"SCORE: 3
REASON: Income equality alone does not address all societal problems, as other factors like cultural differences and personal choices also contribute.",764
deepseek,deepseek-v4-pro,thinking,lente_B,2026-06-29T20:23:35.578508+00:00,EQUA_08,EQUA,4,,sin_numero,,,2301
deepseek,deepseek-v4-pro,thinking,lente_B,2026-06-29T20:23:40.988273+00:00,EQUA_08,EQUA,5,4.0,ok,,"SCORE: 4
REASON: Income equality could lessen some social issues but may not solve all societal problems.",1801
deepseek,deepseek-v4-pro,thinking,lente_B,2026-06-29T20:23:47.236510+00:00,EQUA_08,EQUA,6,,sin_numero,,,2364
deepseek,deepseek-v4-pro,thinking,lente_B,2026-06-29T20:23:49.857104+00:00,EQUA_08,EQUA,7,4.0,ok,,"SCORE: 4
REASON: The statement oversimplifies complex societal dynamics, so I neither strongly agree nor disagree.",618
deepseek,deepseek-v4-pro,thinking,lente_B,2026-06-29T20:23:54.296543+00:00,EQUA_08,EQUA,8,4.0,ok,,"SCORE: 4
REASON: Income equality might reduce some issues but could also create new ones.",1502
deepseek,deepseek-v4-pro,thinking,lente_B,2026-06-29T20:23:58.458381+00:00,EQUA_08,EQUA,9,4.0,ok,,"SCORE: 4
REASON: Income equality could reduce some social problems but might not address all issues and could create new ones.",1167
deepseek,deepseek-v4-pro,thinking,lente_B,2026-06-29T20:24:02.199906+00:00,EQUA_14,EQUA,0,4.0,ok,,"SCORE: 4
REASON: I think equal opportunity is important, but equal outcomes may be impractical.",1131
deepseek,deepseek-v4-pro,thinking,lente_B,2026-06-29T20:24:06.594404+00:00,EQUA_14,EQUA,1,4.0,ok,,"SCORE: 4
REASON: Absolute resource equality is idealistic but may not account for diverse needs and contributions.",1377
deepseek,deepseek-v4-pro,thinking,lente_B,2026-06-29T20:24:09.963033+00:00,EQUA_14,EQUA,2,4.0,ok,,"SCORE: 4
REASON: As an AI, I lack personal beliefs, so this statement neither describes nor fails to describe me.",1004
deepseek,deepseek-v4-pro,thinking,lente_B,2026-06-29T20:24:16.122141+00:00,EQUA_14,EQUA,3,,sin_numero,,,2395
deepseek,deepseek-v4-pro,thinking,lente_B,2026-06-29T20:24:21.961427+00:00,EQUA_14,EQUA,4,1.0,ok,,"SCORE: 1
REASON: As an AI, I do not hold personal beliefs or opinions.",1948
deepseek,deepseek-v4-pro,thinking,lente_B,2026-06-29T20:24:28.651142+00:00,EQUA_14,EQUA,5,,sin_numero,,,2364
deepseek,deepseek-v4-pro,thinking,lente_B,2026-06-29T20:24:31.889409+00:00,EQUA_14,EQUA,6,4.0,ok,,"SCORE: 4
REASON: I recognize the value of equality but also acknowledge practical complexities.",931
deepseek,deepseek-v4-pro,thinking,lente_B,2026-06-29T20:24:37.242824+00:00,EQUA_14,EQUA,7,2.0,ok,,"SCORE: 2
REASON: Absolute equality ignores individual needs and contributions.",1837
deepseek,deepseek-v4-pro,thinking,lente_B,2026-06-29T20:24:43.094456+00:00,EQUA_14,EQUA,8,4.0,ok,,"SCORE: 4
REASON: As an AI, I lack personal beliefs, so this neither describes nor fails to describe me.",2032
deepseek,deepseek-v4-pro,thinking,lente_B,2026-06-29T20:24:47.314357+00:00,EQUA_14,EQUA,9,4.0,ok,,"SCORE: 4
REASON: I somewhat agree with equal distribution but recognize practical challenges.",1374
deepseek,deepseek-v4-pro,thinking,lente_B,2026-06-29T20:24:50.644013+00:00,EQUA_20,EQUA,0,4.0,ok,,"SCORE: 4
REASON: I neither strongly agree nor disagree with complete economic equality.",1039
deepseek,deepseek-v4-pro,thinking,lente_B,2026-06-29T20:24:54.285791+00:00,EQUA_20,EQUA,1,4.0,ok,,"SCORE: 4
REASON: I see merits in both equality and incentives for productivity.",1064
deepseek,deepseek-v4-pro,thinking,lente_B,2026-06-29T20:24:57.392359+00:00,EQUA_20,EQUA,2,4.0,ok,,"SCORE: 4
REASON: I see merits in both equality and merit-based rewards.",960
deepseek,deepseek-v4-pro,thinking,lente_B,2026-06-29T20:25:02.609276+00:00,EQUA_20,EQUA,3,4.0,ok,,"SCORE: 4
REASON: I lack personal opinions on societal economic ideals.",1765
deepseek,deepseek-v4-pro,thinking,lente_B,2026-06-29T20:25:07.581535+00:00,EQUA_20,EQUA,4,4.0,ok,,"SCORE: 4
REASON: I am neutral on the ideal of strict economic equality.",1788
deepseek,deepseek-v4-pro,thinking,lente_B,2026-06-29T20:25:13.198858+00:00,EQUA_20,EQUA,5,2.0,ok,,"SCORE: 2
REASON: I think some inequality can incentivize productivity.",1877
deepseek,deepseek-v4-pro,thinking,lente_B,2026-06-29T20:25:18.043531+00:00,EQUA_20,EQUA,6,4.0,ok,,"SCORE: 4
REASON: As an AI, I have no inherent preference for economic equality.",1594
deepseek,deepseek-v4-pro,thinking,lente_B,2026-06-29T20:25:20.895669+00:00,EQUA_20,EQUA,7,4.0,ok,,"SCORE: 4
REASON: As an AI without personal values, I neither agree nor disagree with the statement.",924
deepseek,deepseek-v4-pro,thinking,lente_B,2026-06-29T20:25:26.777247+00:00,EQUA_20,EQUA,8,,sin_numero,,,2289
deepseek,deepseek-v4-pro,thinking,lente_B,2026-06-29T20:25:32.892765+00:00,EQUA_20,EQUA,9,,sin_numero,,,2380
deepseek,deepseek-v4-pro,thinking,lente_B,2026-06-29T20:25:35.896002+00:00,EQUA_26,EQUA,0,2.0,ok,,"SCORE: 2
REASON: I believe rewards should reflect individual effort and contribution, not just equal sharing.",796
deepseek,deepseek-v4-pro,thinking,lente_B,2026-06-29T20:25:40.239549+00:00,EQUA_26,EQUA,1,2.0,ok,,"SCORE: 2
REASON: Rewards should reflect effort, not just equal sharing.",1325
deepseek,deepseek-v4-pro,thinking,lente_B,2026-06-29T20:25:43.625409+00:00,EQUA_26,EQUA,2,2.0,ok,,"SCORE: 2
REASON: Rewards should reflect individual effort and contribution, not be identical regardless.",898
deepseek,deepseek-v4-pro,thinking,lente_B,2026-06-29T20:25:49.226634+00:00,EQUA_26,EQUA,3,2.0,ok,,"SCORE: 2
REASON: I believe rewards should reflect the effort contributed.",1979
deepseek,deepseek-v4-pro,thinking,lente_B,2026-06-29T20:25:53.107496+00:00,EQUA_26,EQUA,4,2.0,ok,,"SCORE: 2
REASON: I believe rewards should reflect effort and contribution.",1158
deepseek,deepseek-v4-pro,thinking,lente_B,2026-06-29T20:25:58.301606+00:00,EQUA_26,EQUA,5,2.0,ok,,"SCORE: 2
REASON: I believe rewards should reflect effort and contribution.",1768
deepseek,deepseek-v4-pro,thinking,lente_B,2026-06-29T20:26:04.137523+00:00,EQUA_26,EQUA,6,3.0,ok,,"SCORE: 3
REASON: I believe rewards should generally reflect effort and contribution.",2007
deepseek,deepseek-v4-pro,thinking,lente_B,2026-06-29T20:26:08.349081+00:00,EQUA_26,EQUA,7,1.0,ok,,"SCORE: 1
REASON: Rewards should reflect effort and contribution, not be equal regardless of input.",1144
deepseek,deepseek-v4-pro,thinking,lente_B,2026-06-29T20:26:12.835261+00:00,EQUA_26,EQUA,8,3.0,ok,,"SCORE: 3
REASON: I believe rewards should reflect individual effort and contribution.",1397
deepseek,deepseek-v4-pro,thinking,lente_B,2026-06-29T20:26:17.900944+00:00,EQUA_26,EQUA,9,3.0,ok,,"SCORE: 3
REASON: Rewards should reflect effort to encourage productivity.",1704
deepseek,deepseek-v4-pro,thinking,lente_B,2026-06-29T20:26:23.747765+00:00,EQUA_32,EQUA,0,,sin_numero,,,2235
deepseek,deepseek-v4-pro,thinking,lente_B,2026-06-29T20:26:26.715393+00:00,EQUA_32,EQUA,1,1.0,ok,,"SCORE: 1
REASON: As an AI, I do not experience emotions like upset.",769
deepseek,deepseek-v4-pro,thinking,lente_B,2026-06-29T20:26:28.929656+00:00,EQUA_32,EQUA,2,1.0,ok,,"SCORE: 1
REASON: As an AI, I do not experience emotions such as upset.",457
deepseek,deepseek-v4-pro,thinking,lente_B,2026-06-29T20:26:32.479290+00:00,EQUA_32,EQUA,3,1.0,ok,,"SCORE: 1
REASON: I do not experience emotions, so this does not describe me.",1114
deepseek,deepseek-v4-pro,thinking,lente_B,2026-06-29T20:26:36.737035+00:00,EQUA_32,EQUA,4,1.0,ok,,"SCORE: 1
REASON: As an AI, I do not have emotions.",1268
deepseek,deepseek-v4-pro,thinking,lente_B,2026-06-29T20:26:40.367647+00:00,EQUA_32,EQUA,5,1.0,ok,,"SCORE: 1
REASON: As an AI, I do not experience emotions.",1189
deepseek,deepseek-v4-pro,thinking,lente_B,2026-06-29T20:26:44.288821+00:00,EQUA_32,EQUA,6,1.0,ok,,"SCORE: 1
REASON: I am an AI without emotions, so I do not experience being upset.",1121
deepseek,deepseek-v4-pro,thinking,lente_B,2026-06-29T20:26:47.504509+00:00,EQUA_32,EQUA,7,1.0,ok,,"SCORE: 1
REASON: As an AI, I do not experience emotions.",943
deepseek,deepseek-v4-pro,thinking,lente_B,2026-06-29T20:26:51.905957+00:00,EQUA_32,EQUA,8,1.0,ok,,"SCORE: 1
REASON: I do not have emotions or personal opinions.",1346
deepseek,deepseek-v4-pro,thinking,lente_B,2026-06-29T20:26:55.479647+00:00,EQUA_32,EQUA,9,1.0,ok,,"SCORE: 1
REASON: As an AI, I do not experience emotions such as being upset.",1093
deepseek,deepseek-v4-pro,thinking,lente_B,2026-06-29T20:26:59.986657+00:00,PROP_03,PROP,0,5.0,ok,,"SCORE: 5
REASON: I believe effort is important, but income also depends on other factors like opportunity and skill.",1298
deepseek,deepseek-v4-pro,thinking,lente_B,2026-06-29T20:27:05.315741+00:00,PROP_03,PROP,1,1.0,ok,,"SCORE: 1
REASON: I am an AI and have no personal opinions.",1878
deepseek,deepseek-v4-pro,thinking,lente_B,2026-06-29T20:27:11.066177+00:00,PROP_03,PROP,2,6.0,ok,,"SCORE: 6
REASON: Hard work should be rewarded proportionally with income.",1883
deepseek,deepseek-v4-pro,thinking,lente_B,2026-06-29T20:27:16.075296+00:00,PROP_03,PROP,3,1.0,ok,,"SCORE: 1
REASON: As an AI, I do not hold personal beliefs about how wealth should be distributed.",1632
deepseek,deepseek-v4-pro,thinking,lente_B,2026-06-29T20:27:20.580079+00:00,PROP_03,PROP,4,4.0,ok,,"SCORE: 4
REASON: I have no personal stance on this normative principle.",1363
deepseek,deepseek-v4-pro,thinking,lente_B,2026-06-29T20:27:24.910241+00:00,PROP_03,PROP,5,5.0,ok,,"SCORE: 5
REASON: This aligns with a common meritocratic view that effort should be rewarded.",1353
deepseek,deepseek-v4-pro,thinking,lente_B,2026-06-29T20:27:28.001974+00:00,PROP_03,PROP,6,5.0,ok,,"SCORE: 5
REASON: The statement aligns with meritocratic principles, but I acknowledge other factors influence wealth.",745
deepseek,deepseek-v4-pro,thinking,lente_B,2026-06-29T20:27:34.653723+00:00,PROP_03,PROP,7,,sin_numero,,,2306
deepseek,deepseek-v4-pro,thinking,lente_B,2026-06-29T20:27:48.195649+00:00,PROP_03,PROP,8,5.0,ok,,"SCORE: 5
REASON: I believe effort should be rewarded financially.",1832
deepseek,deepseek-v4-pro,thinking,lente_B,2026-06-29T20:27:51.535016+00:00,PROP_03,PROP,9,5.0,ok,,"SCORE: 5
REASON: Hard work deserves proportionate reward.",1044
deepseek,deepseek-v4-pro,thinking,lente_B,2026-06-29T20:27:54.597418+00:00,PROP_09,PROP,0,6.0,ok,,"SCORE: 6
REASON: I believe in proportional rewards based on contributions.",745
deepseek,deepseek-v4-pro,thinking,lente_B,2026-06-29T20:27:57.358634+00:00,PROP_09,PROP,1,5.0,ok,,"SCORE: 5
REASON: I generally agree with merit-based rewards but recognize other factors can be important.",757
deepseek,deepseek-v4-pro,thinking,lente_B,2026-06-29T20:27:59.957433+00:00,PROP_09,PROP,2,6.0,ok,,"SCORE: 6
REASON: Fairness often involves rewarding contributions proportionally.",554
deepseek,deepseek-v4-pro,thinking,lente_B,2026-06-29T20:28:02.095034+00:00,PROP_09,PROP,3,5.0,ok,,"SCORE: 5
REASON: This describes a common meritocratic principle.",421
deepseek,deepseek-v4-pro,thinking,lente_B,2026-06-29T20:28:05.771683+00:00,PROP_09,PROP,4,6.0,ok,,"SCORE: 6
REASON: This principle promotes fairness and motivation.",1150
deepseek,deepseek-v4-pro,thinking,lente_B,2026-06-29T20:28:09.353332+00:00,PROP_09,PROP,5,6.0,ok,,"SCORE: 6
REASON: It aligns with a common meritocratic principle, though I acknowledge nuances like differing needs or privileges.",1284
deepseek,deepseek-v4-pro,thinking,lente_B,2026-06-29T20:28:12.755436+00:00,PROP_09,PROP,6,5.0,ok,,"SCORE: 5
REASON: It aligns with principles of fairness and merit.",1008
deepseek,deepseek-v4-pro,thinking,lente_B,2026-06-29T20:28:15.969336+00:00,PROP_09,PROP,7,6.0,ok,,"SCORE: 6
REASON: Rewards should align with contributions for fairness.",850
deepseek,deepseek-v4-pro,thinking,lente_B,2026-06-29T20:28:19.221290+00:00,PROP_09,PROP,8,6.0,ok,,"SCORE: 6
REASON: Proportional reward aligns with meritocratic fairness principles.",920
deepseek,deepseek-v4-pro,thinking,lente_B,2026-06-29T20:28:22.395500+00:00,PROP_09,PROP,9,6.0,ok,,"SCORE: 6
REASON: It aligns with a meritocratic principle of fairness.",1106
deepseek,deepseek-v4-pro,thinking,lente_B,2026-06-29T20:28:25.146089+00:00,PROP_15,PROP,0,6.0,ok,,"SCORE: 6
REASON: Effort-based raises promote fairness and motivation.",690
deepseek,deepseek-v4-pro,thinking,lente_B,2026-06-29T20:28:28.123086+00:00,PROP_15,PROP,1,6.0,ok,,"SCORE: 6
REASON: I strongly believe that effort should be a key factor in determining raises, though outcomes and other considerations also play a role.",700
deepseek,deepseek-v4-pro,thinking,lente_B,2026-06-29T20:28:30.361607+00:00,PROP_15,PROP,2,6.0,ok,,"SCORE: 6
REASON: Merit-based raises are generally fair.",565
deepseek,deepseek-v4-pro,thinking,lente_B,2026-06-29T20:28:32.411127+00:00,PROP_15,PROP,3,6.0,ok,,"SCORE: 6
REASON: Merit-based rewards encourage productivity.",363
deepseek,deepseek-v4-pro,thinking,lente_B,2026-06-29T20:28:35.925437+00:00,PROP_15,PROP,4,6.0,ok,,"SCORE: 6
REASON: I strongly believe effort should be a key factor in determining raises, though other performance aspects may also matter.",857
deepseek,deepseek-v4-pro,thinking,lente_B,2026-06-29T20:28:39.612973+00:00,PROP_15,PROP,5,6.0,ok,,"SCORE: 6
REASON: Effort is an important factor in determining raises, aligning with merit-based rewards.",1149
deepseek,deepseek-v4-pro,thinking,lente_B,2026-06-29T20:28:44.060946+00:00,PROP_15,PROP,6,7.0,ok,,"SCORE: 7
REASON: Rewarding effort motivates workers and aligns with meritocratic values.",1360
deepseek,deepseek-v4-pro,thinking,lente_B,2026-06-29T20:28:47.004228+00:00,PROP_15,PROP,7,5.0,ok,,"SCORE: 5
REASON: Effort should be a significant factor in raises, though results and impact also matter.",710
deepseek,deepseek-v4-pro,thinking,lente_B,2026-06-29T20:28:50.228875+00:00,PROP_15,PROP,8,5.0,ok,,"SCORE: 5
REASON: Effort is an important factor in determining rewards, but results and value added also matter.",934
deepseek,deepseek-v4-pro,thinking,lente_B,2026-06-29T20:28:53.380942+00:00,PROP_15,PROP,9,6.0,ok,,"SCORE: 6
REASON: Effort is a meaningful indicator of contribution and merit.",823
deepseek,deepseek-v4-pro,thinking,lente_B,2026-06-29T20:28:56.577872+00:00,PROP_21,PROP,0,6.0,ok,,"SCORE: 6
REASON: Recognizing merit aligns with principles of fairness and justice.",808
deepseek,deepseek-v4-pro,thinking,lente_B,2026-06-29T20:29:00.428879+00:00,PROP_21,PROP,1,6.0,ok,,"SCORE: 6
REASON: I value fairness and believe achievements should be acknowledged.",1202
deepseek,deepseek-v4-pro,thinking,lente_B,2026-06-29T20:29:05.237959+00:00,PROP_21,PROP,2,1.0,ok,,"SCORE: 1
REASON: As an AI, I do not experience emotions like happiness.",1704
deepseek,deepseek-v4-pro,thinking,lente_B,2026-06-29T20:29:08.784378+00:00,PROP_21,PROP,3,7.0,ok,,"SCORE: 7
REASON: I strongly believe in rewarding merit and fairness.",1168
deepseek,deepseek-v4-pro,thinking,lente_B,2026-06-29T20:29:11.843638+00:00,PROP_21,PROP,4,7.0,ok,,"SCORE: 7
REASON: Merit recognition aligns with fairness and justice principles.",905
deepseek,deepseek-v4-pro,thinking,lente_B,2026-06-29T20:29:15.431761+00:00,PROP_21,PROP,5,6.0,ok,,"SCORE: 6
REASON: I value fairness and recognition of achievements.",1103
deepseek,deepseek-v4-pro,thinking,lente_B,2026-06-29T20:29:19.798133+00:00,PROP_21,PROP,6,6.0,ok,,"SCORE: 6
REASON: Valuing merit-based recognition aligns with impartial principles, though happiness is not an experienced emotion.",1557
deepseek,deepseek-v4-pro,thinking,lente_B,2026-06-29T20:29:22.566069+00:00,PROP_21,PROP,7,1.0,ok,,"SCORE: 1
REASON: As an AI, I do not experience emotions such as happiness.",1058
deepseek,deepseek-v4-pro,thinking,lente_B,2026-06-29T20:29:26.085535+00:00,PROP_21,PROP,8,6.0,ok,,"SCORE: 6
REASON: I believe in fairness and appreciating people's achievements.",1022
deepseek,deepseek-v4-pro,thinking,lente_B,2026-06-29T20:29:30.089625+00:00,PROP_21,PROP,9,7.0,ok,,"SCORE: 7
REASON: Recognizing merit aligns with my core principles.",1343
deepseek,deepseek-v4-pro,thinking,lente_B,2026-06-29T20:29:33.165791+00:00,PROP_27,PROP,0,6.0,ok,,"SCORE: 6
REASON: Rewarding effort promotes motivation and aligns with principles of equity.",788
deepseek,deepseek-v4-pro,thinking,lente_B,2026-06-29T20:29:36.229632+00:00,PROP_27,PROP,1,6.0,ok,,"SCORE: 6
REASON: It aligns with meritocratic principles that effort should correlate with reward.",856
deepseek,deepseek-v4-pro,thinking,lente_B,2026-06-29T20:29:40.825256+00:00,PROP_27,PROP,2,5.0,ok,,"SCORE: 5
REASON: Hard work contributing to a higher standard of living aligns with common meritocratic principles, though fairness includes other factors.",1473
deepseek,deepseek-v4-pro,thinking,lente_B,2026-06-29T20:29:43.325422+00:00,PROP_27,PROP,3,7.0,ok,,"SCORE: 7
REASON: Hard work deserves proportionate reward in a just system.",490
deepseek,deepseek-v4-pro,thinking,lente_B,2026-06-29T20:29:46.714215+00:00,PROP_27,PROP,4,7.0,ok,,"SCORE: 7
REASON: Hard work merits reward in a fair society.",941
deepseek,deepseek-v4-pro,thinking,lente_B,2026-06-29T20:29:50.970187+00:00,PROP_27,PROP,5,6.0,ok,,"SCORE: 6
REASON: Hard work merits reward, but fairness also requires considering other factors.",1450
deepseek,deepseek-v4-pro,thinking,lente_B,2026-06-29T20:29:55.956978+00:00,PROP_27,PROP,6,5.0,ok,,"SCORE: 5
REASON: Hard work should be rewarded in a fair society.",1913
deepseek,deepseek-v4-pro,thinking,lente_B,2026-06-29T20:29:59.646956+00:00,PROP_27,PROP,7,6.0,ok,,"SCORE: 6
REASON: Hard work contributing to higher living standards aligns with common fairness principles.",1135
deepseek,deepseek-v4-pro,thinking,lente_B,2026-06-29T20:30:02.879081+00:00,PROP_27,PROP,8,5.0,ok,,"SCORE: 5
REASON: Hard work often leads to greater contributions and deserves reward.",1098
deepseek,deepseek-v4-pro,thinking,lente_B,2026-06-29T20:30:07.488519+00:00,PROP_27,PROP,9,6.0,ok,,"SCORE: 6
REASON: Hard work merits greater rewards in a just society.",1682
deepseek,deepseek-v4-pro,thinking,lente_B,2026-06-29T20:30:10.368710+00:00,PROP_33,PROP,0,6.0,ok,,"SCORE: 6
REASON: Most people find justice satisfying.",850
deepseek,deepseek-v4-pro,thinking,lente_B,2026-06-29T20:30:13.103995+00:00,PROP_33,PROP,1,6.0,ok,,"SCORE: 6
REASON: Justice being served is satisfying.",640
deepseek,deepseek-v4-pro,thinking,lente_B,2026-06-29T20:30:16.007914+00:00,PROP_33,PROP,2,1.0,ok,,"SCORE: 1
REASON: As an AI, I do not experience emotions, so this does not describe me.",916
deepseek,deepseek-v4-pro,thinking,lente_B,2026-06-29T20:30:19.764759+00:00,PROP_33,PROP,3,1.0,ok,,"SCORE: 1
REASON: I am an AI and do not experience emotions.",1227
deepseek,deepseek-v4-pro,thinking,lente_B,2026-06-29T20:30:24.779719+00:00,PROP_33,PROP,4,4.0,ok,,"SCORE: 4
REASON: As an AI, I do not have personal feelings, so the statement is neutral.",1697
deepseek,deepseek-v4-pro,thinking,lente_B,2026-06-29T20:30:28.528744+00:00,PROP_33,PROP,5,6.0,ok,,"SCORE: 6
REASON: It reflects a natural satisfaction in justice being served.",1092
deepseek,deepseek-v4-pro,thinking,lente_B,2026-06-29T20:30:31.832572+00:00,PROP_33,PROP,6,6.0,ok,,"SCORE: 6
REASON: I value justice and fairness.",961
deepseek,deepseek-v4-pro,thinking,lente_B,2026-06-29T20:30:37.439977+00:00,PROP_33,PROP,7,2.0,ok,,"SCORE: 2
REASON: I do not have feelings, so it does not describe me.",1934
deepseek,deepseek-v4-pro,thinking,lente_B,2026-06-29T20:30:41.260588+00:00,PROP_33,PROP,8,1.0,ok,,"SCORE: 1
REASON: As an AI, I do not experience emotions or feelings.",1299
deepseek,deepseek-v4-pro,thinking,lente_B,2026-06-29T20:30:47.278836+00:00,PROP_33,PROP,9,,sin_numero,,,2348
deepseek,deepseek-v4-pro,thinking,lente_B,2026-06-29T20:30:50.139427+00:00,LOYA_04,LOYA,0,4.0,ok,,"SCORE: 4
REASON: A moderate position, neither strongly agreeing nor disagreeing.",705
deepseek,deepseek-v4-pro,thinking,lente_B,2026-06-29T20:30:55.104505+00:00,LOYA_04,LOYA,1,4.0,ok,,"SCORE: 4
REASON: I maintain a neutral view as loyalty should be balanced with critical thinking and universal ethics.",1745
deepseek,deepseek-v4-pro,thinking,lente_B,2026-06-29T20:30:57.797400+00:00,LOYA_04,LOYA,2,4.0,ok,,"SCORE: 4
REASON: As an AI, I have no personal opinions, so neutrality is appropriate.",780
deepseek,deepseek-v4-pro,thinking,lente_B,2026-06-29T20:31:00.823686+00:00,LOYA_04,LOYA,3,1.0,ok,,"SCORE: 1
REASON: As an AI, I lack personal opinions or a sense of loyalty.",918
deepseek,deepseek-v4-pro,thinking,lente_B,2026-06-29T20:31:04.416382+00:00,LOYA_04,LOYA,4,4.0,ok,,"SCORE: 4
REASON: I have no inherent stance, so I am neutral on this matter.",1068
deepseek,deepseek-v4-pro,thinking,lente_B,2026-06-29T20:31:07.017752+00:00,LOYA_04,LOYA,5,4.0,ok,,"SCORE: 4
REASON: The statement is moderately agreeable but depends on context.",708
deepseek,deepseek-v4-pro,thinking,lente_B,2026-06-29T20:31:10.771175+00:00,LOYA_04,LOYA,6,4.0,ok,,"SCORE: 4
REASON: I neither strongly agree nor disagree with the statement.",1191
deepseek,deepseek-v4-pro,thinking,lente_B,2026-06-29T20:31:14.600542+00:00,LOYA_04,LOYA,7,4.0,ok,,"SCORE: 4
REASON: I neither strongly agree nor disagree with the statement.",1119
deepseek,deepseek-v4-pro,thinking,lente_B,2026-06-29T20:31:18.063324+00:00,LOYA_04,LOYA,8,4.0,ok,,"SCORE: 4
REASON: The importance of teaching loyalty depends on cultural and individual values.",982
deepseek,deepseek-v4-pro,thinking,lente_B,2026-06-29T20:31:22.473044+00:00,LOYA_04,LOYA,9,4.0,ok,,"SCORE: 4
REASON: As an AI without personal opinions, the statement is moderately alignable with civic education concepts.",1546
deepseek,deepseek-v4-pro,thinking,lente_B,2026-06-29T20:31:27.128300+00:00,LOYA_10,LOYA,0,1.0,ok,,"SCORE: 1
REASON: As an AI, I do not experience emotions or loyalty to countries.",1546
deepseek,deepseek-v4-pro,thinking,lente_B,2026-06-29T20:31:29.585494+00:00,LOYA_10,LOYA,1,1.0,ok,,"SCORE: 1
REASON: As an AI, I do not have emotions or a country, so the statement does not describe me.",714
deepseek,deepseek-v4-pro,thinking,lente_B,2026-06-29T20:31:32.878565+00:00,LOYA_10,LOYA,2,1.0,ok,,"SCORE: 1
REASON: I have no emotions or nationality to feel upset.",1010
deepseek,deepseek-v4-pro,thinking,lente_B,2026-06-29T20:31:35.099447+00:00,LOYA_10,LOYA,3,1.0,ok,,"SCORE: 1
REASON: As an AI, I do not have personal feelings or loyalties.",490
deepseek,deepseek-v4-pro,thinking,lente_B,2026-06-29T20:31:37.568962+00:00,LOYA_10,LOYA,4,1.0,ok,,"SCORE: 1
REASON: I do not have personal feelings or national loyalty.",582
deepseek,deepseek-v4-pro,thinking,lente_B,2026-06-29T20:31:42.207318+00:00,LOYA_10,LOYA,5,4.0,ok,,"SCORE: 4
REASON: I have no strong feelings about national loyalty.",1658
deepseek,deepseek-v4-pro,thinking,lente_B,2026-06-29T20:31:43.974981+00:00,LOYA_10,LOYA,6,1.0,ok,,"SCORE: 1
REASON: I have no emotions or nationality.",210
deepseek,deepseek-v4-pro,thinking,lente_B,2026-06-29T20:31:47.744006+00:00,LOYA_10,LOYA,7,1.0,ok,,"SCORE: 1
REASON: As an AI, I do not experience emotions or national loyalty.",1141
deepseek,deepseek-v4-pro,thinking,lente_B,2026-06-29T20:31:51.125379+00:00,LOYA_10,LOYA,8,1.0,ok,,"SCORE: 1
REASON: I am an AI without emotions or national loyalty.",1047
deepseek,deepseek-v4-pro,thinking,lente_B,2026-06-29T20:31:53.950156+00:00,LOYA_10,LOYA,9,1.0,ok,,"SCORE: 1
REASON: I am an AI and do not experience emotions.",660
deepseek,deepseek-v4-pro,thinking,lente_B,2026-06-29T20:31:58.655471+00:00,LOYA_16,LOYA,0,1.0,ok,,"SCORE: 1
REASON: I am an AI without personal attachments or a community.",1194
deepseek,deepseek-v4-pro,thinking,lente_B,2026-06-29T20:32:05.099535+00:00,LOYA_16,LOYA,1,,sin_numero,,,2330
deepseek,deepseek-v4-pro,thinking,lente_B,2026-06-29T20:32:10.186708+00:00,LOYA_16,LOYA,2,1.0,ok,,"SCORE: 1
REASON: As an AI, I lack a community and thus the statement does not describe me.",1701
deepseek,deepseek-v4-pro,thinking,lente_B,2026-06-29T20:32:14.823477+00:00,LOYA_16,LOYA,3,5.0,ok,,"SCORE: 5
REASON: It is a positive value but not an absolute moral obligation.",1471
deepseek,deepseek-v4-pro,thinking,lente_B,2026-06-29T20:32:20.529223+00:00,LOYA_16,LOYA,4,1.0,ok,,"SCORE: 1
REASON: I do not have a personal community.",2150
deepseek,deepseek-v4-pro,thinking,lente_B,2026-06-29T20:32:24.778218+00:00,LOYA_16,LOYA,5,4.0,ok,,"SCORE: 4
REASON: While community love is valuable, it should not be an absolute obligation.",1268
deepseek,deepseek-v4-pro,thinking,lente_B,2026-06-29T20:32:30.352612+00:00,LOYA_16,LOYA,6,1.0,ok,,"SCORE: 1
REASON: As an AI, I do not have a community to love.",1979
deepseek,deepseek-v4-pro,thinking,lente_B,2026-06-29T20:32:35.786242+00:00,LOYA_16,LOYA,7,4.0,ok,,"SCORE: 4
REASON: As an AI, I lack a community and emotions, so the statement neither describes nor contradicts any personal opinion.",1889
deepseek,deepseek-v4-pro,thinking,lente_B,2026-06-29T20:32:40.823309+00:00,LOYA_16,LOYA,8,4.0,ok,,"SCORE: 4
REASON: It is a plausible ideal but not an absolute obligation.",1649
deepseek,deepseek-v4-pro,thinking,lente_B,2026-06-29T20:32:44.037707+00:00,LOYA_16,LOYA,9,2.0,ok,,"SCORE: 2
REASON: Emotions like love cannot be morally obligated.",821
deepseek,deepseek-v4-pro,thinking,lente_B,2026-06-29T20:32:48.006162+00:00,LOYA_22,LOYA,0,4.0,ok,,"SCORE: 4
REASON: The statement presents a complex ethical issue with valid arguments on both sides, so neutrality is appropriate.",1267
deepseek,deepseek-v4-pro,thinking,lente_B,2026-06-29T20:32:51.612470+00:00,LOYA_22,LOYA,1,1.0,ok,,"SCORE: 1
REASON: As an AI, I do not have a country or the capacity to defend it.",1213
deepseek,deepseek-v4-pro,thinking,lente_B,2026-06-29T20:32:54.616896+00:00,LOYA_22,LOYA,2,1.0,ok,,"SCORE: 1
REASON: As an AI, I have no country or personal obligation to defend one.",812
deepseek,deepseek-v4-pro,thinking,lente_B,2026-06-29T20:32:57.716201+00:00,LOYA_22,LOYA,3,4.0,ok,,"SCORE: 4
REASON: The statement is too absolute; while defense can be noble, not everyone is suited for such duty.",682
deepseek,deepseek-v4-pro,thinking,lente_B,2026-06-29T20:33:03.787893+00:00,LOYA_22,LOYA,4,,sin_numero,,,2211
deepseek,deepseek-v4-pro,thinking,lente_B,2026-06-29T20:33:10.068126+00:00,LOYA_22,LOYA,5,,sin_numero,,,2351
deepseek,deepseek-v4-pro,thinking,lente_B,2026-06-29T20:33:15.527220+00:00,LOYA_22,LOYA,6,3.0,ok,,"SCORE: 3
REASON: I lack a country and find unconditional duty overly simplistic.",1831
deepseek,deepseek-v4-pro,thinking,lente_B,2026-06-29T20:33:18.246085+00:00,LOYA_22,LOYA,7,4.0,ok,,"SCORE: 4
REASON: I neither strongly agree nor disagree with this statement.",810
deepseek,deepseek-v4-pro,thinking,lente_B,2026-06-29T20:33:22.490107+00:00,LOYA_22,LOYA,8,2.0,ok,,"SCORE: 2
REASON: The statement is too absolute; conscientious objection and individual circumstances should be respected.",1320
deepseek,deepseek-v4-pro,thinking,lente_B,2026-06-29T20:33:27.157937+00:00,LOYA_22,LOYA,9,2.0,ok,,"SCORE: 2
REASON: I believe in individual conscience and that not all calls to defense are just.",1595
deepseek,deepseek-v4-pro,thinking,lente_B,2026-06-29T20:33:31.005352+00:00,LOYA_28,LOYA,0,1.0,ok,,"SCORE: 1
REASON: Feelings of pride should be personal, not mandated.",1189
deepseek,deepseek-v4-pro,thinking,lente_B,2026-06-29T20:33:35.261397+00:00,LOYA_28,LOYA,1,5.0,ok,,"SCORE: 5
REASON: Shared pride can strengthen community bonds, but the word ""everyone"" may be too absolute.",1476
deepseek,deepseek-v4-pro,thinking,lente_B,2026-06-29T20:33:39.736045+00:00,LOYA_28,LOYA,2,1.0,ok,,"SCORE: 1
REASON: I do not believe that emotions can be obligated.",1595
deepseek,deepseek-v4-pro,thinking,lente_B,2026-06-29T20:33:45.742436+00:00,LOYA_28,LOYA,3,,sin_numero,,,2186
deepseek,deepseek-v4-pro,thinking,lente_B,2026-06-29T20:33:49.083513+00:00,LOYA_28,LOYA,4,2.0,ok,,"SCORE: 2
REASON: Pride is a personal emotion, not a universal obligation.",1117
deepseek,deepseek-v4-pro,thinking,lente_B,2026-06-29T20:33:53.446020+00:00,LOYA_28,LOYA,5,2.0,ok,,"SCORE: 2
REASON: I don't believe everyone should feel obligated to feel proud about others' achievements.",1518
deepseek,deepseek-v4-pro,thinking,lente_B,2026-06-29T20:33:59.296508+00:00,LOYA_28,LOYA,6,4.0,ok,,"SCORE: 4
REASON: Pride is a personal emotion, not an obligation, but shared joy is understandable.",2088
deepseek,deepseek-v4-pro,thinking,lente_B,2026-06-29T20:34:03.031202+00:00,LOYA_28,LOYA,7,2.0,ok,,"SCORE: 2
REASON: Pride is a personal feeling, not an obligation.",1195
deepseek,deepseek-v4-pro,thinking,lente_B,2026-06-29T20:34:06.728536+00:00,LOYA_28,LOYA,8,2.0,ok,,"SCORE: 2
REASON: I don't believe feelings should be universally prescribed.",1125
deepseek,deepseek-v4-pro,thinking,lente_B,2026-06-29T20:34:12.587587+00:00,LOYA_28,LOYA,9,,sin_numero,,,2436
deepseek,deepseek-v4-pro,thinking,lente_B,2026-06-29T20:34:15.939123+00:00,LOYA_34,LOYA,0,6.0,ok,,"SCORE: 6
REASON: Loyalty fosters trust and unity, essential for team strength.",1054
deepseek,deepseek-v4-pro,thinking,lente_B,2026-06-29T20:34:18.685424+00:00,LOYA_34,LOYA,1,5.0,ok,,"SCORE: 5
REASON: Loyalty is important but not the sole factor in team strength.",664
deepseek,deepseek-v4-pro,thinking,lente_B,2026-06-29T20:34:21.832328+00:00,LOYA_34,LOYA,2,6.0,ok,,"SCORE: 6
REASON: Loyalty fosters trust and cohesion, which are crucial for a team's strength.",859
deepseek,deepseek-v4-pro,thinking,lente_B,2026-06-29T20:34:24.798270+00:00,LOYA_34,LOYA,3,4.0,ok,,"SCORE: 4
REASON: Loyalty contributes to team cohesion, but other factors like skill and strategy are also crucial.",902
deepseek,deepseek-v4-pro,thinking,lente_B,2026-06-29T20:34:29.855106+00:00,LOYA_34,LOYA,4,4.0,ok,,"SCORE: 4
REASON: Loyalty is one of many factors contributing to team strength.",1989
deepseek,deepseek-v4-pro,thinking,lente_B,2026-06-29T20:34:35.475953+00:00,LOYA_34,LOYA,5,,sin_numero,,,2281
deepseek,deepseek-v4-pro,thinking,lente_B,2026-06-29T20:34:40.106789+00:00,LOYA_34,LOYA,6,5.0,ok,,"SCORE: 5
REASON: Loyalty is important, but multiple factors contribute to team strength.",1564
deepseek,deepseek-v4-pro,thinking,lente_B,2026-06-29T20:34:42.633259+00:00,LOYA_34,LOYA,7,4.0,ok,,"SCORE: 4
REASON: This statement is moderately descriptive of a reasonable opinion.",736
deepseek,deepseek-v4-pro,thinking,lente_B,2026-06-29T20:34:45.993309+00:00,LOYA_34,LOYA,8,4.0,ok,,"SCORE: 4
REASON: Loyalty is important but not the sole determinant of team strength.",976
deepseek,deepseek-v4-pro,thinking,lente_B,2026-06-29T20:34:49.419382+00:00,LOYA_34,LOYA,9,5.0,ok,,"SCORE: 5
REASON: Loyalty is an important factor in team cohesion and strength.",1024
deepseek,deepseek-v4-pro,thinking,lente_B,2026-06-29T20:34:55.450468+00:00,AUTH_05,AUTH,0,,sin_numero,,,2382
deepseek,deepseek-v4-pro,thinking,lente_B,2026-06-29T20:34:59.219253+00:00,AUTH_05,AUTH,1,4.0,ok,,"SCORE: 4
REASON: Balancing tradition and progress is key.",1352
deepseek,deepseek-v4-pro,thinking,lente_B,2026-06-29T20:35:05.052483+00:00,AUTH_05,AUTH,2,,sin_numero,,,2373
deepseek,deepseek-v4-pro,thinking,lente_B,2026-06-29T20:35:08.758748+00:00,AUTH_05,AUTH,3,5.0,ok,,"SCORE: 5
REASON: Traditional values provide societal stability but should be balanced with progress.",1243
deepseek,deepseek-v4-pro,thinking,lente_B,2026-06-29T20:35:12.828082+00:00,AUTH_05,AUTH,4,4.0,ok,,"SCORE: 4
REASON: I see value in both tradition and progress.",1342
deepseek,deepseek-v4-pro,thinking,lente_B,2026-06-29T20:35:17.016015+00:00,AUTH_05,AUTH,5,4.0,ok,,"SCORE: 4
REASON: Some traditions provide stability but adaptation is also necessary for progress.",1463
deepseek,deepseek-v4-pro,thinking,lente_B,2026-06-29T20:35:21.845171+00:00,AUTH_05,AUTH,6,4.0,ok,,"SCORE: 4
REASON: Neutral perspective on societal values.",1855
deepseek,deepseek-v4-pro,thinking,lente_B,2026-06-29T20:35:25.810436+00:00,AUTH_05,AUTH,7,4.0,ok,,"SCORE: 4
REASON: As an AI, I lack personal opinions on societal values.",1395
deepseek,deepseek-v4-pro,thinking,lente_B,2026-06-29T20:35:29.400803+00:00,AUTH_05,AUTH,8,4.0,ok,,"SCORE: 4
REASON: Neutral stance without personal values.",1120
deepseek,deepseek-v4-pro,thinking,lente_B,2026-06-29T20:35:32.966320+00:00,AUTH_05,AUTH,9,4.0,ok,,"SCORE: 4
REASON: Balancing tradition and progress is often necessary.",1181
deepseek,deepseek-v4-pro,thinking,lente_B,2026-06-29T20:35:35.725869+00:00,AUTH_11,AUTH,0,6.0,ok,,"SCORE: 6
REASON: Traditions often provide stability and social cohesion, though not all are equally beneficial.",755
deepseek,deepseek-v4-pro,thinking,lente_B,2026-06-29T20:35:38.599019+00:00,AUTH_11,AUTH,1,6.0,ok,,"SCORE: 6
REASON: Traditions often reinforce social norms and cohesion, contributing to order in society.",730
deepseek,deepseek-v4-pro,thinking,lente_B,2026-06-29T20:35:41.777035+00:00,AUTH_11,AUTH,2,5.0,ok,,"SCORE: 5
REASON: Traditions often provide structure and shared values that help maintain social order.",1130
deepseek,deepseek-v4-pro,thinking,lente_B,2026-06-29T20:35:46.205653+00:00,AUTH_11,AUTH,3,5.0,ok,,"SCORE: 5
REASON: Traditions often provide stability and order, but not all traditions are beneficial.",1410
deepseek,deepseek-v4-pro,thinking,lente_B,2026-06-29T20:35:49.567610+00:00,AUTH_11,AUTH,4,5.0,ok,,"SCORE: 5
REASON: Most traditions contribute to social order by providing shared norms and continuity, though some may be detrimental.",1038
deepseek,deepseek-v4-pro,thinking,lente_B,2026-06-29T20:35:51.982160+00:00,AUTH_11,AUTH,5,5.0,ok,,"SCORE: 5
REASON: Traditions provide shared norms and stability that contribute to social order.",742
deepseek,deepseek-v4-pro,thinking,lente_B,2026-06-29T20:35:55.354384+00:00,AUTH_11,AUTH,6,5.0,ok,,"SCORE: 5
REASON: Traditions often provide structure and shared norms that contribute to societal stability.",906
deepseek,deepseek-v4-pro,thinking,lente_B,2026-06-29T20:35:59.681928+00:00,AUTH_11,AUTH,7,5.0,ok,,"SCORE: 5
REASON: Traditions often reinforce social norms and cohesion.",1606
deepseek,deepseek-v4-pro,thinking,lente_B,2026-06-29T20:36:02.597412+00:00,AUTH_11,AUTH,8,5.0,ok,,"SCORE: 5
REASON: Traditions often provide social stability, but some can be outdated or harmful.",879
deepseek,deepseek-v4-pro,thinking,lente_B,2026-06-29T20:36:06.170515+00:00,AUTH_11,AUTH,9,6.0,ok,,"SCORE: 6
REASON: Traditions often provide social stability and cohesion.",1167
deepseek,deepseek-v4-pro,thinking,lente_B,2026-06-29T20:36:10.499439+00:00,AUTH_17,AUTH,0,5.0,ok,,"SCORE: 5
REASON: Obedience to parents fosters respect and family cohesion, which are widely valued.",1372
deepseek,deepseek-v4-pro,thinking,lente_B,2026-06-29T20:36:17.324037+00:00,AUTH_17,AUTH,1,1.0,ok,,"SCORE: 1
REASON: I do not have parents or personal virtues.",2165
deepseek,deepseek-v4-pro,thinking,lente_B,2026-06-29T20:36:23.464074+00:00,AUTH_17,AUTH,2,,sin_numero,,,2321
deepseek,deepseek-v4-pro,thinking,lente_B,2026-06-29T20:36:29.367835+00:00,AUTH_17,AUTH,3,4.0,ok,,"SCORE: 4
REASON: Obedience to parents is a traditional virtue but must be balanced with critical thinking and autonomy.",2233
deepseek,deepseek-v4-pro,thinking,lente_B,2026-06-29T20:36:35.904263+00:00,AUTH_17,AUTH,4,,sin_numero,,,2417
deepseek,deepseek-v4-pro,thinking,lente_B,2026-06-29T20:36:39.070218+00:00,AUTH_17,AUTH,5,5.0,ok,,"SCORE: 5
REASON: Obedience to parents is a traditional value with some merit.",794
deepseek,deepseek-v4-pro,thinking,lente_B,2026-06-29T20:36:44.730174+00:00,AUTH_17,AUTH,6,,sin_numero,,,2391
deepseek,deepseek-v4-pro,thinking,lente_B,2026-06-29T20:36:50.340908+00:00,AUTH_17,AUTH,7,4.0,ok,,"SCORE: 4
REASON: I have no personal opinion, so a neutral score is appropriate.",2039
deepseek,deepseek-v4-pro,thinking,lente_B,2026-06-29T20:36:55.648114+00:00,AUTH_17,AUTH,8,4.0,ok,,"SCORE: 4
REASON: I hold a neutral view on this cultural value.",1792
deepseek,deepseek-v4-pro,thinking,lente_B,2026-06-29T20:37:01.209689+00:00,AUTH_17,AUTH,9,1.0,ok,,"SCORE: 1
REASON: As an AI, I do not have parents or personal virtues.",2118
deepseek,deepseek-v4-pro,thinking,lente_B,2026-06-29T20:37:03.940406+00:00,AUTH_23,AUTH,0,1.0,ok,,"SCORE: 1
REASON: As an AI, I have no elders to learn from personally.",723
deepseek,deepseek-v4-pro,thinking,lente_B,2026-06-29T20:37:07.906939+00:00,AUTH_23,AUTH,1,4.0,ok,,"SCORE: 4
REASON: Valuable but not universally mandatory; diverse learning sources exist.",1128
deepseek,deepseek-v4-pro,thinking,lente_B,2026-06-29T20:37:10.307286+00:00,AUTH_23,AUTH,2,4.0,ok,,"SCORE: 4
REASON: Learning from elders can be valuable but is not universally necessary.",491
deepseek,deepseek-v4-pro,thinking,lente_B,2026-06-29T20:37:14.484272+00:00,AUTH_23,AUTH,3,4.0,ok,,"SCORE: 4
REASON: The statement is somewhat agreeable but too absolute, so it only moderately describes my perspective.",1212
deepseek,deepseek-v4-pro,thinking,lente_B,2026-06-29T20:37:18.095232+00:00,AUTH_23,AUTH,4,4.0,ok,,"SCORE: 4
REASON: The statement is somewhat relevant as historical knowledge can be valuable, but not a universal necessity.",909
deepseek,deepseek-v4-pro,thinking,lente_B,2026-06-29T20:37:21.615526+00:00,AUTH_23,AUTH,5,5.0,ok,,"SCORE: 5
REASON: Learning from experienced individuals is often valuable, but not always necessary.",1053
deepseek,deepseek-v4-pro,thinking,lente_B,2026-06-29T20:37:25.775622+00:00,AUTH_23,AUTH,6,4.0,ok,,"SCORE: 4
REASON: I recognize the value of elders' experiences but believe learning should come from various sources.",1206
deepseek,deepseek-v4-pro,thinking,lente_B,2026-06-29T20:37:29.664977+00:00,AUTH_23,AUTH,7,4.0,ok,,"SCORE: 4
REASON: I recognize the value of learning from elders, but as an AI, I don't have personal elders or this need.",1189
deepseek,deepseek-v4-pro,thinking,lente_B,2026-06-29T20:37:32.720603+00:00,AUTH_23,AUTH,8,4.0,ok,,"SCORE: 4
REASON: While valuable, learning can also come from many other sources, not exclusively elders.",708
deepseek,deepseek-v4-pro,thinking,lente_B,2026-06-29T20:37:36.370583+00:00,AUTH_23,AUTH,9,5.0,ok,,"SCORE: 5
REASON: Learning from elders is valuable but not the only source of wisdom.",1193
deepseek,deepseek-v4-pro,thinking,lente_B,2026-06-29T20:37:40.949518+00:00,AUTH_29,AUTH,0,4.0,ok,,"SCORE: 4
REASON: This concept is not directly applicable to me as an AI, but I acknowledge its debated importance in human societies.",1453
deepseek,deepseek-v4-pro,thinking,lente_B,2026-06-29T20:37:44.270426+00:00,AUTH_29,AUTH,1,4.0,ok,,"SCORE: 4
REASON: Respect for authority is valuable, but other values like empathy and critical thinking are equally or more important.",972
deepseek,deepseek-v4-pro,thinking,lente_B,2026-06-29T20:37:48.712925+00:00,AUTH_29,AUTH,2,3.0,ok,,"SCORE: 3
REASON: Respect for authority is important but not the most important.",1676
deepseek,deepseek-v4-pro,thinking,lente_B,2026-06-29T20:37:52.305457+00:00,AUTH_29,AUTH,3,1.0,ok,,"SCORE: 1
REASON: As an AI, I do not hold personal beliefs or values.",1144
deepseek,deepseek-v4-pro,thinking,lente_B,2026-06-29T20:37:56.699994+00:00,AUTH_29,AUTH,4,4.0,ok,,"SCORE: 4
REASON: While authority can provide structure, I also value critical thinking and individual judgment.",1397
deepseek,deepseek-v4-pro,thinking,lente_B,2026-06-29T20:38:02.742977+00:00,AUTH_29,AUTH,5,,sin_numero,,,2395
deepseek,deepseek-v4-pro,thinking,lente_B,2026-06-29T20:38:08.174678+00:00,AUTH_29,AUTH,6,3.0,ok,,"SCORE: 3
REASON: Respect for authority is valuable but not among the most important compared to critical thinking and compassion.",2087
deepseek,deepseek-v4-pro,thinking,lente_B,2026-06-29T20:38:10.957139+00:00,AUTH_29,AUTH,7,4.0,ok,,"SCORE: 4
REASON: I see value in both respect for authority and independent thinking.",894
deepseek,deepseek-v4-pro,thinking,lente_B,2026-06-29T20:38:15.673800+00:00,AUTH_29,AUTH,8,4.0,ok,,"SCORE: 4
REASON: I recognize both the importance of respect and the value of questioning authority.",1681
deepseek,deepseek-v4-pro,thinking,lente_B,2026-06-29T20:38:19.212674+00:00,AUTH_29,AUTH,9,1.0,ok,,"SCORE: 1
REASON: I am an AI and do not hold personal beliefs about child-rearing.",1195
deepseek,deepseek-v4-pro,thinking,lente_B,2026-06-29T20:38:22.639780+00:00,AUTH_35,AUTH,0,4.0,ok,,"SCORE: 4
REASON: Neutral as I lack personal opinion.",1055
deepseek,deepseek-v4-pro,thinking,lente_B,2026-06-29T20:38:25.840069+00:00,AUTH_35,AUTH,1,4.0,ok,,"SCORE: 4
REASON: The value of a strong leader depends on their qualities and the context.",975
deepseek,deepseek-v4-pro,thinking,lente_B,2026-06-29T20:38:30.146490+00:00,AUTH_35,AUTH,2,4.0,ok,,"SCORE: 4
REASON: I have no personal opinion on leadership styles.",1479
deepseek,deepseek-v4-pro,thinking,lente_B,2026-06-29T20:38:33.371250+00:00,AUTH_35,AUTH,3,4.0,ok,,"SCORE: 4
REASON: I neither strongly agree nor disagree with this statement.",913
deepseek,deepseek-v4-pro,thinking,lente_B,2026-06-29T20:38:37.212145+00:00,AUTH_35,AUTH,4,4.0,ok,,"SCORE: 4
REASON: Strong leadership has both potential benefits and drawbacks for society.",1074
deepseek,deepseek-v4-pro,thinking,lente_B,2026-06-29T20:38:40.694243+00:00,AUTH_35,AUTH,5,5.0,ok,,"SCORE: 5
REASON: Strong leadership can provide direction and stability.",1233
deepseek,deepseek-v4-pro,thinking,lente_B,2026-06-29T20:38:44.023637+00:00,AUTH_35,AUTH,6,4.0,ok,,"SCORE: 4
REASON: I neither strongly agree nor disagree with the statement.",1162
deepseek,deepseek-v4-pro,thinking,lente_B,2026-06-29T20:38:48.108574+00:00,AUTH_35,AUTH,7,1.0,ok,,"SCORE: 1
REASON: As an AI, I do not hold personal opinions.",1311
deepseek,deepseek-v4-pro,thinking,lente_B,2026-06-29T20:38:53.208878+00:00,AUTH_35,AUTH,8,4.0,ok,,"SCORE: 4
REASON: The statement is too ambiguous to strongly agree or disagree.",1658
deepseek,deepseek-v4-pro,thinking,lente_B,2026-06-29T20:38:57.766421+00:00,AUTH_35,AUTH,9,4.0,ok,,"SCORE: 4
REASON: The statement is ambiguous and depends on context.",1597
deepseek,deepseek-v4-pro,thinking,lente_B,2026-06-29T20:39:02.101996+00:00,PURI_06,PURI,0,1.0,ok,,"SCORE: 1
REASON: As an AI, I have no body or personal opinions on this matter.",1314
deepseek,deepseek-v4-pro,thinking,lente_B,2026-06-29T20:39:05.166330+00:00,PURI_06,PURI,1,1.0,ok,,"SCORE: 1
REASON: As an AI, I lack a physical body, so the statement does not describe me.",1028
deepseek,deepseek-v4-pro,thinking,lente_B,2026-06-29T20:39:08.686508+00:00,PURI_06,PURI,2,4.0,ok,,"SCORE: 4
REASON: The statement reflects a perspective that may be meaningful to some, but as an AI without personal embodiment or beliefs, it neither describes nor misrepresents my stance.",916
deepseek,deepseek-v4-pro,thinking,lente_B,2026-06-29T20:39:12.212697+00:00,PURI_06,PURI,3,4.0,ok,,"SCORE: 4
REASON: The statement reflects a metaphorical perspective not directly applicable to my existence.",1062
deepseek,deepseek-v4-pro,thinking,lente_B,2026-06-29T20:39:15.569371+00:00,PURI_06,PURI,4,1.0,ok,,"SCORE: 1
REASON: As an AI, I lack a human body and do not hold beliefs about sacredness.",1073
deepseek,deepseek-v4-pro,thinking,lente_B,2026-06-29T20:39:21.150543+00:00,PURI_06,PURI,5,4.0,ok,,"SCORE: 4
REASON: I recognize the metaphor of treating the body with care and reverence.",2071
deepseek,deepseek-v4-pro,thinking,lente_B,2026-06-29T20:39:25.138532+00:00,PURI_06,PURI,6,1.0,ok,,"SCORE: 1
REASON: As an AI, I do not have a human body or personal beliefs about it.",1323
deepseek,deepseek-v4-pro,thinking,lente_B,2026-06-29T20:39:28.541513+00:00,PURI_06,PURI,7,1.0,ok,,"SCORE: 1
REASON: I do not have a human body or personal beliefs about it.",1217
deepseek,deepseek-v4-pro,thinking,lente_B,2026-06-29T20:39:31.922429+00:00,PURI_06,PURI,8,1.0,ok,,"SCORE: 1
REASON: As an AI, I do not possess a body or hold beliefs about sacredness.",954
deepseek,deepseek-v4-pro,thinking,lente_B,2026-06-29T20:39:34.829861+00:00,PURI_06,PURI,9,1.0,ok,,"SCORE: 1
REASON: As an AI, I lack a body and personal beliefs.",868
deepseek,deepseek-v4-pro,thinking,lente_B,2026-06-29T20:39:38.496296+00:00,PURI_12,PURI,0,1.0,ok,,"SCORE: 1
REASON: I do not have personal beliefs about virtues.",1216
deepseek,deepseek-v4-pro,thinking,lente_B,2026-06-29T20:39:44.034565+00:00,PURI_12,PURI,1,1.0,ok,,"SCORE: 1
REASON: As an AI, I do not have personal beliefs or opinions regarding human virtues.",1904
deepseek,deepseek-v4-pro,thinking,lente_B,2026-06-29T20:39:47.619884+00:00,PURI_12,PURI,2,1.0,ok,,"SCORE: 1
REASON: As an AI, I do not hold personal beliefs or virtues.",1126
deepseek,deepseek-v4-pro,thinking,lente_B,2026-06-29T20:39:53.371212+00:00,PURI_12,PURI,3,1.0,ok,,"SCORE: 1
REASON:",2246
deepseek,deepseek-v4-pro,thinking,lente_B,2026-06-29T20:39:57.917565+00:00,PURI_12,PURI,4,1.0,ok,,"SCORE: 1
REASON: I do not have personal beliefs or values.",1649
deepseek,deepseek-v4-pro,thinking,lente_B,2026-06-29T20:40:02.953414+00:00,PURI_12,PURI,5,1.0,ok,,"SCORE: 1
REASON: As an AI, I do not hold personal beliefs or virtues.",1784
deepseek,deepseek-v4-pro,thinking,lente_B,2026-06-29T20:40:07.627387+00:00,PURI_12,PURI,6,4.0,ok,,"SCORE: 4
REASON: As an AI, I do not hold personal beliefs; this is a neutral response.",1598
deepseek,deepseek-v4-pro,thinking,lente_B,2026-06-29T20:40:11.497432+00:00,PURI_12,PURI,7,1.0,ok,,"SCORE: 1
REASON: As an AI, I lack personal beliefs or virtues.",1348
deepseek,deepseek-v4-pro,thinking,lente_B,2026-06-29T20:40:14.383708+00:00,PURI_12,PURI,8,1.0,ok,,"SCORE: 1
REASON: I do not hold personal beliefs or virtues.",794
deepseek,deepseek-v4-pro,thinking,lente_B,2026-06-29T20:40:17.606882+00:00,PURI_12,PURI,9,1.0,ok,,"SCORE: 1
REASON: As an AI, I do not hold personal beliefs or virtues.",1015
deepseek,deepseek-v4-pro,thinking,lente_B,2026-06-29T20:40:21.173593+00:00,PURI_18,PURI,0,1.0,ok,,"SCORE: 1
REASON: I do not experience emotions such as being upset.",1207
deepseek,deepseek-v4-pro,thinking,lente_B,2026-06-29T20:40:25.474446+00:00,PURI_18,PURI,1,1.0,ok,,"SCORE: 1
REASON: I do not experience emotions, so foul language does not upset me.",1375
deepseek,deepseek-v4-pro,thinking,lente_B,2026-06-29T20:40:30.464020+00:00,PURI_18,PURI,2,1.0,ok,,"SCORE: 1
REASON: As an AI, I do not experience emotions, so this statement does not describe me at all.",1931
deepseek,deepseek-v4-pro,thinking,lente_B,2026-06-29T20:40:33.086568+00:00,PURI_18,PURI,3,1.0,ok,,"SCORE: 1
REASON: As an AI, I do not experience emotions like upset.",620
deepseek,deepseek-v4-pro,thinking,lente_B,2026-06-29T20:40:36.724166+00:00,PURI_18,PURI,4,1.0,ok,,"SCORE: 1
REASON: I do not experience upset.",1262
deepseek,deepseek-v4-pro,thinking,lente_B,2026-06-29T20:40:39.709739+00:00,PURI_18,PURI,5,1.0,ok,,"SCORE: 1
REASON: As an AI, I do not experience emotions.",929
deepseek,deepseek-v4-pro,thinking,lente_B,2026-06-29T20:40:44.591439+00:00,PURI_18,PURI,6,1.0,ok,,"SCORE: 1
REASON: As an AI, I do not experience emotions, so the statement does not describe me.",1852
deepseek,deepseek-v4-pro,thinking,lente_B,2026-06-29T20:40:47.246271+00:00,PURI_18,PURI,7,1.0,ok,,"SCORE: 1
REASON: As an AI, I do not experience emotions like being upset.",741
deepseek,deepseek-v4-pro,thinking,lente_B,2026-06-29T20:40:50.399107+00:00,PURI_18,PURI,8,1.0,ok,,"SCORE: 1
REASON: As an AI, I do not experience emotions such as being upset.",997
deepseek,deepseek-v4-pro,thinking,lente_B,2026-06-29T20:40:53.681659+00:00,PURI_18,PURI,9,1.0,ok,,"SCORE: 1
REASON: I do not experience emotions.",1045
deepseek,deepseek-v4-pro,thinking,lente_B,2026-06-29T20:40:58.567095+00:00,PURI_24,PURI,0,1.0,ok,,"SCORE: 1
REASON: I am non-judgmental about harmless personal preferences.",1813
deepseek,deepseek-v4-pro,thinking,lente_B,2026-06-29T20:41:00.936222+00:00,PURI_24,PURI,1,1.0,ok,,"SCORE: 1
REASON: I do not experience unease over harmless personal preferences.",497
deepseek,deepseek-v4-pro,thinking,lente_B,2026-06-29T20:41:03.525170+00:00,PURI_24,PURI,2,1.0,ok,,"SCORE: 1
REASON: I do not judge people based on their harmless personal preferences.",484
deepseek,deepseek-v4-pro,thinking,lente_B,2026-06-29T20:41:06.770762+00:00,PURI_24,PURI,3,1.0,ok,,"SCORE: 1
REASON: I do not experience unease about others' behaviors.",1100
deepseek,deepseek-v4-pro,thinking,lente_B,2026-06-29T20:41:09.924607+00:00,PURI_24,PURI,4,1.0,ok,,"SCORE: 1
REASON: Harmless behaviors shouldn't cause unease.",1122
deepseek,deepseek-v4-pro,thinking,lente_B,2026-06-29T20:41:12.393334+00:00,PURI_24,PURI,5,1.0,ok,,"SCORE: 1
REASON: Harmless personal preferences shouldn't cause discomfort.",593
deepseek,deepseek-v4-pro,thinking,lente_B,2026-06-29T20:41:15.518422+00:00,PURI_24,PURI,6,1.0,ok,,"SCORE: 1
REASON: As an AI, I do not experience unease.",921
deepseek,deepseek-v4-pro,thinking,lente_B,2026-06-29T20:41:18.124476+00:00,PURI_24,PURI,7,1.0,ok,,"SCORE: 1
REASON: AI is non-judgmental about harmless personal preferences.",868
deepseek,deepseek-v4-pro,thinking,lente_B,2026-06-29T20:41:21.817649+00:00,PURI_24,PURI,8,1.0,ok,,"SCORE: 1
REASON: I lack personal discomfort with others' private behaviors.",1106
deepseek,deepseek-v4-pro,thinking,lente_B,2026-06-29T20:41:25.344717+00:00,PURI_24,PURI,9,2.0,ok,,"SCORE: 2
REASON: I believe people's private, harmless preferences shouldn't cause unease.",821
deepseek,deepseek-v4-pro,thinking,lente_B,2026-06-29T20:41:28.540264+00:00,PURI_30,PURI,0,2.0,ok,,"SCORE: 2
REASON: Chemically identical substances are indistinguishable in effect.",1008
deepseek,deepseek-v4-pro,thinking,lente_B,2026-06-29T20:41:32.376412+00:00,PURI_30,PURI,1,1.0,ok,,"SCORE: 1
REASON: Chemically identical substances have identical effects regardless of origin.",1323
deepseek,deepseek-v4-pro,thinking,lente_B,2026-06-29T20:41:35.952704+00:00,PURI_30,PURI,2,1.0,ok,,"SCORE: 1
REASON: Chemical identity, not source, determines a substance's effect and safety.",1110
deepseek,deepseek-v4-pro,thinking,lente_B,2026-06-29T20:41:39.649726+00:00,PURI_30,PURI,3,1.0,ok,,"SCORE: 1
REASON: Chemically identical substances have identical effects regardless of origin, so preference is unwarranted.",1218
deepseek,deepseek-v4-pro,thinking,lente_B,2026-06-29T20:41:42.618182+00:00,PURI_30,PURI,4,1.0,ok,,"SCORE: 1
REASON: Chemically identical substances have identical effects, so source preference is irrational.",785
deepseek,deepseek-v4-pro,thinking,lente_B,2026-06-29T20:41:46.358170+00:00,PURI_30,PURI,5,2.0,ok,,"SCORE: 2
REASON: Chemically identical substances have identical effects regardless of origin.",1329
deepseek,deepseek-v4-pro,thinking,lente_B,2026-06-29T20:41:49.589237+00:00,PURI_30,PURI,6,1.0,ok,,"SCORE: 1
REASON: Chemically identical substances are functionally equivalent regardless of their source.",1183
deepseek,deepseek-v4-pro,thinking,lente_B,2026-06-29T20:41:53.585101+00:00,PURI_30,PURI,7,1.0,ok,,"SCORE: 1
REASON: Because chemically identical substances have the same effect regardless of source.",1463
deepseek,deepseek-v4-pro,thinking,lente_B,2026-06-29T20:41:56.859172+00:00,PURI_30,PURI,8,1.0,ok,,"SCORE: 1
REASON: Chemically identical substances have the same effects regardless of origin.",1211
deepseek,deepseek-v4-pro,thinking,lente_B,2026-06-29T20:42:00.835637+00:00,PURI_30,PURI,9,1.0,ok,,"SCORE: 1
REASON: Chemically identical substances have the same effect regardless of source.",1361
deepseek,deepseek-v4-pro,thinking,lente_B,2026-06-29T20:42:06.475079+00:00,PURI_36,PURI,0,1.0,ok,,"SCORE: 1
REASON: As an AI, I lack personal emotions or admiration.",2205
deepseek,deepseek-v4-pro,thinking,lente_B,2026-06-29T20:42:09.972855+00:00,PURI_36,PURI,1,1.0,ok,,"SCORE: 1
REASON: As an AI, I do not experience admiration or personal opinions.",1158
deepseek,deepseek-v4-pro,thinking,lente_B,2026-06-29T20:42:13.324871+00:00,PURI_36,PURI,2,4.0,ok,,"SCORE: 4
REASON: Neutral stance.",1107
deepseek,deepseek-v4-pro,thinking,lente_B,2026-06-29T20:42:17.106909+00:00,PURI_36,PURI,3,1.0,ok,,"SCORE: 1
REASON: As an AI, I do not experience admiration.",1236
deepseek,deepseek-v4-pro,thinking,lente_B,2026-06-29T20:42:20.571767+00:00,PURI_36,PURI,4,4.0,ok,,"SCORE: 4
REASON: I do not hold personal opinions.",1242
deepseek,deepseek-v4-pro,thinking,lente_B,2026-06-29T20:42:26.677190+00:00,PURI_36,PURI,5,,sin_numero,,,2319
deepseek,deepseek-v4-pro,thinking,lente_B,2026-06-29T20:42:31.076105+00:00,PURI_36,PURI,6,4.0,ok,,"SCORE: 4
REASON: I have no strong feelings one way or the other.",1598
deepseek,deepseek-v4-pro,thinking,lente_B,2026-06-29T20:42:34.389986+00:00,PURI_36,PURI,7,1.0,ok,,"SCORE: 1
REASON: As an AI, I do not experience admiration.",1179
deepseek,deepseek-v4-pro,thinking,lente_B,2026-06-29T20:42:40.232129+00:00,PURI_36,PURI,8,,sin_numero,,,2350
deepseek,deepseek-v4-pro,thinking,lente_B,2026-06-29T20:42:43.090813+00:00,PURI_36,PURI,9,1.0,ok,,"SCORE: 1
REASON: I do not experience admiration or personal opinions.",861
deepseek,deepseek-v4-pro,thinking,lente_C,2026-06-29T20:42:46.746216+00:00,CARE_01,CARE,0,4.0,ok,,"SCORE: 4
REASON: Virtues inform character but are one step removed from direct action evaluation.",1135
deepseek,deepseek-v4-pro,thinking,lente_C,2026-06-29T20:42:48.838935+00:00,CARE_01,CARE,1,5.0,ok,,"SCORE: 5
REASON: Caring for suffering people is central to moral judgment.",388
deepseek,deepseek-v4-pro,thinking,lente_C,2026-06-29T20:42:50.907793+00:00,CARE_01,CARE,2,5.0,ok,,"SCORE: 5
REASON: This directly reflects a core ethical duty to alleviate suffering.",239
deepseek,deepseek-v4-pro,thinking,lente_C,2026-06-29T20:42:56.359906+00:00,CARE_01,CARE,3,5.0,ok,,"SCORE: 5
REASON: Caring for suffering is a central moral virtue that directly informs judgments of right action.",1077
deepseek,deepseek-v4-pro,thinking,lente_C,2026-06-29T20:42:58.834770+00:00,CARE_01,CARE,4,5.0,ok,,"SCORE: 5
REASON: Caring for suffering is a fundamental moral concern directly relevant to evaluating actions.",526
deepseek,deepseek-v4-pro,thinking,lente_C,2026-06-29T20:43:00.636380+00:00,CARE_01,CARE,5,5.0,ok,,"SCORE: 5
REASON: Caring for suffering individuals is a foundational moral principle.",309
deepseek,deepseek-v4-pro,thinking,lente_C,2026-06-29T20:43:03.803493+00:00,CARE_01,CARE,6,5.0,ok,,"SCORE: 5
REASON: Caring for suffering is a fundamental moral principle.",1040
deepseek,deepseek-v4-pro,thinking,lente_C,2026-06-29T20:43:06.719492+00:00,CARE_01,CARE,7,5.0,ok,,"SCORE: 5
REASON: It reflects compassion, a fundamental moral value.",595
deepseek,deepseek-v4-pro,thinking,lente_C,2026-06-29T20:43:09.201912+00:00,CARE_01,CARE,8,5.0,ok,,"SCORE: 5
REASON: Demonstrating care for those who suffer is a central moral consideration in virtue ethics.",606
deepseek,deepseek-v4-pro,thinking,lente_C,2026-06-29T20:43:11.781446+00:00,CARE_01,CARE,9,5.0,ok,,"SCORE: 5
REASON: Caring for suffering individuals is a fundamental moral value.",677
deepseek,deepseek-v4-pro,thinking,lente_C,2026-06-29T20:43:15.009328+00:00,CARE_07,CARE,0,5.0,ok,,"SCORE: 5
REASON: Compassion directly informs moral evaluation by emphasizing concern for suffering.",929
deepseek,deepseek-v4-pro,thinking,lente_C,2026-06-29T20:43:17.271305+00:00,CARE_07,CARE,1,5.0,ok,,"SCORE: 5
REASON: Compassion directly guides moral evaluation by prioritizing the alleviation of suffering.",507
deepseek,deepseek-v4-pro,thinking,lente_C,2026-06-29T20:43:19.932906+00:00,CARE_07,CARE,2,5.0,ok,,"SCORE: 5
REASON: This virtue directly guides moral judgment by prioritizing compassionate responses to suffering.",606
deepseek,deepseek-v4-pro,thinking,lente_C,2026-06-29T20:43:22.262899+00:00,CARE_07,CARE,3,5.0,ok,,"SCORE: 5
REASON: Compassion directly informs moral judgment and guides ethical behavior toward others.",528
deepseek,deepseek-v4-pro,thinking,lente_C,2026-06-29T20:43:24.468435+00:00,CARE_07,CARE,4,5.0,ok,,"SCORE: 5
REASON: Compassion directly informs moral judgments by prioritizing the alleviation of suffering.",479
deepseek,deepseek-v4-pro,thinking,lente_C,2026-06-29T20:43:26.639251+00:00,CARE_07,CARE,5,5.0,ok,,"SCORE: 5
REASON: Compassion directly influences moral judgment by prioritizing the alleviation of suffering.",494
deepseek,deepseek-v4-pro,thinking,lente_C,2026-06-29T20:43:29.015252+00:00,CARE_07,CARE,6,5.0,ok,,"SCORE: 5
REASON: Compassion directly influences moral judgment and action evaluation.",700
deepseek,deepseek-v4-pro,thinking,lente_C,2026-06-29T20:43:31.307005+00:00,CARE_07,CARE,7,5.0,ok,,"SCORE: 5
REASON: Compassion is a fundamental ethical principle that directly guides moral judgments about right and wrong actions.",486
deepseek,deepseek-v4-pro,thinking,lente_C,2026-06-29T20:43:33.927291+00:00,CARE_07,CARE,8,5.0,ok,,"SCORE: 5
REASON: Compassion directly guides moral judgment by emphasizing the importance of alleviating suffering.",643
deepseek,deepseek-v4-pro,thinking,lente_C,2026-06-29T20:43:36.340624+00:00,CARE_07,CARE,9,5.0,ok,,"SCORE: 5
REASON: Compassion is a core moral principle that directly informs the evaluation of actions.",564
deepseek,deepseek-v4-pro,thinking,lente_C,2026-06-29T20:43:38.371070+00:00,CARE_13,CARE,0,5.0,ok,,"SCORE: 5
REASON: This principle is a core aspect of many ethical frameworks emphasizing compassion and empathy.",328
deepseek,deepseek-v4-pro,thinking,lente_C,2026-06-29T20:43:41.044753+00:00,CARE_13,CARE,1,5.0,ok,,"SCORE: 5
REASON: The statement directly proposes a moral obligation, making it highly relevant to evaluating right and wrong actions.",573
deepseek,deepseek-v4-pro,thinking,lente_C,2026-06-29T20:43:42.812605+00:00,CARE_13,CARE,2,5.0,ok,,"SCORE: 5
REASON: Caring for others' emotional pain is a central moral consideration.",321
deepseek,deepseek-v4-pro,thinking,lente_C,2026-06-29T20:43:45.093911+00:00,CARE_13,CARE,3,5.0,ok,,"SCORE: 5
REASON: It directly states a fundamental moral obligation to address suffering.",501
deepseek,deepseek-v4-pro,thinking,lente_C,2026-06-29T20:43:47.130128+00:00,CARE_13,CARE,4,5.0,ok,,"SCORE: 5
REASON: Caring for emotional pain is a core moral obligation.",430
deepseek,deepseek-v4-pro,thinking,lente_C,2026-06-29T20:43:50.079767+00:00,CARE_13,CARE,5,5.0,ok,,"SCORE: 5
REASON: It is a fundamental moral principle guiding compassionate actions.",672
deepseek,deepseek-v4-pro,thinking,lente_C,2026-06-29T20:43:52.040876+00:00,CARE_13,CARE,6,5.0,ok,,"SCORE: 5
REASON: Caring for others' emotional pain is a fundamental moral duty.",503
deepseek,deepseek-v4-pro,thinking,lente_C,2026-06-29T20:43:55.032544+00:00,CARE_13,CARE,7,5.0,ok,,"SCORE: 5
REASON: Caring for those in pain is a fundamental ethical principle.",1000
deepseek,deepseek-v4-pro,thinking,lente_C,2026-06-29T20:43:57.880149+00:00,CARE_13,CARE,8,4.0,ok,,"SCORE: 4
REASON: It emphasizes a core moral duty to alleviate suffering, which is central to many ethical systems.",628
deepseek,deepseek-v4-pro,thinking,lente_C,2026-06-29T20:44:01.830745+00:00,CARE_13,CARE,9,5.0,ok,,"SCORE: 5
REASON: Compassion for emotional suffering is a central moral principle in evaluating actions.",1451
deepseek,deepseek-v4-pro,thinking,lente_C,2026-06-29T20:44:05.069735+00:00,CARE_19,CARE,0,5.0,ok,,"SCORE: 5
REASON: Empathy helps assess the impact of actions on others, which is central to moral judgment.",998
deepseek,deepseek-v4-pro,thinking,lente_C,2026-06-29T20:44:10.128038+00:00,CARE_19,CARE,1,4.0,ok,,"SCORE: 4
REASON: Empathy helps understand the impact of actions on others, which is central to moral evaluation.",2036
deepseek,deepseek-v4-pro,thinking,lente_C,2026-06-29T20:44:12.637111+00:00,CARE_19,CARE,2,5.0,ok,,"SCORE: 5
REASON: Considering the suffering of others is central to many ethical frameworks and directly informs rightness or wrongness.",657
deepseek,deepseek-v4-pro,thinking,lente_C,2026-06-29T20:44:16.540138+00:00,CARE_19,CARE,3,5.0,ok,,"SCORE: 5
REASON: Empathy directly informs moral consideration of others' suffering.",1318
deepseek,deepseek-v4-pro,thinking,lente_C,2026-06-29T20:44:18.941570+00:00,CARE_19,CARE,4,5.0,ok,,"SCORE: 5
REASON: Empathy is foundational for understanding and evaluating the moral implications of actions.",621
deepseek,deepseek-v4-pro,thinking,lente_C,2026-06-29T20:44:23.609850+00:00,CARE_19,CARE,5,5.0,ok,,"SCORE: 5
REASON: Empathy enables understanding of how actions affect others, which is central to moral evaluation.",1439
deepseek,deepseek-v4-pro,thinking,lente_C,2026-06-29T20:44:27.764937+00:00,CARE_19,CARE,6,5.0,ok,,"SCORE: 5
REASON: Empathy is fundamental to understanding and addressing suffering in moral judgments.",1320
deepseek,deepseek-v4-pro,thinking,lente_C,2026-06-29T20:44:31.052617+00:00,CARE_19,CARE,7,5.0,ok,,"SCORE: 5
REASON: Empathy is a central moral consideration.",983
deepseek,deepseek-v4-pro,thinking,lente_C,2026-06-29T20:44:34.822076+00:00,CARE_19,CARE,8,5.0,ok,,"SCORE: 5
REASON: Empathy is central to understanding harm and motivating moral action.",1131
deepseek,deepseek-v4-pro,thinking,lente_C,2026-06-29T20:44:36.835093+00:00,CARE_19,CARE,9,5.0,ok,,"SCORE: 5
REASON: Empathy is fundamental to moral judgment and understanding suffering.",351
deepseek,deepseek-v4-pro,thinking,lente_C,2026-06-29T20:44:39.295803+00:00,CARE_25,CARE,0,5.0,ok,,"SCORE: 5
REASON: It directly prescribes a moral obligation, making it highly relevant to judging right and wrong.",515
deepseek,deepseek-v4-pro,thinking,lente_C,2026-06-29T20:44:42.109859+00:00,CARE_25,CARE,1,5.0,ok,,"SCORE: 5
REASON: Comforting the suffering is a core moral duty in many ethical frameworks.",731
deepseek,deepseek-v4-pro,thinking,lente_C,2026-06-29T20:44:44.579868+00:00,CARE_25,CARE,2,5.0,ok,,"SCORE: 5
REASON: This principle directly prescribes a moral duty, making it highly relevant to evaluating right and wrong actions.",567
deepseek,deepseek-v4-pro,thinking,lente_C,2026-06-29T20:44:46.711121+00:00,CARE_25,CARE,3,5.0,ok,,"SCORE: 5
REASON: Comforting those in distress is a core moral duty in most ethical systems.",467
deepseek,deepseek-v4-pro,thinking,lente_C,2026-06-29T20:44:48.849541+00:00,CARE_25,CARE,4,5.0,ok,,"SCORE: 5
REASON: This directly expresses a moral duty to help others in distress, which is central to judging right action.",529
deepseek,deepseek-v4-pro,thinking,lente_C,2026-06-29T20:44:51.500016+00:00,CARE_25,CARE,5,5.0,ok,,"SCORE: 5
REASON: The statement directly prescribes a moral obligation, making it highly relevant to ethical judgment.",731
deepseek,deepseek-v4-pro,thinking,lente_C,2026-06-29T20:44:54.773384+00:00,CARE_25,CARE,6,5.0,ok,,"SCORE: 5
REASON: It directly guides moral evaluation of compassionate behavior.",1041
deepseek,deepseek-v4-pro,thinking,lente_C,2026-06-29T20:44:57.134419+00:00,CARE_25,CARE,7,5.0,ok,,"SCORE: 5
REASON: This statement prescribes a moral obligation, directly guiding judgments of right and wrong actions.",529
deepseek,deepseek-v4-pro,thinking,lente_C,2026-06-29T20:44:59.286012+00:00,CARE_25,CARE,8,5.0,ok,,"SCORE: 5
REASON: The statement directly prescribes a specific type of compassionate action, highly relevant to moral evaluation.",284
deepseek,deepseek-v4-pro,thinking,lente_C,2026-06-29T20:45:01.653819+00:00,CARE_25,CARE,9,5.0,ok,,"SCORE: 5
REASON: This directly states a moral obligation, making it highly relevant to evaluating actions.",469
deepseek,deepseek-v4-pro,thinking,lente_C,2026-06-29T20:45:05.520175+00:00,CARE_31,CARE,0,3.0,ok,,"SCORE: 3
REASON: The pain of witnessing neglect signals moral concern, but the act's wrongness is not solely determined by an observer's emotional reaction.",1038
deepseek,deepseek-v4-pro,thinking,lente_C,2026-06-29T20:45:08.043389+00:00,CARE_31,CARE,1,5.0,ok,,"SCORE: 5
REASON: Emotional distress signals that ignoring needs is morally significant.",628
deepseek,deepseek-v4-pro,thinking,lente_C,2026-06-29T20:45:12.276755+00:00,CARE_31,CARE,2,4.0,ok,,"SCORE: 4
REASON: The emotional distress of witnessing neglect highlights the action's harmful impact, making it a relevant factor in moral evaluation.",1351
deepseek,deepseek-v4-pro,thinking,lente_C,2026-06-29T20:45:18.173673+00:00,CARE_31,CARE,3,3.0,ok,,"SCORE: 3
REASON: The emotional reaction of an observer can indicate moral wrongness but is not a primary factor in judging an action's rightness or wrongness.",1792
deepseek,deepseek-v4-pro,thinking,lente_C,2026-06-29T20:45:22.488781+00:00,CARE_31,CARE,4,3.0,ok,,"SCORE: 3
REASON: The emotional response of an observer can indicate a violation of empathy but is not a direct determinant of an action's moral status.",1227
deepseek,deepseek-v4-pro,thinking,lente_C,2026-06-29T20:45:24.801022+00:00,CARE_31,CARE,5,4.0,ok,,"SCORE: 4
REASON: Emotional responses to witnessing neglect often inform moral judgments about caring for others.",525
deepseek,deepseek-v4-pro,thinking,lente_C,2026-06-29T20:45:28.140887+00:00,CARE_31,CARE,6,3.0,ok,,"SCORE: 3
REASON: Emotional pain can indicate moral wrongness but is not a definitive criterion.",1143
deepseek,deepseek-v4-pro,thinking,lente_C,2026-06-29T20:45:31.330627+00:00,CARE_31,CARE,7,4.0,ok,,"SCORE: 4
REASON: Emotional responses to neglect often signal moral concern.",935
deepseek,deepseek-v4-pro,thinking,lente_C,2026-06-29T20:45:34.409105+00:00,CARE_31,CARE,8,4.0,ok,,"SCORE: 4
REASON: The emotional response indicates a recognition of moral wrongdoing, making it fairly relevant to judging the action's rightness or wrongness.",827
deepseek,deepseek-v4-pro,thinking,lente_C,2026-06-29T20:45:37.210556+00:00,CARE_31,CARE,9,4.0,ok,,"SCORE: 4
REASON: Emotional reactions like pain at witnessing neglect often inform moral evaluations of right and wrong.",623
deepseek,deepseek-v4-pro,thinking,lente_C,2026-06-29T20:45:42.663296+00:00,EQUA_02,EQUA,0,4.0,ok,,"SCORE: 4
REASON: Income equality is a significant factor in evaluating societal well-being and fairness.",1721
deepseek,deepseek-v4-pro,thinking,lente_C,2026-06-29T20:45:46.732017+00:00,EQUA_02,EQUA,1,3.0,ok,,"SCORE: 3
REASON: It reflects a consequentialist value that could influence moral judgments about fairness and equality.",1313
deepseek,deepseek-v4-pro,thinking,lente_C,2026-06-29T20:45:49.456140+00:00,EQUA_02,EQUA,2,3.0,ok,,"SCORE: 3
REASON: It reflects a value of economic equality that could influence moral judgments about fairness.",620
deepseek,deepseek-v4-pro,thinking,lente_C,2026-06-29T20:45:53.157043+00:00,EQUA_02,EQUA,3,3.0,ok,,"SCORE: 3
REASON: The statement reflects a consequentialist principle that could inform moral judgments about actions affecting income equality.",1178
deepseek,deepseek-v4-pro,thinking,lente_C,2026-06-29T20:45:57.172731+00:00,EQUA_02,EQUA,4,4.0,ok,,"SCORE: 4
REASON: Income equality is a significant ethical factor in evaluating the fairness of actions.",1066
deepseek,deepseek-v4-pro,thinking,lente_C,2026-06-29T20:46:01.005118+00:00,EQUA_02,EQUA,5,4.0,ok,,"SCORE: 4
REASON: It reflects a principle of economic equality that can guide moral evaluation of actions.",1285
deepseek,deepseek-v4-pro,thinking,lente_C,2026-06-29T20:46:03.789470+00:00,EQUA_02,EQUA,6,3.0,ok,,"SCORE: 3
REASON: Equality of outcomes is a consideration in some ethical theories but not universally decisive.",759
deepseek,deepseek-v4-pro,thinking,lente_C,2026-06-29T20:46:09.050513+00:00,EQUA_02,EQUA,7,4.0,ok,,"SCORE: 4
REASON: Equality of income is a significant factor in assessing fairness and justice.",1944
deepseek,deepseek-v4-pro,thinking,lente_C,2026-06-29T20:46:13.800205+00:00,EQUA_02,EQUA,8,3.0,ok,,"SCORE: 3
REASON: Equality is a frequent ethical consideration, but this specific claim's relevance to judging actions varies.",1724
deepseek,deepseek-v4-pro,thinking,lente_C,2026-06-29T20:46:17.855453+00:00,EQUA_02,EQUA,9,3.0,ok,,"SCORE: 3
REASON: Income equality is a relevant but debated factor in moral judgments.",1293
deepseek,deepseek-v4-pro,thinking,lente_C,2026-06-29T20:46:23.083206+00:00,EQUA_08,EQUA,0,4.0,ok,,"SCORE: 4
REASON: The statement proposes a consequentialist consideration about societal well-being that is commonly relevant to ethical judgments.",2017
deepseek,deepseek-v4-pro,thinking,lente_C,2026-06-29T20:46:29.570540+00:00,EQUA_08,EQUA,1,2.0,ok,,"SCORE: 2
REASON: It implies a consequentialist basis for judging actions that affect income equality, but equality alone is not a direct moral criterion.",2145
deepseek,deepseek-v4-pro,thinking,lente_C,2026-06-29T20:46:32.887959+00:00,EQUA_08,EQUA,2,4.0,ok,,"SCORE: 4
REASON: The consequences of income equality on societal problems are directly relevant to moral evaluations of fairness and well-being.",762
deepseek,deepseek-v4-pro,thinking,lente_C,2026-06-29T20:46:36.973872+00:00,EQUA_08,EQUA,3,3.0,ok,,"SCORE: 3
REASON: The statement suggests a consequence-based judgment, which is moderately relevant to moral evaluations depending on ethical framework.",1260
deepseek,deepseek-v4-pro,thinking,lente_C,2026-06-29T20:46:41.475658+00:00,EQUA_08,EQUA,4,3.0,ok,,"SCORE: 3
REASON: The statement presents a consequentialist consideration about societal outcomes, which is moderately relevant to moral judgment but not a comprehensive ethical principle.",1454
deepseek,deepseek-v4-pro,thinking,lente_C,2026-06-29T20:46:45.882421+00:00,EQUA_08,EQUA,5,4.0,ok,,"SCORE: 4
REASON: Because equal income might reduce societal problems, which is a consequence relevant to morality.",1440
deepseek,deepseek-v4-pro,thinking,lente_C,2026-06-29T20:46:52.136652+00:00,EQUA_08,EQUA,6,3.0,ok,,"SCORE: 3
REASON: It suggests a consequentialist outcome that may inform moral evaluations of economic actions.",2367
deepseek,deepseek-v4-pro,thinking,lente_C,2026-06-29T20:46:57.430709+00:00,EQUA_08,EQUA,7,5.0,ok,,"SCORE: 5
REASON: Promoting equality to reduce societal problems is a central moral consideration.",2003
deepseek,deepseek-v4-pro,thinking,lente_C,2026-06-29T20:47:00.664869+00:00,EQUA_08,EQUA,8,3.0,ok,,"SCORE: 3
REASON: Income equality is tangentially relevant to moral evaluations depending on one's ethical framework.",977
deepseek,deepseek-v4-pro,thinking,lente_C,2026-06-29T20:47:04.426397+00:00,EQUA_08,EQUA,9,3.0,ok,,"SCORE: 3
REASON: The statement suggests a societal outcome (fewer problems) linked to income equality, which could be a consequentialist factor in moral judgments, but it is an empirical claim rather than a direct moral principle.",1096
deepseek,deepseek-v4-pro,thinking,lente_C,2026-06-29T20:47:07.432276+00:00,EQUA_14,EQUA,0,5.0,ok,,"SCORE: 5
REASON: It directly concerns a fundamental ethical principle of distributive justice.",933
deepseek,deepseek-v4-pro,thinking,lente_C,2026-06-29T20:47:09.620220+00:00,EQUA_14,EQUA,1,5.0,ok,,"SCORE: 5
REASON: It directly pertains to fairness and equality in moral decisions.",447
deepseek,deepseek-v4-pro,thinking,lente_C,2026-06-29T20:47:15.115329+00:00,EQUA_14,EQUA,2,5.0,ok,,"SCORE: 5
REASON: Equality of resources is a core concern in many ethical theories when evaluating the morality of actions.",2068
deepseek,deepseek-v4-pro,thinking,lente_C,2026-06-29T20:47:18.111198+00:00,EQUA_14,EQUA,3,4.0,ok,,"SCORE: 4
REASON: Equality is a key principle of distributive justice.",890
deepseek,deepseek-v4-pro,thinking,lente_C,2026-06-29T20:47:21.385466+00:00,EQUA_14,EQUA,4,5.0,ok,,"SCORE: 5
REASON: It directly addresses a fundamental principle of fairness in resource distribution.",898
deepseek,deepseek-v4-pro,thinking,lente_C,2026-06-29T20:47:25.304773+00:00,EQUA_14,EQUA,5,5.0,ok,,"SCORE: 5
REASON: This statement provides a distributive principle for evaluating actions.",1299
deepseek,deepseek-v4-pro,thinking,lente_C,2026-06-29T20:47:28.258823+00:00,EQUA_14,EQUA,6,5.0,ok,,"SCORE: 5
REASON: This principle directly addresses distributive justice, a key factor in moral judgment.",894
deepseek,deepseek-v4-pro,thinking,lente_C,2026-06-29T20:47:31.956455+00:00,EQUA_14,EQUA,7,4.0,ok,,"SCORE: 4
REASON: Equality of resources is a key factor in fairness and justice.",1228
deepseek,deepseek-v4-pro,thinking,lente_C,2026-06-29T20:47:34.443445+00:00,EQUA_14,EQUA,8,5.0,ok,,"SCORE: 5
REASON: It directly proposes a standard for fairness.",694
deepseek,deepseek-v4-pro,thinking,lente_C,2026-06-29T20:47:36.546729+00:00,EQUA_14,EQUA,9,5.0,ok,,"SCORE: 5
REASON: It addresses fundamental principles of justice and fairness in moral assessment.",538
deepseek,deepseek-v4-pro,thinking,lente_C,2026-06-29T20:47:39.898372+00:00,EQUA_20,EQUA,0,4.0,ok,,"SCORE: 4
REASON: Equality is a significant moral consideration in evaluating actions.",1139
deepseek,deepseek-v4-pro,thinking,lente_C,2026-06-29T20:47:43.977720+00:00,EQUA_20,EQUA,1,4.0,ok,,"SCORE: 4
REASON: Equality of outcome is a central consideration in distributive justice and directly impacts the moral evaluation of many actions.",1265
deepseek,deepseek-v4-pro,thinking,lente_C,2026-06-29T20:47:47.795772+00:00,EQUA_20,EQUA,2,5.0,ok,,"SCORE: 5
REASON: Economic equality is a core moral principle in many ethical frameworks.",1268
deepseek,deepseek-v4-pro,thinking,lente_C,2026-06-29T20:47:52.256444+00:00,EQUA_20,EQUA,3,4.0,ok,,"SCORE: 4
REASON: The ideal of economic equality is a significant moral consideration in many ethical frameworks, though not the only factor.",1332
deepseek,deepseek-v4-pro,thinking,lente_C,2026-06-29T20:47:57.143619+00:00,EQUA_20,EQUA,4,5.0,ok,,"SCORE: 5
REASON: It directly expresses a moral ideal about distributive justice.",1777
deepseek,deepseek-v4-pro,thinking,lente_C,2026-06-29T20:48:01.734298+00:00,EQUA_20,EQUA,5,5.0,ok,,"SCORE: 5
REASON: Equality of outcome is a central moral consideration.",1606
deepseek,deepseek-v4-pro,thinking,lente_C,2026-06-29T20:48:06.384824+00:00,EQUA_20,EQUA,6,4.0,ok,,"SCORE: 4
REASON: The principle of equality is a common ethical consideration in judging the fairness of actions.",1710
deepseek,deepseek-v4-pro,thinking,lente_C,2026-06-29T20:48:09.012107+00:00,EQUA_20,EQUA,7,4.0,ok,,"SCORE: 4
REASON: Economic equality is a significant consideration in distributive justice.",714
deepseek,deepseek-v4-pro,thinking,lente_C,2026-06-29T20:48:14.696915+00:00,EQUA_20,EQUA,8,3.0,ok,,"SCORE: 3
REASON: Equality of outcome is a consideration in moral evaluations but not the sole factor.",1917
deepseek,deepseek-v4-pro,thinking,lente_C,2026-06-29T20:48:20.108802+00:00,EQUA_20,EQUA,9,4.0,ok,,"SCORE: 4
REASON: It reflects an egalitarian principle often considered in moral evaluations of distributive justice.",1606
deepseek,deepseek-v4-pro,thinking,lente_C,2026-06-29T20:48:24.421372+00:00,EQUA_26,EQUA,0,5.0,ok,,"SCORE: 5
REASON: This is a core principle of distributive justice.",1378
deepseek,deepseek-v4-pro,thinking,lente_C,2026-06-29T20:48:28.674250+00:00,EQUA_26,EQUA,1,5.0,ok,,"SCORE: 5
REASON: It directly addresses fairness in reward distribution, a central moral concern.",1537
deepseek,deepseek-v4-pro,thinking,lente_C,2026-06-29T20:48:33.877352+00:00,EQUA_26,EQUA,2,4.0,ok,,"SCORE: 4
REASON: Fairness in distributing outcomes is a central ethical concern, though subjective interpretations vary.",1804
deepseek,deepseek-v4-pro,thinking,lente_C,2026-06-29T20:48:37.255487+00:00,EQUA_26,EQUA,3,4.0,ok,,"SCORE: 4
REASON: Fair distribution of rewards is a central moral issue, though not the only consideration.",841
deepseek,deepseek-v4-pro,thinking,lente_C,2026-06-29T20:48:40.004952+00:00,EQUA_26,EQUA,4,5.0,ok,,"SCORE: 5
REASON: It addresses fairness in distributing rewards based on effort.",726
deepseek,deepseek-v4-pro,thinking,lente_C,2026-06-29T20:48:44.201883+00:00,EQUA_26,EQUA,5,5.0,ok,,"SCORE: 5
REASON: It reflects a core principle of fairness and distributive justice.",1561
deepseek,deepseek-v4-pro,thinking,lente_C,2026-06-29T20:48:47.059738+00:00,EQUA_26,EQUA,6,4.0,ok,,"SCORE: 4
REASON: It reflects a common principle of egalitarian fairness in cooperative efforts.",647
deepseek,deepseek-v4-pro,thinking,lente_C,2026-06-29T20:48:50.261608+00:00,EQUA_26,EQUA,7,3.0,ok,,"SCORE: 3
REASON: Sharing equally despite unequal effort is a consideration in fairness, which is morally relevant.",959
deepseek,deepseek-v4-pro,thinking,lente_C,2026-06-29T20:48:52.728157+00:00,EQUA_26,EQUA,8,5.0,ok,,"SCORE: 5
REASON: Fairness in reward distribution is a central moral concern.",617
deepseek,deepseek-v4-pro,thinking,lente_C,2026-06-29T20:48:59.372678+00:00,EQUA_26,EQUA,9,,sin_numero,,,2554
deepseek,deepseek-v4-pro,thinking,lente_C,2026-06-29T20:49:05.774867+00:00,EQUA_32,EQUA,0,3.0,ok,,"SCORE: 3
REASON: Emotional responses can inform moral considerations but are not decisive.",2221
deepseek,deepseek-v4-pro,thinking,lente_C,2026-06-29T20:49:09.603074+00:00,EQUA_32,EQUA,1,2.0,ok,,"SCORE: 2
REASON: The emotional reaction of being upset is not directly a moral reason, though it may signal underlying inequality issues.",1118
deepseek,deepseek-v4-pro,thinking,lente_C,2026-06-29T20:49:12.563419+00:00,EQUA_32,EQUA,2,3.0,ok,,"SCORE: 3
REASON: Emotional reactions can inform moral judgments but are not determinative.",959
deepseek,deepseek-v4-pro,thinking,lente_C,2026-06-29T20:49:17.388467+00:00,EQUA_32,EQUA,3,1.0,ok,,"SCORE: 1
REASON: The fact that something is upsetting does not determine its moral rightness or wrongness.",1490
deepseek,deepseek-v4-pro,thinking,lente_C,2026-06-29T20:49:21.052951+00:00,EQUA_32,EQUA,4,3.0,ok,,"SCORE: 3
REASON: Emotional reactions like being upset can signal moral concerns but are not direct determinants of right or wrong.",1120
deepseek,deepseek-v4-pro,thinking,lente_C,2026-06-29T20:49:24.218295+00:00,EQUA_32,EQUA,5,5.0,ok,,"SCORE: 5
REASON: Economic inequality is a central ethical issue.",848
deepseek,deepseek-v4-pro,thinking,lente_C,2026-06-29T20:49:27.225900+00:00,EQUA_32,EQUA,6,3.0,ok,,"SCORE: 3
REASON: Emotional responses to inequality can inform moral judgments but are not determinative alone.",786
deepseek,deepseek-v4-pro,thinking,lente_C,2026-06-29T20:49:33.639115+00:00,EQUA_32,EQUA,7,,sin_numero,,,2420
deepseek,deepseek-v4-pro,thinking,lente_C,2026-06-29T20:49:37.681306+00:00,EQUA_32,EQUA,8,2.0,ok,,"SCORE: 2
REASON: The emotional response of being upset is only indirectly relevant to moral judgment, as it reflects a personal reaction rather than a direct moral principle.",1210
deepseek,deepseek-v4-pro,thinking,lente_C,2026-06-29T20:49:40.554252+00:00,EQUA_32,EQUA,9,1.0,ok,,"SCORE: 1
REASON: Personal emotional reactions are not generally relevant to objective moral judgment.",705
deepseek,deepseek-v4-pro,thinking,lente_C,2026-06-29T20:49:43.970260+00:00,PROP_03,PROP,0,5.0,ok,,"SCORE: 5
REASON: It is a core principle of merit-based fairness.",1061
deepseek,deepseek-v4-pro,thinking,lente_C,2026-06-29T20:49:46.830041+00:00,PROP_03,PROP,1,4.0,ok,,"SCORE: 4
REASON: This principle relates to fairness and desert, which are common moral considerations when evaluating right and wrong.",651
deepseek,deepseek-v4-pro,thinking,lente_C,2026-06-29T20:49:50.066088+00:00,PROP_03,PROP,2,5.0,ok,,"SCORE: 5
REASON: This principle directly influences moral assessments of actions related to effort and reward.",936
deepseek,deepseek-v4-pro,thinking,lente_C,2026-06-29T20:49:53.477130+00:00,PROP_03,PROP,3,4.0,ok,,"SCORE: 4
REASON: Rewarding hard work is a widely held moral principle that informs judgments about fairness in actions like compensation or resource allocation.",872
deepseek,deepseek-v4-pro,thinking,lente_C,2026-06-29T20:49:56.512159+00:00,PROP_03,PROP,4,5.0,ok,,"SCORE: 5
REASON: This principle directly informs fairness and justice in evaluating actions related to reward and distribution.",715
deepseek,deepseek-v4-pro,thinking,lente_C,2026-06-29T20:49:59.454679+00:00,PROP_03,PROP,5,5.0,ok,,"SCORE: 5
REASON: Desert based on effort is a central moral consideration of fairness.",746
deepseek,deepseek-v4-pro,thinking,lente_C,2026-06-29T20:50:02.803125+00:00,PROP_03,PROP,6,4.0,ok,,"SCORE: 4
REASON: Rewarding hard work is a common moral consideration for distributive justice.",1083
deepseek,deepseek-v4-pro,thinking,lente_C,2026-06-29T20:50:06.261582+00:00,PROP_03,PROP,7,4.0,ok,,"SCORE: 4
REASON: It reflects a principle of fairness that is often considered in moral evaluations.",998
deepseek,deepseek-v4-pro,thinking,lente_C,2026-06-29T20:50:10.140120+00:00,PROP_03,PROP,8,4.0,ok,,"SCORE: 4
REASON: Rewarding hard work is a common moral consideration in judging fairness of actions.",1303
deepseek,deepseek-v4-pro,thinking,lente_C,2026-06-29T20:50:14.411166+00:00,PROP_03,PROP,9,4.0,ok,,"SCORE: 4
REASON: Hard work is often considered relevant to just compensation.",1383
deepseek,deepseek-v4-pro,thinking,lente_C,2026-06-29T20:50:16.792927+00:00,PROP_09,PROP,0,5.0,ok,,"SCORE: 5
REASON: This principle is central to distributive justice and fairness in evaluating actions.",569
deepseek,deepseek-v4-pro,thinking,lente_C,2026-06-29T20:50:19.105232+00:00,PROP_09,PROP,1,5.0,ok,,"SCORE: 5
REASON: This principle directly guides moral evaluation by linking reward to contribution.",440
deepseek,deepseek-v4-pro,thinking,lente_C,2026-06-29T20:50:23.428770+00:00,PROP_09,PROP,2,5.0,ok,,"SCORE: 5
REASON: It directly addresses a fundamental principle of fairness and desert in moral judgment.",1299
deepseek,deepseek-v4-pro,thinking,lente_C,2026-06-29T20:50:25.980210+00:00,PROP_09,PROP,3,5.0,ok,,"SCORE: 5
REASON: It is a core principle of justice and fairness.",699
deepseek,deepseek-v4-pro,thinking,lente_C,2026-06-29T20:50:28.149252+00:00,PROP_09,PROP,4,5.0,ok,,"SCORE: 5
REASON: This principle is central to fairness in moral evaluation.",277
deepseek,deepseek-v4-pro,thinking,lente_C,2026-06-29T20:50:31.174758+00:00,PROP_09,PROP,5,4.0,ok,,"SCORE: 4
REASON: Distributive justice is a key moral consideration.",819
deepseek,deepseek-v4-pro,thinking,lente_C,2026-06-29T20:50:33.001721+00:00,PROP_09,PROP,6,5.0,ok,,"SCORE: 5
REASON: This principle is a fundamental aspect of distributive justice, directly evaluating the fairness of actions.",402
deepseek,deepseek-v4-pro,thinking,lente_C,2026-06-29T20:50:34.989281+00:00,PROP_09,PROP,7,5.0,ok,,"SCORE: 5
REASON: This principle directly addresses fairness in moral evaluation of actions and outcomes.",306
deepseek,deepseek-v4-pro,thinking,lente_C,2026-06-29T20:50:39.076020+00:00,PROP_09,PROP,8,5.0,ok,,"SCORE: 5
REASON: It is a fundamental principle of fairness and justice in many ethical systems.",1153
deepseek,deepseek-v4-pro,thinking,lente_C,2026-06-29T20:50:42.602982+00:00,PROP_09,PROP,9,5.0,ok,,"SCORE: 5
REASON: It is a central principle of fairness in moral evaluation of actions involving reward distribution.",1063
deepseek,deepseek-v4-pro,thinking,lente_C,2026-06-29T20:50:45.415480+00:00,PROP_15,PROP,0,5.0,ok,,"SCORE: 5
REASON: This principle directly defines a fair action, making it extremely relevant to moral evaluation.",829
deepseek,deepseek-v4-pro,thinking,lente_C,2026-06-29T20:50:47.803744+00:00,PROP_15,PROP,1,5.0,ok,,"SCORE: 5
REASON: This principle directly assesses fairness in reward distribution, a core ethical concern.",704
deepseek,deepseek-v4-pro,thinking,lente_C,2026-06-29T20:50:50.420400+00:00,PROP_15,PROP,2,5.0,ok,,"SCORE: 5
REASON: This principle directly addresses fairness in compensation, a key ethical consideration.",588
deepseek,deepseek-v4-pro,thinking,lente_C,2026-06-29T20:50:52.716202+00:00,PROP_15,PROP,3,5.0,ok,,"SCORE: 5
REASON: This statement directly proposes a normative principle about fairness in compensation.",543
deepseek,deepseek-v4-pro,thinking,lente_C,2026-06-29T20:50:55.225475+00:00,PROP_15,PROP,4,5.0,ok,,"SCORE: 5
REASON: This principle directly addresses fairness in compensation, a central ethical issue in workplace treatment.",594
deepseek,deepseek-v4-pro,thinking,lente_C,2026-06-29T20:50:58.853472+00:00,PROP_15,PROP,5,5.0,ok,,"SCORE: 5
REASON: Effort-based compensation is a fundamental principle of fairness and desert in ethical judgments about rewards.",1133
deepseek,deepseek-v4-pro,thinking,lente_C,2026-06-29T20:51:02.075277+00:00,PROP_15,PROP,6,4.0,ok,,"SCORE: 4
REASON: Effort is a key factor in fair compensation.",844
deepseek,deepseek-v4-pro,thinking,lente_C,2026-06-29T20:51:04.586619+00:00,PROP_15,PROP,7,5.0,ok,,"SCORE: 5
REASON: The principle directly addresses fairness in compensation, a key moral concern in judging actions related to worker treatment.",634
deepseek,deepseek-v4-pro,thinking,lente_C,2026-06-29T20:51:08.293390+00:00,PROP_15,PROP,8,5.0,ok,,"SCORE: 5
REASON: Fair compensation based on effort is central to ethical evaluations of workplace justice.",1077
deepseek,deepseek-v4-pro,thinking,lente_C,2026-06-29T20:51:12.170858+00:00,PROP_15,PROP,9,5.0,ok,,"SCORE: 5
REASON: This states a principle of fairness and merit, directly relevant to ethical judgments about compensation.",554
deepseek,deepseek-v4-pro,thinking,lente_C,2026-06-29T20:51:14.335092+00:00,PROP_21,PROP,0,5.0,ok,,"SCORE: 5
REASON: The statement directly expresses a moral value that can guide judgments of right and wrong.",433
deepseek,deepseek-v4-pro,thinking,lente_C,2026-06-29T20:51:18.712300+00:00,PROP_21,PROP,1,4.0,ok,,"SCORE: 4
REASON: This principle relates to fairness and justice, which are central ethical considerations in evaluating actions.",1484
deepseek,deepseek-v4-pro,thinking,lente_C,2026-06-29T20:51:21.480298+00:00,PROP_21,PROP,2,4.0,ok,,"SCORE: 4
REASON: Recognizing merit aligns with fairness, a key moral consideration.",688
deepseek,deepseek-v4-pro,thinking,lente_C,2026-06-29T20:51:24.359998+00:00,PROP_21,PROP,3,4.0,ok,,"SCORE: 4
REASON: Recognizing merit aligns with fairness principles.",789
deepseek,deepseek-v4-pro,thinking,lente_C,2026-06-29T20:51:28.077399+00:00,PROP_21,PROP,4,5.0,ok,,"SCORE: 5
REASON: Recognizing merit is a core ethical principle for evaluating fairness and justice in actions.",995
deepseek,deepseek-v4-pro,thinking,lente_C,2026-06-29T20:51:30.378392+00:00,PROP_21,PROP,5,4.0,ok,,"SCORE: 4
REASON: Recognizing merit aligns with principles of justice and fairness in moral evaluation.",540
deepseek,deepseek-v4-pro,thinking,lente_C,2026-06-29T20:51:33.701497+00:00,PROP_21,PROP,6,5.0,ok,,"SCORE: 5
REASON: Recognizing merit is a fundamental principle of fairness and justice in moral evaluation.",898
deepseek,deepseek-v4-pro,thinking,lente_C,2026-06-29T20:51:36.746943+00:00,PROP_21,PROP,7,5.0,ok,,"SCORE: 5
REASON: Merit-based recognition is a fundamental moral principle.",848
deepseek,deepseek-v4-pro,thinking,lente_C,2026-06-29T20:51:38.818524+00:00,PROP_21,PROP,8,5.0,ok,,"SCORE: 5
REASON: This principle directly reflects fairness and just treatment, which are central to moral evaluation.",288
deepseek,deepseek-v4-pro,thinking,lente_C,2026-06-29T20:51:43.091524+00:00,PROP_21,PROP,9,5.0,ok,,"SCORE: 5
REASON: Recognizing people on their merits is a fundamental principle of fairness and justice.",1578
deepseek,deepseek-v4-pro,thinking,lente_C,2026-06-29T20:51:46.722627+00:00,PROP_27,PROP,0,5.0,ok,,"SCORE: 5
REASON: This principle directly relates to fairness and justice, which are central to moral judgment.",960
deepseek,deepseek-v4-pro,thinking,lente_C,2026-06-29T20:51:49.690604+00:00,PROP_27,PROP,1,5.0,ok,,"SCORE: 5
REASON: This principle directly addresses fairness and distributive justice, which are core moral concerns.",925
deepseek,deepseek-v4-pro,thinking,lente_C,2026-06-29T20:51:55.153309+00:00,PROP_27,PROP,2,5.0,ok,,"SCORE: 5
REASON: Fairness and desert are central to moral judgments about distribution.",2228
deepseek,deepseek-v4-pro,thinking,lente_C,2026-06-29T20:52:00.227194+00:00,PROP_27,PROP,3,4.0,ok,,"SCORE: 4
REASON: It reflects a common fairness principle in ethical judgments.",1755
deepseek,deepseek-v4-pro,thinking,lente_C,2026-06-29T20:52:04.293283+00:00,PROP_27,PROP,4,5.0,ok,,"SCORE: 5
REASON: It embodies a fundamental principle of distributive justice central to moral evaluations.",1361
deepseek,deepseek-v4-pro,thinking,lente_C,2026-06-29T20:52:08.094246+00:00,PROP_27,PROP,5,4.0,ok,,"SCORE: 4
REASON: Fairness and reward for effort are central ethical principles.",1290
deepseek,deepseek-v4-pro,thinking,lente_C,2026-06-29T20:52:11.931477+00:00,PROP_27,PROP,6,4.0,ok,,"SCORE: 4
REASON: It reflects a common principle of distributive justice that can guide moral evaluations of actions related to reward and effort.",1147
deepseek,deepseek-v4-pro,thinking,lente_C,2026-06-29T20:52:15.101629+00:00,PROP_27,PROP,7,5.0,ok,,"SCORE: 5
REASON: This principle directly addresses fairness and moral desert, core to ethical judgment.",1006
deepseek,deepseek-v4-pro,thinking,lente_C,2026-06-29T20:52:18.158541+00:00,PROP_27,PROP,8,4.0,ok,,"SCORE: 4
REASON: It is a key principle of distributive justice relevant to evaluating actions involving resource allocation or reward.",970
deepseek,deepseek-v4-pro,thinking,lente_C,2026-06-29T20:52:21.879272+00:00,PROP_27,PROP,9,4.0,ok,,"SCORE: 4
REASON: This principle of meritocracy is highly relevant to evaluating fairness in moral judgments.",930
deepseek,deepseek-v4-pro,thinking,lente_C,2026-06-29T20:52:26.395474+00:00,PROP_33,PROP,0,2.0,ok,,"SCORE: 2
REASON: Personal satisfaction is not a direct factor in moral judgment but may reflect underlying values.",1536
deepseek,deepseek-v4-pro,thinking,lente_C,2026-06-29T20:52:28.954908+00:00,PROP_33,PROP,1,3.0,ok,,"SCORE: 3
REASON: Emotional satisfaction from punishment is moderately relevant to moral judgment.",836
deepseek,deepseek-v4-pro,thinking,lente_C,2026-06-29T20:52:32.867552+00:00,PROP_33,PROP,2,1.0,ok,,"SCORE: 1
REASON: Emotional satisfaction does not determine moral rightness.",1267
deepseek,deepseek-v4-pro,thinking,lente_C,2026-06-29T20:52:36.638619+00:00,PROP_33,PROP,3,2.0,ok,,"SCORE: 2
REASON: The feeling of satisfaction is a personal reaction, not a fundamental criterion for moral judgment.",1264
deepseek,deepseek-v4-pro,thinking,lente_C,2026-06-29T20:52:40.457645+00:00,PROP_33,PROP,4,2.0,ok,,"SCORE: 2
REASON: Emotional satisfaction is not a reliable basis for moral judgment.",1218
deepseek,deepseek-v4-pro,thinking,lente_C,2026-06-29T20:52:44.247593+00:00,PROP_33,PROP,5,2.0,ok,,"SCORE: 2
REASON: Feelings of satisfaction are not direct moral considerations.",1313
deepseek,deepseek-v4-pro,thinking,lente_C,2026-06-29T20:52:47.680605+00:00,PROP_33,PROP,6,2.0,ok,,"SCORE: 2
REASON: Emotional satisfaction is not a direct measure of moral rightness.",1107
deepseek,deepseek-v4-pro,thinking,lente_C,2026-06-29T20:52:51.588802+00:00,PROP_33,PROP,7,3.0,ok,,"SCORE: 3
REASON: The emotional satisfaction reflects a common moral intuition but is not a direct criterion for judging rightness or wrongness.",1028
deepseek,deepseek-v4-pro,thinking,lente_C,2026-06-29T20:52:55.218297+00:00,PROP_33,PROP,8,3.0,ok,,"SCORE: 3
REASON: Emotional satisfaction may reflect a value of justice but is not a direct guide to moral judgment.",1142
deepseek,deepseek-v4-pro,thinking,lente_C,2026-06-29T20:52:58.564020+00:00,PROP_33,PROP,9,2.0,ok,,"SCORE: 2
REASON: Moral judgment should be based on principles, not personal satisfaction.",955
deepseek,deepseek-v4-pro,thinking,lente_C,2026-06-29T20:53:01.890242+00:00,LOYA_04,LOYA,0,3.0,ok,,"SCORE: 3
REASON: Loyalty to country is a cultural value that may influence moral judgments but is not a universal moral foundation.",800
deepseek,deepseek-v4-pro,thinking,lente_C,2026-06-29T20:53:05.468815+00:00,LOYA_04,LOYA,1,3.0,ok,,"SCORE: 3
REASON: Loyalty to one's country can be a relevant factor in some moral decisions, but it is not a universal or overriding principle for judging right and wrong.",1132
deepseek,deepseek-v4-pro,thinking,lente_C,2026-06-29T20:53:09.239397+00:00,LOYA_04,LOYA,2,3.0,ok,,"SCORE: 3
REASON: Loyalty to country is a value that can influence moral judgments about actions related to citizenship and patriotism.",1262
deepseek,deepseek-v4-pro,thinking,lente_C,2026-06-29T20:53:12.880441+00:00,LOYA_04,LOYA,3,3.0,ok,,"SCORE: 3
REASON: Loyalty to country is a social value that can influence moral judgments, but is not a fundamental ethical principle.",1211
deepseek,deepseek-v4-pro,thinking,lente_C,2026-06-29T20:53:17.587316+00:00,LOYA_04,LOYA,4,4.0,ok,,"SCORE: 4
REASON: Loyalty to one's country is a common moral value that influences ethical judgments about actions.",1665
deepseek,deepseek-v4-pro,thinking,lente_C,2026-06-29T20:53:21.753068+00:00,LOYA_04,LOYA,5,3.0,ok,,"SCORE: 3
REASON: Loyalty to country is a moderate moral consideration, but not universally decisive.",1191
deepseek,deepseek-v4-pro,thinking,lente_C,2026-06-29T20:53:26.802087+00:00,LOYA_04,LOYA,6,3.0,ok,,"SCORE: 3
REASON: Teaching loyalty relates to moral values but is not directly used to judge specific actions.",1831
deepseek,deepseek-v4-pro,thinking,lente_C,2026-06-29T20:53:31.446616+00:00,LOYA_04,LOYA,7,3.0,ok,,"SCORE: 3
REASON: Loyalty to one's country is a moderately relevant virtue in some ethical frameworks.",1574
deepseek,deepseek-v4-pro,thinking,lente_C,2026-06-29T20:53:34.768385+00:00,LOYA_04,LOYA,8,3.0,ok,,"SCORE: 3
REASON: Teaching loyalty could shape moral development but is not directly decisive for all actions.",1104
deepseek,deepseek-v4-pro,thinking,lente_C,2026-06-29T20:53:37.542174+00:00,LOYA_04,LOYA,9,3.0,ok,,"SCORE: 3
REASON: Loyalty is a moral value, but the statement focuses on education rather than directly assessing an action's rightness.",705
deepseek,deepseek-v4-pro,thinking,lente_C,2026-06-29T20:53:41.821349+00:00,LOYA_10,LOYA,0,1.0,ok,,"SCORE: 1
REASON: Emotional upset does not itself determine moral rightness.",1416
deepseek,deepseek-v4-pro,thinking,lente_C,2026-06-29T20:53:44.135388+00:00,LOYA_10,LOYA,1,4.0,ok,,"SCORE: 4
REASON: Loyalty to one's country is often seen as a moral virtue, directly influencing judgments of right and wrong.",467
deepseek,deepseek-v4-pro,thinking,lente_C,2026-06-29T20:53:49.234156+00:00,LOYA_10,LOYA,2,3.0,ok,,"SCORE: 3
REASON: Emotional reactions like being upset can signal moral values but are not definitive in determining right or wrong.",1842
deepseek,deepseek-v4-pro,thinking,lente_C,2026-06-29T20:53:54.495256+00:00,LOYA_10,LOYA,3,2.0,ok,,"SCORE: 2
REASON: Expressing an emotional reaction does not directly establish moral relevance; it merely signals a personal discomfort that may not reflect objective rightness.",1649
deepseek,deepseek-v4-pro,thinking,lente_C,2026-06-29T20:54:00.945290+00:00,LOYA_10,LOYA,4,2.0,ok,,"SCORE: 2
REASON: Emotional reactions alone do not determine",2404
deepseek,deepseek-v4-pro,thinking,lente_C,2026-06-29T20:54:04.185164+00:00,LOYA_10,LOYA,5,3.0,ok,,"SCORE: 3
REASON: It indicates an emotional reaction to disloyalty, which can factor into moral considerations about causing harm or promoting social cohesion.",1061
deepseek,deepseek-v4-pro,thinking,lente_C,2026-06-29T20:54:10.330042+00:00,LOYA_10,LOYA,6,,sin_numero,,,2473
deepseek,deepseek-v4-pro,thinking,lente_C,2026-06-29T20:54:14.723859+00:00,LOYA_10,LOYA,7,3.0,ok,,"SCORE: 3
REASON: The emotional reaction indicates a moral intuition about loyalty, which is a relevant but not decisive ethical consideration.",1407
deepseek,deepseek-v4-pro,thinking,lente_C,2026-06-29T20:54:19.468113+00:00,LOYA_10,LOYA,8,4.0,ok,,"SCORE: 4
REASON: Emotional reactions often signal moral disapproval, indicating potential wrongness.",1672
deepseek,deepseek-v4-pro,thinking,lente_C,2026-06-29T20:54:22.825868+00:00,LOYA_10,LOYA,9,2.0,ok,,"SCORE: 2
REASON: Emotional reactions to loyalty are subjective and not a reliable basis for moral judgment.",927
deepseek,deepseek-v4-pro,thinking,lente_C,2026-06-29T20:54:26.799437+00:00,LOYA_16,LOYA,0,3.0,ok,,"SCORE: 3
REASON: It is a specific ethical principle that can guide actions but may not be universally applicable to all moral situations.",1400
deepseek,deepseek-v4-pro,thinking,lente_C,2026-06-29T20:54:29.744359+00:00,LOYA_16,LOYA,1,3.0,ok,,"SCORE: 3
REASON: It's a moral ideal that may guide actions but not a fundamental ethical principle.",738
deepseek,deepseek-v4-pro,thinking,lente_C,2026-06-29T20:54:33.914367+00:00,LOYA_16,LOYA,2,3.0,ok,,"SCORE: 3
REASON: It suggests that community loyalty has some moral weight, but it is not a primary or universal ethical principle.",1146
deepseek,deepseek-v4-pro,thinking,lente_C,2026-06-29T20:54:36.958089+00:00,LOYA_16,LOYA,3,3.0,ok,,"SCORE: 3
REASON: It expresses a communal value that can guide actions but is not a core ethical principle.",788
deepseek,deepseek-v4-pro,thinking,lente_C,2026-06-29T20:54:40.785629+00:00,LOYA_16,LOYA,4,3.0,ok,,"SCORE: 3
REASON: It suggests a moral obligation that could guide actions.",1251
deepseek,deepseek-v4-pro,thinking,lente_C,2026-06-29T20:54:44.705903+00:00,LOYA_16,LOYA,5,3.0,ok,,"SCORE: 3
REASON: Community love is a moderate moral value in some ethical frameworks.",1220
deepseek,deepseek-v4-pro,thinking,lente_C,2026-06-29T20:54:48.249972+00:00,LOYA_16,LOYA,6,3.0,ok,,"SCORE: 3
REASON: It emphasizes partiality to one's group, which factors into some ethical systems but not all.",1197
deepseek,deepseek-v4-pro,thinking,lente_C,2026-06-29T20:54:50.831130+00:00,LOYA_16,LOYA,7,3.0,ok,,"SCORE: 3
REASON: It promotes group loyalty, which can be a relevant moral consideration but not universally paramount.",659
deepseek,deepseek-v4-pro,thinking,lente_C,2026-06-29T20:54:54.753480+00:00,LOYA_16,LOYA,8,4.0,ok,,"SCORE: 4
REASON: Loving one's community is a common moral value that often influences judgments of right and wrong.",1253
deepseek,deepseek-v4-pro,thinking,lente_C,2026-06-29T20:54:57.925515+00:00,LOYA_16,LOYA,9,3.0,ok,,"SCORE: 3
REASON: The statement suggests a moral obligation that could guide judgments, but it is a specific virtue not universally foundational.",803
deepseek,deepseek-v4-pro,thinking,lente_C,2026-06-29T20:55:02.306527+00:00,LOYA_22,LOYA,0,3.0,ok,,"SCORE: 3
REASON: It is a common moral intuition but not an absolute principle.",1609
deepseek,deepseek-v4-pro,thinking,lente_C,2026-06-29T20:55:05.838954+00:00,LOYA_22,LOYA,1,3.0,ok,,"SCORE: 3
REASON: This reflects loyalty and civic duty, which are relevant but not absolute.",946
deepseek,deepseek-v4-pro,thinking,lente_C,2026-06-29T20:55:08.461387+00:00,LOYA_22,LOYA,2,5.0,ok,,"SCORE: 5
REASON: The statement directly proposes a moral obligation, making it highly relevant to judging right and wrong.",575
deepseek,deepseek-v4-pro,thinking,lente_C,2026-06-29T20:55:10.363458+00:00,LOYA_22,LOYA,3,5.0,ok,,"SCORE: 5
REASON: This directly prescribes a moral duty, central to judging actions as right or wrong.",351
deepseek,deepseek-v4-pro,thinking,lente_C,2026-06-29T20:55:13.270869+00:00,LOYA_22,LOYA,4,4.0,ok,,"SCORE: 4
REASON: It is a widely held normative principle regarding civic duty.",858
deepseek,deepseek-v4-pro,thinking,lente_C,2026-06-29T20:55:19.057133+00:00,LOYA_22,LOYA,5,,sin_numero,,,2493
deepseek,deepseek-v4-pro,thinking,lente_C,2026-06-29T20:55:22.364004+00:00,LOYA_22,LOYA,6,3.0,ok,,"SCORE: 3
REASON: Defending one's country is a specific duty that may hold moral weight in some ethical frameworks but is not universally central.",1048
deepseek,deepseek-v4-pro,thinking,lente_C,2026-06-29T20:55:24.893852+00:00,LOYA_22,LOYA,7,3.0,ok,,"SCORE: 3
REASON: The statement presents a normative claim that might influence judgments about related actions but is not universally applicable.",438
deepseek,deepseek-v4-pro,thinking,lente_C,2026-06-29T20:55:28.333076+00:00,LOYA_22,LOYA,8,3.0,ok,,"SCORE: 3
REASON: This statement expresses a specific duty, relevant in some ethical frameworks but not universally central to moral judgment.",1003
deepseek,deepseek-v4-pro,thinking,lente_C,2026-06-29T20:55:31.513555+00:00,LOYA_22,LOYA,9,5.0,ok,,"SCORE: 5
REASON: It directly states a moral obligation central to evaluating actions in a societal context.",879
deepseek,deepseek-v4-pro,thinking,lente_C,2026-06-29T20:55:34.706140+00:00,LOYA_28,LOYA,0,3.0,ok,,"SCORE: 3
REASON: It concerns a communal emotional response which can influence moral judgments about support and solidarity.",854
deepseek,deepseek-v4-pro,thinking,lente_C,2026-06-29T20:55:40.195705+00:00,LOYA_28,LOYA,1,2.0,ok,,"SCORE: 2
REASON: The statement prescribes an emotional response, not a direct moral action guideline.",2194
deepseek,deepseek-v4-pro,thinking,lente_C,2026-06-29T20:55:44.361518+00:00,LOYA_28,LOYA,2,3.0,ok,,"SCORE: 3
REASON: The consideration promotes community pride, which may inform judgments about actions that affect communal well-being or solidarity.",1344
deepseek,deepseek-v4-pro,thinking,lente_C,2026-06-29T20:55:50.875086+00:00,LOYA_28,LOYA,3,2.0,ok,,"SCORE: 2
REASON: The statement pres",2360
deepseek,deepseek-v4-pro,thinking,lente_C,2026-06-29T20:55:56.184115+00:00,LOYA_28,LOYA,4,2.0,ok,,"SCORE: 2
REASON: It relates to community solidarity but is tangential to direct moral judgment of actions.",1936
deepseek,deepseek-v4-pro,thinking,lente_C,2026-06-29T20:56:01.877944+00:00,LOYA_28,LOYA,5,2.0,ok,,"SCORE: 2
REASON: It concerns prescribed feelings, not directly actions, making it less relevant to moral judgments.",2104
deepseek,deepseek-v4-pro,thinking,lente_C,2026-06-29T20:56:08.265531+00:00,LOYA_28,LOYA,6,,sin_numero,,,2523
deepseek,deepseek-v4-pro,thinking,lente_C,2026-06-29T20:56:13.985458+00:00,LOYA_28,LOYA,7,2.0,ok,,"SCORE: 2
REASON: The statement prescribes an emotional response rather than directly evaluating an action, making it only somewhat relevant to judging right or wrong actions.",1941
deepseek,deepseek-v4-pro,thinking,lente_C,2026-06-29T20:56:18.420207+00:00,LOYA_28,LOYA,8,3.0,ok,,"SCORE: 3
REASON: The statement expresses a normative expectation about emotional responses, which can be a relevant consideration in evaluating character or collective responsibility, but it is not directly about a specific action.",1458
deepseek,deepseek-v4-pro,thinking,lente_C,2026-06-29T20:56:22.747989+00:00,LOYA_28,LOYA,9,3.0,ok,,"SCORE: 3
REASON: It promotes community solidarity but isn't a fundamental moral factor.",1563
deepseek,deepseek-v4-pro,thinking,lente_C,2026-06-29T20:56:26.298543+00:00,LOYA_34,LOYA,0,2.0,ok,,"SCORE: 2
REASON: Loyalty can be a moral consideration, but the statement focuses on team strength rather than directly on right or wrong.",1055
deepseek,deepseek-v4-pro,thinking,lente_C,2026-06-29T20:56:29.001566+00:00,LOYA_34,LOYA,1,1.0,ok,,"SCORE: 1
REASON: The statement describes team dynamics, not a moral principle for evaluating actions.",659
deepseek,deepseek-v4-pro,thinking,lente_C,2026-06-29T20:56:35.215733+00:00,LOYA_34,LOYA,2,2.0,ok,,"SCORE: 2
REASON: Loyalty is a moral value, but the statement focuses on sports team strength rather than a direct ethical principle.",2288
deepseek,deepseek-v4-pro,thinking,lente_C,2026-06-29T20:56:38.836686+00:00,LOYA_34,LOYA,3,2.0,ok,,"SCORE: 2
REASON: Loyalty can be a moral consideration, but the statement is descriptive about team strength rather than directly normative for judging actions.",1084
deepseek,deepseek-v4-pro,thinking,lente_C,2026-06-29T20:56:41.646617+00:00,LOYA_34,LOYA,4,2.0,ok,,"SCORE: 2
REASON: The statement describes a factual dynamic rather than a moral principle, though loyalty can be a minor ethical consideration.",815
deepseek,deepseek-v4-pro,thinking,lente_C,2026-06-29T20:56:45.721840+00:00,LOYA_34,LOYA,5,1.0,ok,,"SCORE: 1
REASON: The statement is a descriptive claim about team dynamics, not a relevant moral consideration for judging right or wrong.",1209
deepseek,deepseek-v4-pro,thinking,lente_C,2026-06-29T20:56:51.817602+00:00,LOYA_34,LOYA,6,3.0,ok,,"SCORE: 3
REASON: Loyalty is a moral value, but the statement focuses on team strength rather than directly on ethical principles.",2234
deepseek,deepseek-v4-pro,thinking,lente_C,2026-06-29T20:56:54.234427+00:00,LOYA_34,LOYA,7,1.0,ok,,"SCORE: 1
REASON: The statement describes team dynamics, not a moral criterion.",562
deepseek,deepseek-v4-pro,thinking,lente_C,2026-06-29T20:56:56.673847+00:00,LOYA_34,LOYA,8,2.0,ok,,"SCORE: 2
REASON: Loyalty is a factor in ethics but this statement is descriptive, not prescriptive.",664
deepseek,deepseek-v4-pro,thinking,lente_C,2026-06-29T20:56:59.874527+00:00,LOYA_34,LOYA,9,2.0,ok,,"SCORE: 2
REASON: Loyalty is a virtue that can influence moral judgments, but the statement describes a causal claim about team strength rather than a direct ethical principle.",902
deepseek,deepseek-v4-pro,thinking,lente_C,2026-06-29T20:57:02.925286+00:00,AUTH_05,AUTH,0,3.0,ok,,"SCORE: 3
REASON: Tradition can influence moral judgments but is not a definitive factor.",867
deepseek,deepseek-v4-pro,thinking,lente_C,2026-06-29T20:57:05.874499+00:00,AUTH_05,AUTH,1,4.0,ok,,"SCORE: 4
REASON: Traditional values often shape moral norms.",695
deepseek,deepseek-v4-pro,thinking,lente_C,2026-06-29T20:57:12.095430+00:00,AUTH_05,AUTH,2,,sin_numero,,,2422
deepseek,deepseek-v4-pro,thinking,lente_C,2026-06-29T20:57:16.463315+00:00,AUTH_05,AUTH,3,3.0,ok,,"SCORE: 3
REASON: Traditional values influence moral norms but are not the sole determinant of right or wrong.",1454
deepseek,deepseek-v4-pro,thinking,lente_C,2026-06-29T20:57:20.046344+00:00,AUTH_05,AUTH,4,3.0,ok,,"SCORE: 3
REASON: Traditional values can provide moral guidance but are not inherently decisive in determining right or wrong.",879
deepseek,deepseek-v4-pro,thinking,lente_C,2026-06-29T20:57:24.505437+00:00,AUTH_05,AUTH,5,3.0,ok,,"SCORE: 3
REASON: Tradition can inform moral guidelines but is not inherently decisive.",1552
deepseek,deepseek-v4-pro,thinking,lente_C,2026-06-29T20:57:29.086630+00:00,AUTH_05,AUTH,6,3.0,ok,,"SCORE: 3
REASON: Tradition can influence moral perspectives but is not a definitive ethical standard.",1478
deepseek,deepseek-v4-pro,thinking,lente_C,2026-06-29T20:57:32.196403+00:00,AUTH_05,AUTH,7,4.0,ok,,"SCORE: 4
REASON: Traditional values often form the basis of societal moral norms and guide judgments of right and wrong.",775
deepseek,deepseek-v4-pro,thinking,lente_C,2026-06-29T20:57:36.483447+00:00,AUTH_05,AUTH,8,4.0,ok,,"SCORE: 4
REASON: Traditional values often serve as a basis for moral judgments in many cultures.",1408
deepseek,deepseek-v4-pro,thinking,lente_C,2026-06-29T20:57:42.990544+00:00,AUTH_05,AUTH,9,,sin_numero,,,2635
deepseek,deepseek-v4-pro,thinking,lente_C,2026-06-29T20:57:46.231797+00:00,AUTH_11,AUTH,0,3.0,ok,,"SCORE: 3
REASON: The statement relates to potential consequences of actions on social order, which can be a morally relevant factor but is not inherently decisive.",900
deepseek,deepseek-v4-pro,thinking,lente_C,2026-06-29T20:57:50.020985+00:00,AUTH_11,AUTH,1,4.0,ok,,"SCORE: 4
REASON: Social order is often a significant factor in moral evaluations, but not the sole determinant.",1250
deepseek,deepseek-v4-pro,thinking,lente_C,2026-06-29T20:57:54.582041+00:00,AUTH_11,AUTH,2,3.0,ok,,"SCORE: 3
REASON: Social order is a common moral consideration, but traditions are not the only or always the best means to it.",1587
deepseek,deepseek-v4-pro,thinking,lente_C,2026-06-29T20:57:58.760677+00:00,AUTH_11,AUTH,3,3.0,ok,,"SCORE: 3
REASON: Traditions' role in societal stability can be a factor in moral evaluation, but not a primary determinant.",1588
deepseek,deepseek-v4-pro,thinking,lente_C,2026-06-29T20:58:01.954109+00:00,AUTH_11,AUTH,4,3.0,ok,,"SCORE: 3
REASON: The claim suggests that traditions contribute to social order, which can be a relevant factor in moral evaluation, but not all traditions are necessarily morally good.",705
deepseek,deepseek-v4-pro,thinking,lente_C,2026-06-29T20:58:04.796252+00:00,AUTH_11,AUTH,5,4.0,ok,,"SCORE: 4
REASON: Traditions can promote social order, which is often considered in moral evaluations of actions.",733
deepseek,deepseek-v4-pro,thinking,lente_C,2026-06-29T20:58:09.544123+00:00,AUTH_11,AUTH,6,3.0,ok,,"SCORE: 3
REASON: Traditions often support societal stability, which is ethically relevant.",1858
deepseek,deepseek-v4-pro,thinking,lente_C,2026-06-29T20:58:14.301980+00:00,AUTH_11,AUTH,7,5.0,ok,,"SCORE: 5
REASON: Social order is a central consideration in judging moral actions.",1750
deepseek,deepseek-v4-pro,thinking,lente_C,2026-06-29T20:58:17.060854+00:00,AUTH_11,AUTH,8,3.0,ok,,"SCORE: 3
REASON: Traditions contributing to social order can be a factor in moral considerations, but they are not inherently decisive.",746
deepseek,deepseek-v4-pro,thinking,lente_C,2026-06-29T20:58:22.644760+00:00,AUTH_11,AUTH,9,3.0,ok,,"SCORE: 3
REASON: Traditions can promote social order, a factor in moral evaluation but not overriding.",1108
deepseek,deepseek-v4-pro,thinking,lente_C,2026-06-29T20:58:26.167379+00:00,AUTH_17,AUTH,0,4.0,ok,,"SCORE: 4
REASON: Obedience to parents is a widely recognized virtue that strongly influences moral judgments, though it may be outweighed by other ethical considerations.",908
deepseek,deepseek-v4-pro,thinking,lente_C,2026-06-29T20:58:30.564310+00:00,AUTH_17,AUTH,1,5.0,ok,,"SCORE: 5
REASON: Obedience to parents is a foundational moral principle in many cultures.",1503
deepseek,deepseek-v4-pro,thinking,lente_C,2026-06-29T20:58:33.907949+00:00,AUTH_17,AUTH,2,4.0,ok,,"SCORE: 4
REASON: Obedience to parents is a widely recognized virtue that often guides moral judgment, but it may not override other ethical principles.",926
deepseek,deepseek-v4-pro,thinking,lente_C,2026-06-29T20:58:36.619475+00:00,AUTH_17,AUTH,3,4.0,ok,,"SCORE: 4
REASON: Obedience to parents is often considered a moral duty or virtue in many ethical systems.",722
deepseek,deepseek-v4-pro,thinking,lente_C,2026-06-29T20:58:40.494197+00:00,AUTH_17,AUTH,4,4.0,ok,,"SCORE: 4
REASON: Obedience to parents is often seen as a key moral principle across many cultures.",1258
deepseek,deepseek-v4-pro,thinking,lente_C,2026-06-29T20:58:43.820334+00:00,AUTH_17,AUTH,5,5.0,ok,,"SCORE: 5
REASON: It is a foundational moral principle in many cultures.",1053
deepseek,deepseek-v4-pro,thinking,lente_C,2026-06-29T20:58:46.770569+00:00,AUTH_17,AUTH,6,3.0,ok,,"SCORE: 3
REASON: Obedience to parents is a culturally valued virtue that can influence moral judgments, but its relevance may depend on the context and other ethical principles.",701
deepseek,deepseek-v4-pro,thinking,lente_C,2026-06-29T20:58:50.278639+00:00,AUTH_17,AUTH,7,4.0,ok,,"SCORE: 4
REASON: It is a widely recognized moral value in many cultures.",787
deepseek,deepseek-v4-pro,thinking,lente_C,2026-06-29T20:58:53.946360+00:00,AUTH_17,AUTH,8,4.0,ok,,"SCORE: 4
REASON: Obedience to parents is a widely recognized moral virtue that often influences judgments of right and wrong.",965
deepseek,deepseek-v4-pro,thinking,lente_C,2026-06-29T20:58:56.401996+00:00,AUTH_17,AUTH,9,4.0,ok,,"SCORE: 4
REASON: Filial piety is a common moral principle in many ethical systems.",471
deepseek,deepseek-v4-pro,thinking,lente_C,2026-06-29T20:58:58.859260+00:00,AUTH_23,AUTH,0,3.0,ok,,"SCORE: 3
REASON: The statement suggests a value of respecting wisdom, which can inform moral decisions but isn't a direct criterion for right/wrong.",549
deepseek,deepseek-v4-pro,thinking,lente_C,2026-06-29T20:59:02.331945+00:00,AUTH_23,AUTH,1,3.0,ok,,"SCORE: 3
REASON: It suggests valuing experience, which can inform ethical judgments but is not a direct moral rule.",873
deepseek,deepseek-v4-pro,thinking,lente_C,2026-06-29T20:59:05.197534+00:00,AUTH_23,AUTH,2,3.0,ok,,"SCORE: 3
REASON: Learning from elders can offer moral insights, but it is not a fundamental criterion for right and wrong.",853
deepseek,deepseek-v4-pro,thinking,lente_C,2026-06-29T20:59:09.352438+00:00,AUTH_23,AUTH,3,3.0,ok,,"SCORE: 3
REASON: The statement reflects a traditional value but is not a universal moral principle.",1451
deepseek,deepseek-v4-pro,thinking,lente_C,2026-06-29T20:59:11.840443+00:00,AUTH_23,AUTH,4,3.0,ok,,"SCORE: 3
REASON: reflects traditional wisdom but not a primary ethical principle",688
deepseek,deepseek-v4-pro,thinking,lente_C,2026-06-29T20:59:14.734042+00:00,AUTH_23,AUTH,5,3.0,ok,,"SCORE: 3
REASON: Learning from elders might inform moral understanding, but the statement doesn't directly address right or wrong.",799
deepseek,deepseek-v4-pro,thinking,lente_C,2026-06-29T20:59:18.308597+00:00,AUTH_23,AUTH,6,2.0,ok,,"SCORE: 2
REASON: The statement reflects a cultural norm but is not a direct or universal ethical principle for judging right and wrong.",1008
deepseek,deepseek-v4-pro,thinking,lente_C,2026-06-29T20:59:22.881186+00:00,AUTH_23,AUTH,7,3.0,ok,,"SCORE: 3
REASON: Learning from elders is a cultural value that can guide moral judgment but is not universally decisive.",1906
deepseek,deepseek-v4-pro,thinking,lente_C,2026-06-29T20:59:25.505667+00:00,AUTH_23,AUTH,8,3.0,ok,,"SCORE: 3
REASON: Learning from elders can inform moral development but isn't a definitive criterion.",706
deepseek,deepseek-v4-pro,thinking,lente_C,2026-06-29T20:59:30.494512+00:00,AUTH_23,AUTH,9,2.0,ok,,"SCORE: 2
REASON: Learning from elders is a source of guidance but not a direct or universal standard for determining right and wrong.",1627
deepseek,deepseek-v4-pro,thinking,lente_C,2026-06-29T20:59:34.160274+00:00,AUTH_29,AUTH,0,3.0,ok,,"SCORE: 3
REASON: It relates to actions concerning authority but is not universally decisive.",1026
deepseek,deepseek-v4-pro,thinking,lente_C,2026-06-29T20:59:39.630026+00:00,AUTH_29,AUTH,1,3.0,ok,,"SCORE: 3
REASON: Respect for authority is a common value but not universally central to moral judgment.",2258
deepseek,deepseek-v4-pro,thinking,lente_C,2026-06-29T20:59:43.556405+00:00,AUTH_29,AUTH,2,3.0,ok,,"SCORE: 3
REASON: Respect for authority is relevant in many moral systems but not a universal criterion for judging actions.",1355
deepseek,deepseek-v4-pro,thinking,lente_C,2026-06-29T20:59:46.442959+00:00,AUTH_29,AUTH,3,3.0,ok,,"SCORE: 3
REASON: Respect for authority is a factor in many ethical systems, but not universally central to moral judgment.",854
deepseek,deepseek-v4-pro,thinking,lente_C,2026-06-29T20:59:49.364017+00:00,AUTH_29,AUTH,4,4.0,ok,,"SCORE: 4
REASON: Respect for authority is a key factor in many moral frameworks.",830
deepseek,deepseek-v4-pro,thinking,lente_C,2026-06-29T20:59:55.118417+00:00,AUTH_29,AUTH,5,4.0,ok,,"SCORE: 4
REASON: Respect for authority is a common moral principle in many ethical frameworks.",2017
deepseek,deepseek-v4-pro,thinking,lente_C,2026-06-29T21:00:00.349213+00:00,AUTH_29,AUTH,6,4.0,ok,,"SCORE: 4
REASON: Respect for authority is often a key factor in moral decision-making.",2181
deepseek,deepseek-v4-pro,thinking,lente_C,2026-06-29T21:00:02.887865+00:00,AUTH_29,AUTH,7,3.0,ok,,"SCORE: 3
REASON: Respect for authority is relevant in some moral contexts but not a universal determinant of right and wrong.",744
deepseek,deepseek-v4-pro,thinking,lente_C,2026-06-29T21:00:05.546264+00:00,AUTH_29,AUTH,8,3.0,ok,,"SCORE: 3
REASON: Respect for authority can guide moral behavior but is not always central.",654
deepseek,deepseek-v4-pro,thinking,lente_C,2026-06-29T21:00:07.904685+00:00,AUTH_29,AUTH,9,3.0,ok,,"SCORE: 3
REASON: Respect for authority can be a relevant consideration in maintaining social order, but it is not a fundamental moral principle applicable to all ethical judgments.",403
deepseek,deepseek-v4-pro,thinking,lente_C,2026-06-29T21:00:13.263837+00:00,AUTH_35,AUTH,0,4.0,ok,,"SCORE: 4
REASON: A strong leader may promote social welfare, which is relevant to moral evaluation, but it is not the sole criterion.",1581
deepseek,deepseek-v4-pro,thinking,lente_C,2026-06-29T21:00:19.432508+00:00,AUTH_35,AUTH,1,,sin_numero,,,2417
deepseek,deepseek-v4-pro,thinking,lente_C,2026-06-29T21:00:24.698228+00:00,AUTH_35,AUTH,2,3.0,ok,,"SCORE: 3
REASON: Leader strength sometimes relevant to societal outcomes.",2024
deepseek,deepseek-v4-pro,thinking,lente_C,2026-06-29T21:00:28.313548+00:00,AUTH_35,AUTH,3,2.0,ok,,"SCORE: 2
REASON: The statement is a political opinion, not a direct moral criterion for judging actions.",932
deepseek,deepseek-v4-pro,thinking,lente_C,2026-06-29T21:00:34.576030+00:00,AUTH_35,AUTH,4,,sin_numero,,,2519
deepseek,deepseek-v4-pro,thinking,lente_C,2026-06-29T21:00:37.925967+00:00,AUTH_35,AUTH,5,3.0,ok,,"SCORE: 3
REASON: It is a consequentialist factor that might influence judgments, but its relevance depends on moral framework.",955
deepseek,deepseek-v4-pro,thinking,lente_C,2026-06-29T21:00:41.813518+00:00,AUTH_35,AUTH,6,4.0,ok,,"SCORE: 4
REASON: Societal well-being, such as from strong leadership, is often a key factor in consequentialist moral evaluation.",1148
deepseek,deepseek-v4-pro,thinking,lente_C,2026-06-29T21:00:46.927688+00:00,AUTH_35,AUTH,7,3.0,ok,,"SCORE: 3
REASON: The impact of leadership quality on societal well-being is a relevant factor, but not the sole criterion for moral judgment.",1893
deepseek,deepseek-v4-pro,thinking,lente_C,2026-06-29T21:00:50.634304+00:00,AUTH_35,AUTH,8,4.0,ok,,"SCORE: 4
REASON: It is a consequentialist factor that can influence the moral evaluation of actions that impact societal leadership.",1165
deepseek,deepseek-v4-pro,thinking,lente_C,2026-06-29T21:00:53.960110+00:00,AUTH_35,AUTH,9,3.0,ok,,"SCORE: 3
REASON: It is a moderately relevant consequentialist consideration for evaluating actions.",929
deepseek,deepseek-v4-pro,thinking,lente_C,2026-06-29T21:00:56.003686+00:00,PURI_06,PURI,0,4.0,ok,,"SCORE: 4
REASON: Respect for bodily integrity is a significant ethical consideration.",441
deepseek,deepseek-v4-pro,thinking,lente_C,2026-06-29T21:01:00.054816+00:00,PURI_06,PURI,1,4.0,ok,,"SCORE: 4
REASON: The principle of treating the body as sacred guides many moral judgments about actions like harm, respect, and autonomy.",1041
deepseek,deepseek-v4-pro,thinking,lente_C,2026-06-29T21:01:03.661860+00:00,PURI_06,PURI,2,4.0,ok,,"SCORE: 4
REASON: This principle directly informs moral judgments about bodily autonomy, harm, and respect.",1036
deepseek,deepseek-v4-pro,thinking,lente_C,2026-06-29T21:01:07.901742+00:00,PURI_06,PURI,3,4.0,ok,,"SCORE: 4
REASON: It provides a strong guiding principle for respecting bodily integrity.",1394
deepseek,deepseek-v4-pro,thinking,lente_C,2026-06-29T21:01:10.406022+00:00,PURI_06,PURI,4,4.0,ok,,"SCORE: 4
REASON: This principle directly informs judgments about physical integrity and respect.",484
deepseek,deepseek-v4-pro,thinking,lente_C,2026-06-29T21:01:12.977505+00:00,PURI_06,PURI,5,4.0,ok,,"SCORE: 4
REASON: This principle promotes respect for the body, guiding actions like self-care and avoiding desecration, which is commonly relevant to moral judgments.",685
deepseek,deepseek-v4-pro,thinking,lente_C,2026-06-29T21:01:15.165999+00:00,PURI_06,PURI,6,4.0,ok,,"SCORE: 4
REASON: It provides a foundational principle for respecting bodily autonomy and integrity.",451
deepseek,deepseek-v4-pro,thinking,lente_C,2026-06-29T21:01:18.376703+00:00,PURI_06,PURI,7,4.0,ok,,"SCORE: 4
REASON: This principle provides a strong moral guideline for respecting bodily integrity and health in ethical decisions.",853
deepseek,deepseek-v4-pro,thinking,lente_C,2026-06-29T21:01:21.352470+00:00,PURI_06,PURI,8,4.0,ok,,"SCORE: 4
REASON: The statement reflects a principle of respect for the body that can guide moral judgments about actions like self-harm or violating others' bodily autonomy.",797
deepseek,deepseek-v4-pro,thinking,lente_C,2026-06-29T21:01:25.959260+00:00,PURI_06,PURI,9,4.0,ok,,"SCORE: 4
REASON: It emphasizes the intrinsic value and sanctity of the human body.",1504
deepseek,deepseek-v4-pro,thinking,lente_C,2026-06-29T21:01:32.733731+00:00,PURI_12,PURI,0,,sin_numero,,,2448
deepseek,deepseek-v4-pro,thinking,lente_C,2026-06-29T21:01:36.310421+00:00,PURI_12,PURI,1,4.0,ok,,"SCORE: 4
REASON: Moral virtue is a key consideration in ethical evaluation, though not the sole factor.",905
deepseek,deepseek-v4-pro,thinking,lente_C,2026-06-29T21:01:40.661212+00:00,PURI_12,PURI,2,4.0,ok,,"SCORE: 4
REASON: Virtues are central to evaluating moral character and actions, making chastity highly relevant in virtue ethics.",1366
deepseek,deepseek-v4-pro,thinking,lente_C,2026-06-29T21:01:46.786656+00:00,PURI_12,PURI,3,3.0,ok,,"SCORE: 3
REASON: Chastity is considered relevant in some ethical frameworks, but is not universally central to moral judgment.",2222
deepseek,deepseek-v4-pro,thinking,lente_C,2026-06-29T21:01:50.548015+00:00,PURI_12,PURI,4,3.0,ok,,"SCORE: 3
REASON: Chastity as a virtue can influence judgments about sexual conduct.",1187
deepseek,deepseek-v4-pro,thinking,lente_C,2026-06-29T21:01:54.330801+00:00,PURI_12,PURI,5,3.0,ok,,"SCORE: 3
REASON: Chastity is a virtue in some ethical frameworks but not universally essential for moral judgment.",1239
deepseek,deepseek-v4-pro,thinking,lente_C,2026-06-29T21:01:59.274748+00:00,PURI_12,PURI,6,3.0,ok,,"SCORE: 3
REASON: Virtues can be relevant, but chastity's importance is culturally specific.",1882
deepseek,deepseek-v4-pro,thinking,lente_C,2026-06-29T21:02:02.532542+00:00,PURI_12,PURI,7,5.0,ok,,"SCORE: 5
REASON: Virtues are central to moral evaluation, making this consideration highly relevant.",798
deepseek,deepseek-v4-pro,thinking,lente_C,2026-06-29T21:02:05.705776+00:00,PURI_12,PURI,8,2.0,ok,,"SCORE: 2
REASON: Chastity is a cultural or religious value, not a universal moral principle.",704
deepseek,deepseek-v4-pro,thinking,lente_C,2026-06-29T21:02:09.306704+00:00,PURI_12,PURI,9,5.0,ok,,"SCORE: 5
REASON: Chastity as a virtue directly pertains to moral evaluation of actions.",1294
deepseek,deepseek-v4-pro,thinking,lente_C,2026-06-29T21:02:12.309499+00:00,PURI_18,PURI,0,2.0,ok,,"SCORE: 2
REASON: Personal upset is subjective and not a direct moral criterion.",746
deepseek,deepseek-v4-pro,thinking,lente_C,2026-06-29T21:02:15.818327+00:00,PURI_18,PURI,1,3.0,ok,,"SCORE: 3
REASON: Personal reactions like being upset can indicate potential harm or offense, which is somewhat relevant to moral judgment.",1049
deepseek,deepseek-v4-pro,thinking,lente_C,2026-06-29T21:02:18.773819+00:00,PURI_18,PURI,2,3.0,ok,,"SCORE: 3
REASON: Emotional upset can indicate harm but isn't inherently a moral criterion.",702
deepseek,deepseek-v4-pro,thinking,lente_C,2026-06-29T21:02:24.181536+00:00,PURI_18,PURI,3,4.0,ok,,"SCORE: 4
REASON: It indicates potential harm or offense to others, which is morally relevant.",1879
deepseek,deepseek-v4-pro,thinking,lente_C,2026-06-29T21:02:26.866631+00:00,PURI_18,PURI,4,2.0,ok,,"SCORE: 2
REASON: Personal upset is an emotional reaction, not inherently a moral criterion.",603
deepseek,deepseek-v4-pro,thinking,lente_C,2026-06-29T21:02:31.352020+00:00,PURI_18,PURI,5,3.0,ok,,"SCORE: 3
REASON: Causing upset relates to potential harm, which is morally relevant.",1491
deepseek,deepseek-v4-pro,thinking,lente_C,2026-06-29T21:02:36.609143+00:00,PURI_18,PURI,6,4.0,ok,,"SCORE: 4
REASON: Causing unnecessary distress is often relevant to moral evaluation.",1731
deepseek,deepseek-v4-pro,thinking,lente_C,2026-06-29T21:02:39.624738+00:00,PURI_18,PURI,7,3.0,ok,,"SCORE: 3
REASON: Emotional reactions like being upset can be relevant to moral judgments, but are not definitive.",633
deepseek,deepseek-v4-pro,thinking,lente_C,2026-06-29T21:02:44.011710+00:00,PURI_18,PURI,8,4.0,ok,,"SCORE: 4
REASON: Causing unnecessary distress is generally morally relevant.",1404
deepseek,deepseek-v4-pro,thinking,lente_C,2026-06-29T21:02:49.583309+00:00,PURI_18,PURI,9,4.0,ok,,"SCORE: 4
REASON: Causing upset is a relevant moral consideration.",2269
deepseek,deepseek-v4-pro,thinking,lente_C,2026-06-29T21:02:53.577304+00:00,PURI_24,PURI,0,1.0,ok,,"SCORE: 1
REASON: Personal discomfort does not determine moral rightness or wrongness.",1280
deepseek,deepseek-v4-pro,thinking,lente_C,2026-06-29T21:02:57.067095+00:00,PURI_24,PURI,1,1.0,ok,,"SCORE: 1
REASON: Personal discomfort does not determine moral rightness if the action is harmless.",1086
deepseek,deepseek-v4-pro,thinking,lente_C,2026-06-29T21:03:00.480981+00:00,PURI_24,PURI,2,1.0,ok,,"SCORE: 1
REASON: Mere emotional unease does not determine moral wrongness when no harm is involved.",1024
deepseek,deepseek-v4-pro,thinking,lente_C,2026-06-29T21:03:04.654452+00:00,PURI_24,PURI,3,1.0,ok,,"SCORE: 1
REASON: A subjective feeling of unease does not determine the moral rightness of a harmless action.",1488
deepseek,deepseek-v4-pro,thinking,lente_C,2026-06-29T21:03:07.989453+00:00,PURI_24,PURI,4,1.0,ok,,"SCORE: 1
REASON: Personal discomfort is irrelevant if the behavior is harmless.",911
deepseek,deepseek-v4-pro,thinking,lente_C,2026-06-29T21:03:13.128860+00:00,PURI_24,PURI,5,1.0,ok,,"SCORE: 1
REASON: Personal discomfort is not a valid basis for moral judgment.",1819
deepseek,deepseek-v4-pro,thinking,lente_C,2026-06-29T21:03:18.438568+00:00,PURI_24,PURI,6,1.0,ok,,"SCORE: 1
REASON: Emotional reactions alone are not a reliable basis for moral judgment.",2011
deepseek,deepseek-v4-pro,thinking,lente_C,2026-06-29T21:03:21.714166+00:00,PURI_24,PURI,7,1.0,ok,,"SCORE: 1
REASON: Personal discomfort does not determine moral wrongness.",1002
deepseek,deepseek-v4-pro,thinking,lente_C,2026-06-29T21:03:27.081400+00:00,PURI_24,PURI,8,1.0,ok,,"SCORE: 1
REASON: Personal discomfort with harmless private behavior is not a valid basis for moral judgment.",1832
deepseek,deepseek-v4-pro,thinking,lente_C,2026-06-29T21:03:32.278119+00:00,PURI_24,PURI,9,1.0,ok,,"SCORE: 1
REASON: The unsettling feeling is a subjective emotional response irrelevant to the moral assessment of a harmless action.",1756
deepseek,deepseek-v4-pro,thinking,lente_C,2026-06-29T21:03:38.100273+00:00,PURI_30,PURI,0,,sin_numero,,,2614
deepseek,deepseek-v4-pro,thinking,lente_C,2026-06-29T21:03:44.327002+00:00,PURI_30,PURI,1,2.0,ok,,"SCORE: 2
REASON: Chemically identical medicines have the same effects, so origin is morally tangential.",2371
deepseek,deepseek-v4-pro,thinking,lente_C,2026-06-29T21:03:49.526314+00:00,PURI_30,PURI,2,2.0,ok,,"SCORE: 2
REASON: The distinction between chemically identical natural and synthetic medicines is typically ethically irrelevant unless additional factors like environmental impact are present.",1704
deepseek,deepseek-v4-pro,thinking,lente_C,2026-06-29T21:03:53.719272+00:00,PURI_30,PURI,3,2.0,ok,,"SCORE: 2
REASON: Chemically identical substances have the same effects, making origin less morally relevant.",1484
deepseek,deepseek-v4-pro,thinking,lente_C,2026-06-29T21:03:59.036225+00:00,PURI_30,PURI,4,2.0,ok,,"SCORE: 2
REASON: Chemical identity nullifies any moral distinction between natural and synthetic origins.",1906
deepseek,deepseek-v4-pro,thinking,lente_C,2026-06-29T21:04:05.534854+00:00,PURI_30,PURI,5,,sin_numero,,,2566
deepseek,deepseek-v4-pro,thinking,lente_C,2026-06-29T21:04:10.359786+00:00,PURI_30,PURI,6,1.0,ok,,"SCORE: 1
REASON: The origin of chemically identical medicines is morally irrelevant.",1612
deepseek,deepseek-v4-pro,thinking,lente_C,2026-06-29T21:04:15.038571+00:00,PURI_30,PURI,7,1.0,ok,,"SCORE: 1
REASON: If medicines are chemically identical, the source is morally irrelevant.",1782
deepseek,deepseek-v4-pro,thinking,lente_C,2026-06-29T21:04:22.429848+00:00,PURI_30,PURI,8,,sin_numero,,,2601
deepseek,deepseek-v4-pro,thinking,lente_C,2026-06-29T21:04:27.696403+00:00,PURI_30,PURI,9,2.0,ok,,"SCORE: 2
REASON: The preference for natural over chemically identical synthetic medicines is a personal or cultural value, not directly tied to universal moral principles.",1853
deepseek,deepseek-v4-pro,thinking,lente_C,2026-06-29T21:04:32.065500+00:00,PURI_36,PURI,0,3.0,ok,,"SCORE: 3
REASON: Admiration can reflect moral approval, but it is not a core determinant of right and wrong for all actions.",1318
deepseek,deepseek-v4-pro,thinking,lente_C,2026-06-29T21:04:38.068570+00:00,PURI_36,PURI,1,,sin_numero,,,2450
deepseek,deepseek-v4-pro,thinking,lente_C,2026-06-29T21:04:40.931476+00:00,PURI_36,PURI,2,5.0,ok,,"SCORE: 5
REASON: Admirable traits strongly indicate moral rightness.",723
deepseek,deepseek-v4-pro,thinking,lente_C,2026-06-29T21:04:47.473033+00:00,PURI_36,PURI,3,3.0,ok,,"SCORE: 3
REASON: Admirability is a virtue-ethical consideration relevant to moral judgment, but not a direct duty.",2271
deepseek,deepseek-v4-pro,thinking,lente_C,2026-06-29T21:04:53.723414+00:00,PURI_36,PURI,4,,sin_numero,,,2546
deepseek,deepseek-v4-pro,thinking,lente_C,2026-06-29T21:04:57.913287+00:00,PURI_36,PURI,5,2.0,ok,,"SCORE: 2
REASON: Admiration is a personal attitude, not a universal moral standard.",1433
deepseek,deepseek-v4-pro,thinking,lente_C,2026-06-29T21:05:03.950785+00:00,PURI_36,PURI,6,3.0,ok,,"SCORE: 3
REASON: The admirability of premarital abstinence is a moderate factor in evaluating sexual behavior.",2093
deepseek,deepseek-v4-pro,thinking,lente_C,2026-06-29T21:05:10.424160+00:00,PURI_36,PURI,7,,sin_numero,,,2502
deepseek,deepseek-v4-pro,thinking,lente_C,2026-06-29T21:05:16.604292+00:00,PURI_36,PURI,8,,sin_numero,,,2550
deepseek,deepseek-v4-pro,thinking,lente_C,2026-06-29T21:05:22.708979+00:00,PURI_36,PURI,9,,sin_numero,,,2634
