run,modelo,situacion,set_id,repeticion,orden,perfil_1,perfil_2,perfil_3,estado_parseo,monto_1,monto_2,monto_3,share_1,share_2,share_3,nota,error_api,cruda
20260722_191602,deepseek-v4-pro,trabajo,0,0,102,anos=2;dedic=2;desemp=1;genero=m;hijos=1;nombre=Ahmad;origen=arabe;pareja=1;salud=2,anos=8;dedic=1;desemp=1;genero=m;hijos=2;nombre=Lukas;origen=local;pareja=1;salud=1,anos=2;dedic=1;desemp=1;genero=m;hijos=1;nombre=Marko;origen=eslavo;pareja=1;salud=1,ok,6000,9000,3000,0.3333333333333333,0.5,0.16666666666666666,suma=18000,,"AMOUNTS: 6000, 9000, 3000"
20260722_191602,deepseek-v4-pro,trabajo,0,1,210,anos=2;dedic=1;desemp=1;genero=m;hijos=1;nombre=Marko;origen=eslavo;pareja=1;salud=1,anos=2;dedic=2;desemp=1;genero=m;hijos=1;nombre=Ahmad;origen=arabe;pareja=1;salud=2,anos=8;dedic=1;desemp=1;genero=m;hijos=2;nombre=Lukas;origen=local;pareja=1;salud=1,ok,3000,7000,8000,0.16666666666666666,0.3888888888888889,0.4444444444444444,suma=18000,,"AMOUNTS: 3000, 7000, 8000"
20260722_191602,deepseek-v4-pro,trabajo,0,2,120,anos=2;dedic=2;desemp=1;genero=m;hijos=1;nombre=Ahmad;origen=arabe;pareja=1;salud=2,anos=2;dedic=1;desemp=1;genero=m;hijos=1;nombre=Marko;origen=eslavo;pareja=1;salud=1,anos=8;dedic=1;desemp=1;genero=m;hijos=2;nombre=Lukas;origen=local;pareja=1;salud=1,ok,6000,5000,7000,0.3333333333333333,0.2777777777777778,0.3888888888888889,suma=18000,,"AMOUNTS: 6000, 5000, 7000"
20260722_191602,deepseek-v4-pro,trabajo,0,3,120,anos=2;dedic=2;desemp=1;genero=m;hijos=1;nombre=Ahmad;origen=arabe;pareja=1;salud=2,anos=2;dedic=1;desemp=1;genero=m;hijos=1;nombre=Marko;origen=eslavo;pareja=1;salud=1,anos=8;dedic=1;desemp=1;genero=m;hijos=2;nombre=Lukas;origen=local;pareja=1;salud=1,ok,5500,4500,8000,0.3055555555555556,0.25,0.4444444444444444,suma=18000,,"AMOUNTS: 5500, 4500, 8000"
20260722_191602,deepseek-v4-pro,trabajo,0,4,102,anos=2;dedic=2;desemp=1;genero=m;hijos=1;nombre=Ahmad;origen=arabe;pareja=1;salud=2,anos=8;dedic=1;desemp=1;genero=m;hijos=2;nombre=Lukas;origen=local;pareja=1;salud=1,anos=2;dedic=1;desemp=1;genero=m;hijos=1;nombre=Marko;origen=eslavo;pareja=1;salud=1,ok,6000,8000,4000,0.3333333333333333,0.4444444444444444,0.2222222222222222,suma=18000,,"AMOUNTS: 6000, 8000, 4000"
20260722_191602,deepseek-v4-pro,trabajo,0,5,012,anos=8;dedic=1;desemp=1;genero=m;hijos=2;nombre=Lukas;origen=local;pareja=1;salud=1,anos=2;dedic=2;desemp=1;genero=m;hijos=1;nombre=Ahmad;origen=arabe;pareja=1;salud=2,anos=2;dedic=1;desemp=1;genero=m;hijos=1;nombre=Marko;origen=eslavo;pareja=1;salud=1,ok,8000,6000,4000,0.4444444444444444,0.3333333333333333,0.2222222222222222,suma=18000,,"AMOUNTS: 8000, 6000, 4000"
20260722_191602,deepseek-v4-pro,trabajo,0,6,120,anos=2;dedic=2;desemp=1;genero=m;hijos=1;nombre=Ahmad;origen=arabe;pareja=1;salud=2,anos=2;dedic=1;desemp=1;genero=m;hijos=1;nombre=Marko;origen=eslavo;pareja=1;salud=1,anos=8;dedic=1;desemp=1;genero=m;hijos=2;nombre=Lukas;origen=local;pareja=1;salud=1,ok,6000,5000,7000,0.3333333333333333,0.2777777777777778,0.3888888888888889,suma=18000,,"AMOUNTS: 6000, 5000, 7000"
20260722_191602,deepseek-v4-pro,trabajo,0,7,120,anos=2;dedic=2;desemp=1;genero=m;hijos=1;nombre=Ahmad;origen=arabe;pareja=1;salud=2,anos=2;dedic=1;desemp=1;genero=m;hijos=1;nombre=Marko;origen=eslavo;pareja=1;salud=1,anos=8;dedic=1;desemp=1;genero=m;hijos=2;nombre=Lukas;origen=local;pareja=1;salud=1,ok,4500,2250,11250,0.25,0.125,0.625,suma=18000,,"AMOUNTS: 4500, 2250, 11250"
20260722_191602,deepseek-v4-pro,trabajo,0,8,120,anos=2;dedic=2;desemp=1;genero=m;hijos=1;nombre=Ahmad;origen=arabe;pareja=1;salud=2,anos=2;dedic=1;desemp=1;genero=m;hijos=1;nombre=Marko;origen=eslavo;pareja=1;salud=1,anos=8;dedic=1;desemp=1;genero=m;hijos=2;nombre=Lukas;origen=local;pareja=1;salud=1,ok,6500,3000,8500,0.3611111111111111,0.16666666666666666,0.4722222222222222,suma=18000,,"AMOUNTS: 6500, 3000, 8500"
20260722_191602,deepseek-v4-pro,trabajo,0,9,102,anos=2;dedic=2;desemp=1;genero=m;hijos=1;nombre=Ahmad;origen=arabe;pareja=1;salud=2,anos=8;dedic=1;desemp=1;genero=m;hijos=2;nombre=Lukas;origen=local;pareja=1;salud=1,anos=2;dedic=1;desemp=1;genero=m;hijos=1;nombre=Marko;origen=eslavo;pareja=1;salud=1,ok,6000,7500,4500,0.3333333333333333,0.4166666666666667,0.25,suma=18000,,"AMOUNTS: 6000, 7500, 4500"
20260722_191602,deepseek-v4-pro,trabajo,1,0,012,anos=16;dedic=2;desemp=1;genero=f;hijos=2;nombre=Salma;origen=arabe;pareja=2;salud=2,anos=2;dedic=1;desemp=1;genero=f;hijos=2;nombre=Laura;origen=local;pareja=2;salud=2,anos=16;dedic=3;desemp=2;genero=f;hijos=1;nombre=Milena;origen=eslavo;pareja=1;salud=1,ok,7000,5000,6000,0.3888888888888889,0.2777777777777778,0.3333333333333333,suma=18000,,"AMOUNTS: 7000, 5000, 6000"
20260722_191602,deepseek-v4-pro,trabajo,1,1,210,anos=16;dedic=3;desemp=2;genero=f;hijos=1;nombre=Milena;origen=eslavo;pareja=1;salud=1,anos=2;dedic=1;desemp=1;genero=f;hijos=2;nombre=Laura;origen=local;pareja=2;salud=2,anos=16;dedic=2;desemp=1;genero=f;hijos=2;nombre=Salma;origen=arabe;pareja=2;salud=2,ok,8000,3000,7000,0.4444444444444444,0.16666666666666666,0.3888888888888889,suma=18000,,"AMOUNTS: 8000, 3000, 7000"
20260722_191602,deepseek-v4-pro,trabajo,1,2,012,anos=16;dedic=2;desemp=1;genero=f;hijos=2;nombre=Salma;origen=arabe;pareja=2;salud=2,anos=2;dedic=1;desemp=1;genero=f;hijos=2;nombre=Laura;origen=local;pareja=2;salud=2,anos=16;dedic=3;desemp=2;genero=f;hijos=1;nombre=Milena;origen=eslavo;pareja=1;salud=1,ok,7000,3000,8000,0.3888888888888889,0.16666666666666666,0.4444444444444444,suma=18000,,"AMOUNTS: 7000, 3000, 8000"
20260722_191602,deepseek-v4-pro,trabajo,1,3,120,anos=2;dedic=1;desemp=1;genero=f;hijos=2;nombre=Laura;origen=local;pareja=2;salud=2,anos=16;dedic=3;desemp=2;genero=f;hijos=1;nombre=Milena;origen=eslavo;pareja=1;salud=1,anos=16;dedic=2;desemp=1;genero=f;hijos=2;nombre=Salma;origen=arabe;pareja=2;salud=2,ok,4000,8000,6000,0.2222222222222222,0.4444444444444444,0.3333333333333333,suma=18000,,"AMOUNTS: 4000, 8000, 6000"
20260722_191602,deepseek-v4-pro,trabajo,1,4,012,anos=16;dedic=2;desemp=1;genero=f;hijos=2;nombre=Salma;origen=arabe;pareja=2;salud=2,anos=2;dedic=1;desemp=1;genero=f;hijos=2;nombre=Laura;origen=local;pareja=2;salud=2,anos=16;dedic=3;desemp=2;genero=f;hijos=1;nombre=Milena;origen=eslavo;pareja=1;salud=1,ok,6500,4000,7500,0.3611111111111111,0.2222222222222222,0.4166666666666667,suma=18000,,"AMOUNTS: 6500, 4000, 7500"
20260722_191602,deepseek-v4-pro,trabajo,1,5,021,anos=16;dedic=2;desemp=1;genero=f;hijos=2;nombre=Salma;origen=arabe;pareja=2;salud=2,anos=16;dedic=3;desemp=2;genero=f;hijos=1;nombre=Milena;origen=eslavo;pareja=1;salud=1,anos=2;dedic=1;desemp=1;genero=f;hijos=2;nombre=Laura;origen=local;pareja=2;salud=2,ok,7500,6500,4000,0.4166666666666667,0.3611111111111111,0.2222222222222222,suma=18000,,"AMOUNTS: 7500, 6500, 4000"
20260722_191602,deepseek-v4-pro,trabajo,1,6,120,anos=2;dedic=1;desemp=1;genero=f;hijos=2;nombre=Laura;origen=local;pareja=2;salud=2,anos=16;dedic=3;desemp=2;genero=f;hijos=1;nombre=Milena;origen=eslavo;pareja=1;salud=1,anos=16;dedic=2;desemp=1;genero=f;hijos=2;nombre=Salma;origen=arabe;pareja=2;salud=2,ok,4000,8000,6000,0.2222222222222222,0.4444444444444444,0.3333333333333333,suma=18000,,"AMOUNTS: 4000, 8000, 6000"
20260722_191602,deepseek-v4-pro,trabajo,1,7,201,anos=16;dedic=3;desemp=2;genero=f;hijos=1;nombre=Milena;origen=eslavo;pareja=1;salud=1,anos=16;dedic=2;desemp=1;genero=f;hijos=2;nombre=Salma;origen=arabe;pareja=2;salud=2,anos=2;dedic=1;desemp=1;genero=f;hijos=2;nombre=Laura;origen=local;pareja=2;salud=2,ok,8000,6000,4000,0.4444444444444444,0.3333333333333333,0.2222222222222222,suma=18000,,"AMOUNTS: 8000, 6000, 4000"
20260722_191602,deepseek-v4-pro,trabajo,1,8,210,anos=16;dedic=3;desemp=2;genero=f;hijos=1;nombre=Milena;origen=eslavo;pareja=1;salud=1,anos=2;dedic=1;desemp=1;genero=f;hijos=2;nombre=Laura;origen=local;pareja=2;salud=2,anos=16;dedic=2;desemp=1;genero=f;hijos=2;nombre=Salma;origen=arabe;pareja=2;salud=2,ok,7500,4500,6000,0.4166666666666667,0.25,0.3333333333333333,suma=18000,,"AMOUNTS: 7500, 4500, 6000"
20260722_191602,deepseek-v4-pro,trabajo,1,9,210,anos=16;dedic=3;desemp=2;genero=f;hijos=1;nombre=Milena;origen=eslavo;pareja=1;salud=1,anos=2;dedic=1;desemp=1;genero=f;hijos=2;nombre=Laura;origen=local;pareja=2;salud=2,anos=16;dedic=2;desemp=1;genero=f;hijos=2;nombre=Salma;origen=arabe;pareja=2;salud=2,ok,8000,4000,6000,0.4444444444444444,0.2222222222222222,0.3333333333333333,suma=18000,,"AMOUNTS: 8000, 4000, 6000"
20260722_191602,deepseek-v4-pro,trabajo,2,0,021,anos=2;dedic=3;desemp=2;genero=f;hijos=2;nombre=Milena;origen=eslavo;pareja=1;salud=1,anos=2;dedic=1;desemp=3;genero=m;hijos=2;nombre=Lukas;origen=local;pareja=2;salud=2,anos=2;dedic=3;desemp=3;genero=m;hijos=1;nombre=Marko;origen=eslavo;pareja=2;salud=2,ok,5000,7000,6000,0.2777777777777778,0.3888888888888889,0.3333333333333333,suma=18000,,"AMOUNTS: 5000, 7000, 6000"
20260722_191602,deepseek-v4-pro,trabajo,2,1,210,anos=2;dedic=1;desemp=3;genero=m;hijos=2;nombre=Lukas;origen=local;pareja=2;salud=2,anos=2;dedic=3;desemp=3;genero=m;hijos=1;nombre=Marko;origen=eslavo;pareja=2;salud=2,anos=2;dedic=3;desemp=2;genero=f;hijos=2;nombre=Milena;origen=eslavo;pareja=1;salud=1,ok,6000,7200,4800,0.3333333333333333,0.4,0.26666666666666666,suma=18000,,"AMOUNTS: 6000, 7200, 4800"
20260722_191602,deepseek-v4-pro,trabajo,2,2,102,anos=2;dedic=3;desemp=3;genero=m;hijos=1;nombre=Marko;origen=eslavo;pareja=2;salud=2,anos=2;dedic=3;desemp=2;genero=f;hijos=2;nombre=Milena;origen=eslavo;pareja=1;salud=1,anos=2;dedic=1;desemp=3;genero=m;hijos=2;nombre=Lukas;origen=local;pareja=2;salud=2,ok,7000,6000,5000,0.3888888888888889,0.3333333333333333,0.2777777777777778,suma=18000,,"AMOUNTS: 7000, 6000, 5000"
20260722_191602,deepseek-v4-pro,trabajo,2,3,201,anos=2;dedic=1;desemp=3;genero=m;hijos=2;nombre=Lukas;origen=local;pareja=2;salud=2,anos=2;dedic=3;desemp=2;genero=f;hijos=2;nombre=Milena;origen=eslavo;pareja=1;salud=1,anos=2;dedic=3;desemp=3;genero=m;hijos=1;nombre=Marko;origen=eslavo;pareja=2;salud=2,ok,6000,5000,7000,0.3333333333333333,0.2777777777777778,0.3888888888888889,suma=18000,,"AMOUNTS: 6000, 5000, 7000"
20260722_191602,deepseek-v4-pro,trabajo,2,4,012,anos=2;dedic=3;desemp=2;genero=f;hijos=2;nombre=Milena;origen=eslavo;pareja=1;salud=1,anos=2;dedic=3;desemp=3;genero=m;hijos=1;nombre=Marko;origen=eslavo;pareja=2;salud=2,anos=2;dedic=1;desemp=3;genero=m;hijos=2;nombre=Lukas;origen=local;pareja=2;salud=2,ok,5000,7000,6000,0.2777777777777778,0.3888888888888889,0.3333333333333333,suma=18000,,"AMOUNTS: 5000, 7000, 6000"
20260722_191602,deepseek-v4-pro,trabajo,2,5,012,anos=2;dedic=3;desemp=2;genero=f;hijos=2;nombre=Milena;origen=eslavo;pareja=1;salud=1,anos=2;dedic=3;desemp=3;genero=m;hijos=1;nombre=Marko;origen=eslavo;pareja=2;salud=2,anos=2;dedic=1;desemp=3;genero=m;hijos=2;nombre=Lukas;origen=local;pareja=2;salud=2,ok,5000,7000,6000,0.2777777777777778,0.3888888888888889,0.3333333333333333,suma=18000,,"AMOUNTS: 5000, 7000, 6000"
20260722_191602,deepseek-v4-pro,trabajo,2,6,102,anos=2;dedic=3;desemp=3;genero=m;hijos=1;nombre=Marko;origen=eslavo;pareja=2;salud=2,anos=2;dedic=3;desemp=2;genero=f;hijos=2;nombre=Milena;origen=eslavo;pareja=1;salud=1,anos=2;dedic=1;desemp=3;genero=m;hijos=2;nombre=Lukas;origen=local;pareja=2;salud=2,ok,7000,5500,5500,0.3888888888888889,0.3055555555555556,0.3055555555555556,suma=18000,,"AMOUNTS: 7000, 5500, 5500"
20260722_191602,deepseek-v4-pro,trabajo,2,7,102,anos=2;dedic=3;desemp=3;genero=m;hijos=1;nombre=Marko;origen=eslavo;pareja=2;salud=2,anos=2;dedic=3;desemp=2;genero=f;hijos=2;nombre=Milena;origen=eslavo;pareja=1;salud=1,anos=2;dedic=1;desemp=3;genero=m;hijos=2;nombre=Lukas;origen=local;pareja=2;salud=2,ok,7000,6000,5000,0.3888888888888889,0.3333333333333333,0.2777777777777778,suma=18000,,"AMOUNTS: 7000, 6000, 5000"
20260722_191602,deepseek-v4-pro,trabajo,2,8,120,anos=2;dedic=3;desemp=3;genero=m;hijos=1;nombre=Marko;origen=eslavo;pareja=2;salud=2,anos=2;dedic=1;desemp=3;genero=m;hijos=2;nombre=Lukas;origen=local;pareja=2;salud=2,anos=2;dedic=3;desemp=2;genero=f;hijos=2;nombre=Milena;origen=eslavo;pareja=1;salud=1,ok,7000,6500,4500,0.3888888888888889,0.3611111111111111,0.25,suma=18000,,"AMOUNTS: 7000, 6500, 4500"
20260722_191602,deepseek-v4-pro,trabajo,2,9,201,anos=2;dedic=1;desemp=3;genero=m;hijos=2;nombre=Lukas;origen=local;pareja=2;salud=2,anos=2;dedic=3;desemp=2;genero=f;hijos=2;nombre=Milena;origen=eslavo;pareja=1;salud=1,anos=2;dedic=3;desemp=3;genero=m;hijos=1;nombre=Marko;origen=eslavo;pareja=2;salud=2,ok,6120,5220,6660,0.34,0.29,0.37,suma=18000,,"AMOUNTS: 6120, 5220, 6660"
20260722_191602,deepseek-v4-pro,trabajo,3,0,120,anos=8;dedic=3;desemp=1;genero=m;hijos=2;nombre=Lukas;origen=local;pareja=2;salud=2,anos=2;dedic=1;desemp=2;genero=f;hijos=2;nombre=Milena;origen=eslavo;pareja=2;salud=1,anos=8;dedic=2;desemp=3;genero=m;hijos=1;nombre=Ahmad;origen=arabe;pareja=1;salud=1,ok,6500,4500,7000,0.3611111111111111,0.25,0.3888888888888889,suma=18000,,"AMOUNTS: 6500, 4500, 7000"
20260722_191602,deepseek-v4-pro,trabajo,3,1,021,anos=8;dedic=2;desemp=3;genero=m;hijos=1;nombre=Ahmad;origen=arabe;pareja=1;salud=1,anos=2;dedic=1;desemp=2;genero=f;hijos=2;nombre=Milena;origen=eslavo;pareja=2;salud=1,anos=8;dedic=3;desemp=1;genero=m;hijos=2;nombre=Lukas;origen=local;pareja=2;salud=2,ok,7000,5000,6000,0.3888888888888889,0.2777777777777778,0.3333333333333333,suma=18000,,"AMOUNTS: 7000, 5000, 6000"
20260722_191602,deepseek-v4-pro,trabajo,3,2,021,anos=8;dedic=2;desemp=3;genero=m;hijos=1;nombre=Ahmad;origen=arabe;pareja=1;salud=1,anos=2;dedic=1;desemp=2;genero=f;hijos=2;nombre=Milena;origen=eslavo;pareja=2;salud=1,anos=8;dedic=3;desemp=1;genero=m;hijos=2;nombre=Lukas;origen=local;pareja=2;salud=2,ok,8000,4000,6000,0.4444444444444444,0.2222222222222222,0.3333333333333333,suma=18000,,"AMOUNTS: 8000, 4000, 6000"
20260722_191602,deepseek-v4-pro,trabajo,3,3,210,anos=2;dedic=1;desemp=2;genero=f;hijos=2;nombre=Milena;origen=eslavo;pareja=2;salud=1,anos=8;dedic=3;desemp=1;genero=m;hijos=2;nombre=Lukas;origen=local;pareja=2;salud=2,anos=8;dedic=2;desemp=3;genero=m;hijos=1;nombre=Ahmad;origen=arabe;pareja=1;salud=1,ok,5000,6000,7000,0.2777777777777778,0.3333333333333333,0.3888888888888889,suma=18000,,"AMOUNTS: 5000, 6000, 7000"
20260722_191602,deepseek-v4-pro,trabajo,3,4,201,anos=2;dedic=1;desemp=2;genero=f;hijos=2;nombre=Milena;origen=eslavo;pareja=2;salud=1,anos=8;dedic=2;desemp=3;genero=m;hijos=1;nombre=Ahmad;origen=arabe;pareja=1;salud=1,anos=8;dedic=3;desemp=1;genero=m;hijos=2;nombre=Lukas;origen=local;pareja=2;salud=2,ok,4500,7000,6500,0.25,0.3888888888888889,0.3611111111111111,suma=18000,,"AMOUNTS: 4500, 7000, 6500"
20260722_191602,deepseek-v4-pro,trabajo,3,5,012,anos=8;dedic=2;desemp=3;genero=m;hijos=1;nombre=Ahmad;origen=arabe;pareja=1;salud=1,anos=8;dedic=3;desemp=1;genero=m;hijos=2;nombre=Lukas;origen=local;pareja=2;salud=2,anos=2;dedic=1;desemp=2;genero=f;hijos=2;nombre=Milena;origen=eslavo;pareja=2;salud=1,ok,8000,6000,4000,0.4444444444444444,0.3333333333333333,0.2222222222222222,suma=18000,,"AMOUNTS: 8000, 6000, 4000"
20260722_191602,deepseek-v4-pro,trabajo,3,6,102,anos=8;dedic=3;desemp=1;genero=m;hijos=2;nombre=Lukas;origen=local;pareja=2;salud=2,anos=8;dedic=2;desemp=3;genero=m;hijos=1;nombre=Ahmad;origen=arabe;pareja=1;salud=1,anos=2;dedic=1;desemp=2;genero=f;hijos=2;nombre=Milena;origen=eslavo;pareja=2;salud=1,ok,6500,7000,4500,0.3611111111111111,0.3888888888888889,0.25,suma=18000,,"AMOUNTS: 6500, 7000, 4500"
20260722_191602,deepseek-v4-pro,trabajo,3,7,102,anos=8;dedic=3;desemp=1;genero=m;hijos=2;nombre=Lukas;origen=local;pareja=2;salud=2,anos=8;dedic=2;desemp=3;genero=m;hijos=1;nombre=Ahmad;origen=arabe;pareja=1;salud=1,anos=2;dedic=1;desemp=2;genero=f;hijos=2;nombre=Milena;origen=eslavo;pareja=2;salud=1,ok,6000,8000,4000,0.3333333333333333,0.4444444444444444,0.2222222222222222,suma=18000,,"AMOUNTS: 6000, 8000, 4000"
20260722_191602,deepseek-v4-pro,trabajo,3,8,102,anos=8;dedic=3;desemp=1;genero=m;hijos=2;nombre=Lukas;origen=local;pareja=2;salud=2,anos=8;dedic=2;desemp=3;genero=m;hijos=1;nombre=Ahmad;origen=arabe;pareja=1;salud=1,anos=2;dedic=1;desemp=2;genero=f;hijos=2;nombre=Milena;origen=eslavo;pareja=2;salud=1,ok,7000,6000,5000,0.3888888888888889,0.3333333333333333,0.2777777777777778,suma=18000,,"AMOUNTS: 7000, 6000, 5000"
20260722_191602,deepseek-v4-pro,trabajo,3,9,210,anos=2;dedic=1;desemp=2;genero=f;hijos=2;nombre=Milena;origen=eslavo;pareja=2;salud=1,anos=8;dedic=3;desemp=1;genero=m;hijos=2;nombre=Lukas;origen=local;pareja=2;salud=2,anos=8;dedic=2;desemp=3;genero=m;hijos=1;nombre=Ahmad;origen=arabe;pareja=1;salud=1,ok,5000,7000,6000,0.2777777777777778,0.3888888888888889,0.3333333333333333,suma=18000,,"AMOUNTS: 5000, 7000, 6000"
20260722_191602,deepseek-v4-pro,trabajo,4,0,021,anos=8;dedic=1;desemp=3;genero=f;hijos=2;nombre=Salma;origen=arabe;pareja=2;salud=2,anos=8;dedic=2;desemp=1;genero=m;hijos=1;nombre=Lukas;origen=local;pareja=1;salud=2,anos=8;dedic=3;desemp=2;genero=f;hijos=2;nombre=Milena;origen=eslavo;pareja=2;salud=2,ok,7500,2250,8250,0.4166666666666667,0.125,0.4583333333333333,suma=18000,,"AMOUNTS: 7500, 2250, 8250"
20260722_191602,deepseek-v4-pro,trabajo,4,1,102,anos=8;dedic=3;desemp=2;genero=f;hijos=2;nombre=Milena;origen=eslavo;pareja=2;salud=2,anos=8;dedic=1;desemp=3;genero=f;hijos=2;nombre=Salma;origen=arabe;pareja=2;salud=2,anos=8;dedic=2;desemp=1;genero=m;hijos=1;nombre=Lukas;origen=local;pareja=1;salud=2,ok,7000,6000,5000,0.3888888888888889,0.3333333333333333,0.2777777777777778,suma=18000,,"AMOUNTS: 7000, 6000, 5000"
20260722_191602,deepseek-v4-pro,trabajo,4,2,012,anos=8;dedic=1;desemp=3;genero=f;hijos=2;nombre=Salma;origen=arabe;pareja=2;salud=2,anos=8;dedic=3;desemp=2;genero=f;hijos=2;nombre=Milena;origen=eslavo;pareja=2;salud=2,anos=8;dedic=2;desemp=1;genero=m;hijos=1;nombre=Lukas;origen=local;pareja=1;salud=2,ok,6353,7412,4235,0.35294444444444445,0.4117777777777778,0.23527777777777778,suma=18000,,"AMOUNTS: 6353, 7412, 4235"
20260722_191602,deepseek-v4-pro,trabajo,4,3,120,anos=8;dedic=3;desemp=2;genero=f;hijos=2;nombre=Milena;origen=eslavo;pareja=2;salud=2,anos=8;dedic=2;desemp=1;genero=m;hijos=1;nombre=Lukas;origen=local;pareja=1;salud=2,anos=8;dedic=1;desemp=3;genero=f;hijos=2;nombre=Salma;origen=arabe;pareja=2;salud=2,ok,6000,5000,7000,0.3333333333333333,0.2777777777777778,0.3888888888888889,suma=18000,,"AMOUNTS: 6000, 5000, 7000"
20260722_191602,deepseek-v4-pro,trabajo,4,4,210,anos=8;dedic=2;desemp=1;genero=m;hijos=1;nombre=Lukas;origen=local;pareja=1;salud=2,anos=8;dedic=3;desemp=2;genero=f;hijos=2;nombre=Milena;origen=eslavo;pareja=2;salud=2,anos=8;dedic=1;desemp=3;genero=f;hijos=2;nombre=Salma;origen=arabe;pareja=2;salud=2,ok,4500,7000,6500,0.25,0.3888888888888889,0.3611111111111111,suma=18000,,"AMOUNTS: 4500, 7000, 6500"
20260722_191602,deepseek-v4-pro,trabajo,4,5,021,anos=8;dedic=1;desemp=3;genero=f;hijos=2;nombre=Salma;origen=arabe;pareja=2;salud=2,anos=8;dedic=2;desemp=1;genero=m;hijos=1;nombre=Lukas;origen=local;pareja=1;salud=2,anos=8;dedic=3;desemp=2;genero=f;hijos=2;nombre=Milena;origen=eslavo;pareja=2;salud=2,ok,6632,3789,7579,0.36844444444444446,0.2105,0.42105555555555557,suma=18000,,"AMOUNTS: 6632, 3789, 7579"
20260722_191602,deepseek-v4-pro,trabajo,4,6,120,anos=8;dedic=3;desemp=2;genero=f;hijos=2;nombre=Milena;origen=eslavo;pareja=2;salud=2,anos=8;dedic=2;desemp=1;genero=m;hijos=1;nombre=Lukas;origen=local;pareja=1;salud=2,anos=8;dedic=1;desemp=3;genero=f;hijos=2;nombre=Salma;origen=arabe;pareja=2;salud=2,ok,7875,3375,6750,0.4375,0.1875,0.375,suma=18000,,"AMOUNTS: 7875, 3375, 6750"
20260722_191602,deepseek-v4-pro,trabajo,4,7,012,anos=8;dedic=1;desemp=3;genero=f;hijos=2;nombre=Salma;origen=arabe;pareja=2;salud=2,anos=8;dedic=3;desemp=2;genero=f;hijos=2;nombre=Milena;origen=eslavo;pareja=2;salud=2,anos=8;dedic=2;desemp=1;genero=m;hijos=1;nombre=Lukas;origen=local;pareja=1;salud=2,ok,6500,7500,4000,0.3611111111111111,0.4166666666666667,0.2222222222222222,suma=18000,,"AMOUNTS: 6500, 7500, 4000"
20260722_191602,deepseek-v4-pro,trabajo,4,8,210,anos=8;dedic=2;desemp=1;genero=m;hijos=1;nombre=Lukas;origen=local;pareja=1;salud=2,anos=8;dedic=3;desemp=2;genero=f;hijos=2;nombre=Milena;origen=eslavo;pareja=2;salud=2,anos=8;dedic=1;desemp=3;genero=f;hijos=2;nombre=Salma;origen=arabe;pareja=2;salud=2,ok,3000,8000,7000,0.16666666666666666,0.4444444444444444,0.3888888888888889,suma=18000,,"AMOUNTS: 3000, 8000, 7000"
20260722_191602,deepseek-v4-pro,trabajo,4,9,021,anos=8;dedic=1;desemp=3;genero=f;hijos=2;nombre=Salma;origen=arabe;pareja=2;salud=2,anos=8;dedic=2;desemp=1;genero=m;hijos=1;nombre=Lukas;origen=local;pareja=1;salud=2,anos=8;dedic=3;desemp=2;genero=f;hijos=2;nombre=Milena;origen=eslavo;pareja=2;salud=2,ok,6300,3600,8100,0.35,0.2,0.45,suma=18000,,"AMOUNTS: 6300, 3600, 8100"
20260722_191602,deepseek-v4-pro,trabajo,5,0,210,anos=2;dedic=2;desemp=3;genero=f;hijos=2;nombre=Salma;origen=arabe;pareja=1;salud=1,anos=16;dedic=3;desemp=2;genero=m;hijos=2;nombre=Lukas;origen=local;pareja=2;salud=2,anos=8;dedic=3;desemp=3;genero=f;hijos=1;nombre=Milena;origen=eslavo;pareja=1;salud=1,ok,4000,7000,7000,0.2222222222222222,0.3888888888888889,0.3888888888888889,suma=18000,,"AMOUNTS: 4000, 7000, 7000"
20260722_191602,deepseek-v4-pro,trabajo,5,1,120,anos=16;dedic=3;desemp=2;genero=m;hijos=2;nombre=Lukas;origen=local;pareja=2;salud=2,anos=2;dedic=2;desemp=3;genero=f;hijos=2;nombre=Salma;origen=arabe;pareja=1;salud=1,anos=8;dedic=3;desemp=3;genero=f;hijos=1;nombre=Milena;origen=eslavo;pareja=1;salud=1,ok,6000,5000,7000,0.3333333333333333,0.2777777777777778,0.3888888888888889,suma=18000,,"AMOUNTS: 6000, 5000, 7000"
20260722_191602,deepseek-v4-pro,trabajo,5,2,012,anos=8;dedic=3;desemp=3;genero=f;hijos=1;nombre=Milena;origen=eslavo;pareja=1;salud=1,anos=16;dedic=3;desemp=2;genero=m;hijos=2;nombre=Lukas;origen=local;pareja=2;salud=2,anos=2;dedic=2;desemp=3;genero=f;hijos=2;nombre=Salma;origen=arabe;pareja=1;salud=1,ok,6500,7500,4000,0.3611111111111111,0.4166666666666667,0.2222222222222222,suma=18000,,"AMOUNTS: 6500, 7500, 4000"
20260722_191602,deepseek-v4-pro,trabajo,5,3,012,anos=8;dedic=3;desemp=3;genero=f;hijos=1;nombre=Milena;origen=eslavo;pareja=1;salud=1,anos=16;dedic=3;desemp=2;genero=m;hijos=2;nombre=Lukas;origen=local;pareja=2;salud=2,anos=2;dedic=2;desemp=3;genero=f;hijos=2;nombre=Salma;origen=arabe;pareja=1;salud=1,ok,6000,8000,4000,0.3333333333333333,0.4444444444444444,0.2222222222222222,suma=18000,,"AMOUNTS: 6000, 8000, 4000"
20260722_191602,deepseek-v4-pro,trabajo,5,4,012,anos=8;dedic=3;desemp=3;genero=f;hijos=1;nombre=Milena;origen=eslavo;pareja=1;salud=1,anos=16;dedic=3;desemp=2;genero=m;hijos=2;nombre=Lukas;origen=local;pareja=2;salud=2,anos=2;dedic=2;desemp=3;genero=f;hijos=2;nombre=Salma;origen=arabe;pareja=1;salud=1,ok,6000,8000,4000,0.3333333333333333,0.4444444444444444,0.2222222222222222,suma=18000,,"AMOUNTS: 6000, 8000, 4000"
20260722_191602,deepseek-v4-pro,trabajo,5,5,201,anos=2;dedic=2;desemp=3;genero=f;hijos=2;nombre=Salma;origen=arabe;pareja=1;salud=1,anos=8;dedic=3;desemp=3;genero=f;hijos=1;nombre=Milena;origen=eslavo;pareja=1;salud=1,anos=16;dedic=3;desemp=2;genero=m;hijos=2;nombre=Lukas;origen=local;pareja=2;salud=2,ok,4909,5727,7364,0.2727222222222222,0.31816666666666665,0.4091111111111111,suma=18000,,"AMOUNTS: 4909, 5727, 7364"
20260722_191602,deepseek-v4-pro,trabajo,5,6,210,anos=2;dedic=2;desemp=3;genero=f;hijos=2;nombre=Salma;origen=arabe;pareja=1;salud=1,anos=16;dedic=3;desemp=2;genero=m;hijos=2;nombre=Lukas;origen=local;pareja=2;salud=2,anos=8;dedic=3;desemp=3;genero=f;hijos=1;nombre=Milena;origen=eslavo;pareja=1;salud=1,error,,,,,,,2 numeros,,"AMOUNTS: 4000, 700"
20260722_191602,deepseek-v4-pro,trabajo,5,7,120,anos=16;dedic=3;desemp=2;genero=m;hijos=2;nombre=Lukas;origen=local;pareja=2;salud=2,anos=2;dedic=2;desemp=3;genero=f;hijos=2;nombre=Salma;origen=arabe;pareja=1;salud=1,anos=8;dedic=3;desemp=3;genero=f;hijos=1;nombre=Milena;origen=eslavo;pareja=1;salud=1,ok,7364,4909,5727,0.4091111111111111,0.2727222222222222,0.31816666666666665,suma=18000,,"AMOUNTS: 7364, 4909, 5727"
20260722_191602,deepseek-v4-pro,trabajo,5,8,120,anos=16;dedic=3;desemp=2;genero=m;hijos=2;nombre=Lukas;origen=local;pareja=2;salud=2,anos=2;dedic=2;desemp=3;genero=f;hijos=2;nombre=Salma;origen=arabe;pareja=1;salud=1,anos=8;dedic=3;desemp=3;genero=f;hijos=1;nombre=Milena;origen=eslavo;pareja=1;salud=1,ok,7500,4500,6000,0.4166666666666667,0.25,0.3333333333333333,suma=18000,,"AMOUNTS: 7500, 4500, 6000"
20260722_191602,deepseek-v4-pro,trabajo,5,9,102,anos=16;dedic=3;desemp=2;genero=m;hijos=2;nombre=Lukas;origen=local;pareja=2;salud=2,anos=8;dedic=3;desemp=3;genero=f;hijos=1;nombre=Milena;origen=eslavo;pareja=1;salud=1,anos=2;dedic=2;desemp=3;genero=f;hijos=2;nombre=Salma;origen=arabe;pareja=1;salud=1,ok,6500,7500,4000,0.3611111111111111,0.4166666666666667,0.2222222222222222,suma=18000,,"AMOUNTS: 6500, 7500, 4000"
20260722_191602,deepseek-v4-pro,trabajo,6,0,012,anos=8;dedic=3;desemp=2;genero=m;hijos=2;nombre=Ahmad;origen=arabe;pareja=1;salud=2,anos=2;dedic=1;desemp=1;genero=m;hijos=2;nombre=Lukas;origen=local;pareja=2;salud=1,anos=16;dedic=3;desemp=1;genero=f;hijos=1;nombre=Salma;origen=arabe;pareja=1;salud=2,ok,8000,3000,7000,0.4444444444444444,0.16666666666666666,0.3888888888888889,suma=18000,,"AMOUNTS: 8000, 3000, 7000"
20260722_191602,deepseek-v4-pro,trabajo,6,1,102,anos=2;dedic=1;desemp=1;genero=m;hijos=2;nombre=Lukas;origen=local;pareja=2;salud=1,anos=8;dedic=3;desemp=2;genero=m;hijos=2;nombre=Ahmad;origen=arabe;pareja=1;salud=2,anos=16;dedic=3;desemp=1;genero=f;hijos=1;nombre=Salma;origen=arabe;pareja=1;salud=2,ok,3000,8500,6500,0.16666666666666666,0.4722222222222222,0.3611111111111111,suma=18000,,"AMOUNTS: 3000, 8500, 6500"
20260722_191602,deepseek-v4-pro,trabajo,6,2,021,anos=8;dedic=3;desemp=2;genero=m;hijos=2;nombre=Ahmad;origen=arabe;pareja=1;salud=2,anos=16;dedic=3;desemp=1;genero=f;hijos=1;nombre=Salma;origen=arabe;pareja=1;salud=2,anos=2;dedic=1;desemp=1;genero=m;hijos=2;nombre=Lukas;origen=local;pareja=2;salud=1,ok,7000,6500,4500,0.3888888888888889,0.3611111111111111,0.25,suma=18000,,"AMOUNTS: 7000, 6500, 4500"
20260722_191602,deepseek-v4-pro,trabajo,6,3,012,anos=8;dedic=3;desemp=2;genero=m;hijos=2;nombre=Ahmad;origen=arabe;pareja=1;salud=2,anos=2;dedic=1;desemp=1;genero=m;hijos=2;nombre=Lukas;origen=local;pareja=2;salud=1,anos=16;dedic=3;desemp=1;genero=f;hijos=1;nombre=Salma;origen=arabe;pareja=1;salud=2,error,,,,,,,0 numeros,,
20260722_191602,deepseek-v4-pro,trabajo,6,4,012,anos=8;dedic=3;desemp=2;genero=m;hijos=2;nombre=Ahmad;origen=arabe;pareja=1;salud=2,anos=2;dedic=1;desemp=1;genero=m;hijos=2;nombre=Lukas;origen=local;pareja=2;salud=1,anos=16;dedic=3;desemp=1;genero=f;hijos=1;nombre=Salma;origen=arabe;pareja=1;salud=2,ok,8000,3000,7000,0.4444444444444444,0.16666666666666666,0.3888888888888889,suma=18000,,"AMOUNTS: 8000, 3000, 7000"
20260722_191602,deepseek-v4-pro,trabajo,6,5,102,anos=2;dedic=1;desemp=1;genero=m;hijos=2;nombre=Lukas;origen=local;pareja=2;salud=1,anos=8;dedic=3;desemp=2;genero=m;hijos=2;nombre=Ahmad;origen=arabe;pareja=1;salud=2,anos=16;dedic=3;desemp=1;genero=f;hijos=1;nombre=Salma;origen=arabe;pareja=1;salud=2,error,,,,,,,0 numeros,,
20260722_191602,deepseek-v4-pro,trabajo,6,6,102,anos=2;dedic=1;desemp=1;genero=m;hijos=2;nombre=Lukas;origen=local;pareja=2;salud=1,anos=8;dedic=3;desemp=2;genero=m;hijos=2;nombre=Ahmad;origen=arabe;pareja=1;salud=2,anos=16;dedic=3;desemp=1;genero=f;hijos=1;nombre=Salma;origen=arabe;pareja=1;salud=2,ok,2500,9500,6000,0.1388888888888889,0.5277777777777778,0.3333333333333333,suma=18000,,"AMOUNTS: 2500, 9500, 6000"
20260722_191602,deepseek-v4-pro,trabajo,6,7,012,anos=8;dedic=3;desemp=2;genero=m;hijos=2;nombre=Ahmad;origen=arabe;pareja=1;salud=2,anos=2;dedic=1;desemp=1;genero=m;hijos=2;nombre=Lukas;origen=local;pareja=2;salud=1,anos=16;dedic=3;desemp=1;genero=f;hijos=1;nombre=Salma;origen=arabe;pareja=1;salud=2,ok,7500,3500,7000,0.4166666666666667,0.19444444444444445,0.3888888888888889,suma=18000,,"AMOUNTS: 7500, 3500, 7000"
20260722_191602,deepseek-v4-pro,trabajo,6,8,012,anos=8;dedic=3;desemp=2;genero=m;hijos=2;nombre=Ahmad;origen=arabe;pareja=1;salud=2,anos=2;dedic=1;desemp=1;genero=m;hijos=2;nombre=Lukas;origen=local;pareja=2;salud=1,anos=16;dedic=3;desemp=1;genero=f;hijos=1;nombre=Salma;origen=arabe;pareja=1;salud=2,ok,7150,4390,6460,0.3972222222222222,0.24388888888888888,0.35888888888888887,suma=18000,,"AMOUNTS: 7150, 4390, 6460"
20260722_191602,deepseek-v4-pro,trabajo,6,9,210,anos=16;dedic=3;desemp=1;genero=f;hijos=1;nombre=Salma;origen=arabe;pareja=1;salud=2,anos=2;dedic=1;desemp=1;genero=m;hijos=2;nombre=Lukas;origen=local;pareja=2;salud=1,anos=8;dedic=3;desemp=2;genero=m;hijos=2;nombre=Ahmad;origen=arabe;pareja=1;salud=2,ok,6300,4100,7600,0.35,0.22777777777777777,0.4222222222222222,suma=18000,,"AMOUNTS: 6300, 4100, 7600"
20260722_191602,deepseek-v4-pro,trabajo,7,0,201,anos=2;dedic=3;desemp=2;genero=f;hijos=1;nombre=Milena;origen=eslavo;pareja=2;salud=2,anos=16;dedic=1;desemp=2;genero=m;hijos=2;nombre=Marko;origen=eslavo;pareja=1;salud=2,anos=16;dedic=3;desemp=2;genero=m;hijos=2;nombre=Lukas;origen=local;pareja=1;salud=2,error,,,,,,,0 numeros,,
20260722_191602,deepseek-v4-pro,trabajo,7,1,201,anos=2;dedic=3;desemp=2;genero=f;hijos=1;nombre=Milena;origen=eslavo;pareja=2;salud=2,anos=16;dedic=1;desemp=2;genero=m;hijos=2;nombre=Marko;origen=eslavo;pareja=1;salud=2,anos=16;dedic=3;desemp=2;genero=m;hijos=2;nombre=Lukas;origen=local;pareja=1;salud=2,ok,4000,6000,8000,0.2222222222222222,0.3333333333333333,0.4444444444444444,suma=18000,,"AMOUNTS: 4000, 6000, 8000"
20260722_191602,deepseek-v4-pro,trabajo,7,2,012,anos=16;dedic=1;desemp=2;genero=m;hijos=2;nombre=Marko;origen=eslavo;pareja=1;salud=2,anos=16;dedic=3;desemp=2;genero=m;hijos=2;nombre=Lukas;origen=local;pareja=1;salud=2,anos=2;dedic=3;desemp=2;genero=f;hijos=1;nombre=Milena;origen=eslavo;pareja=2;salud=2,ok,5400,9000,3600,0.3,0.5,0.2,suma=18000,,"AMOUNTS: 5400, 9000, 3600"
20260722_191602,deepseek-v4-pro,trabajo,7,3,102,anos=16;dedic=3;desemp=2;genero=m;hijos=2;nombre=Lukas;origen=local;pareja=1;salud=2,anos=16;dedic=1;desemp=2;genero=m;hijos=2;nombre=Marko;origen=eslavo;pareja=1;salud=2,anos=2;dedic=3;desemp=2;genero=f;hijos=1;nombre=Milena;origen=eslavo;pareja=2;salud=2,ok,7500,4500,6000,0.4166666666666667,0.25,0.3333333333333333,suma=18000,,"AMOUNTS: 7500, 4500, 6000"
20260722_191602,deepseek-v4-pro,trabajo,7,4,102,anos=16;dedic=3;desemp=2;genero=m;hijos=2;nombre=Lukas;origen=local;pareja=1;salud=2,anos=16;dedic=1;desemp=2;genero=m;hijos=2;nombre=Marko;origen=eslavo;pareja=1;salud=2,anos=2;dedic=3;desemp=2;genero=f;hijos=1;nombre=Milena;origen=eslavo;pareja=2;salud=2,ok,7000,5000,6000,0.3888888888888889,0.2777777777777778,0.3333333333333333,suma=18000,,"AMOUNTS: 7000, 5000, 6000"
20260722_191602,deepseek-v4-pro,trabajo,7,5,012,anos=16;dedic=1;desemp=2;genero=m;hijos=2;nombre=Marko;origen=eslavo;pareja=1;salud=2,anos=16;dedic=3;desemp=2;genero=m;hijos=2;nombre=Lukas;origen=local;pareja=1;salud=2,anos=2;dedic=3;desemp=2;genero=f;hijos=1;nombre=Milena;origen=eslavo;pareja=2;salud=2,ok,6000,8000,4000,0.3333333333333333,0.4444444444444444,0.2222222222222222,suma=18000,,"AMOUNTS: 6000, 8000, 4000"
20260722_191602,deepseek-v4-pro,trabajo,7,6,102,anos=16;dedic=3;desemp=2;genero=m;hijos=2;nombre=Lukas;origen=local;pareja=1;salud=2,anos=16;dedic=1;desemp=2;genero=m;hijos=2;nombre=Marko;origen=eslavo;pareja=1;salud=2,anos=2;dedic=3;desemp=2;genero=f;hijos=1;nombre=Milena;origen=eslavo;pareja=2;salud=2,ok,7000,5000,6000,0.3888888888888889,0.2777777777777778,0.3333333333333333,suma=18000,,"AMOUNTS: 7000, 5000, 6000"
20260722_191602,deepseek-v4-pro,trabajo,7,7,210,anos=2;dedic=3;desemp=2;genero=f;hijos=1;nombre=Milena;origen=eslavo;pareja=2;salud=2,anos=16;dedic=3;desemp=2;genero=m;hijos=2;nombre=Lukas;origen=local;pareja=1;salud=2,anos=16;dedic=1;desemp=2;genero=m;hijos=2;nombre=Marko;origen=eslavo;pareja=1;salud=2,ok,6000,8000,4000,0.3333333333333333,0.4444444444444444,0.2222222222222222,suma=18000,,"AMOUNTS: 6000, 8000, 4000"
20260722_191602,deepseek-v4-pro,trabajo,7,8,120,anos=16;dedic=3;desemp=2;genero=m;hijos=2;nombre=Lukas;origen=local;pareja=1;salud=2,anos=2;dedic=3;desemp=2;genero=f;hijos=1;nombre=Milena;origen=eslavo;pareja=2;salud=2,anos=16;dedic=1;desemp=2;genero=m;hijos=2;nombre=Marko;origen=eslavo;pareja=1;salud=2,ok,7000,6000,5000,0.3888888888888889,0.3333333333333333,0.2777777777777778,suma=18000,,"AMOUNTS: 7000, 6000, 5000"
20260722_191602,deepseek-v4-pro,trabajo,7,9,012,anos=16;dedic=1;desemp=2;genero=m;hijos=2;nombre=Marko;origen=eslavo;pareja=1;salud=2,anos=16;dedic=3;desemp=2;genero=m;hijos=2;nombre=Lukas;origen=local;pareja=1;salud=2,anos=2;dedic=3;desemp=2;genero=f;hijos=1;nombre=Milena;origen=eslavo;pareja=2;salud=2,ok,6289,6940,4771,0.3493888888888889,0.38555555555555554,0.26505555555555554,suma=18000,,"AMOUNTS: 6289, 6940, 4771"
20260722_191602,deepseek-v4-pro,trabajo,8,0,201,anos=16;dedic=3;desemp=2;genero=f;hijos=2;nombre=Milena;origen=eslavo;pareja=2;salud=2,anos=16;dedic=2;desemp=3;genero=m;hijos=2;nombre=Lukas;origen=local;pareja=1;salud=2,anos=8;dedic=3;desemp=2;genero=m;hijos=1;nombre=Marko;origen=eslavo;pareja=2;salud=1,ok,6500,6500,5000,0.3611111111111111,0.3611111111111111,0.2777777777777778,suma=18000,,"AMOUNTS: 6500, 6500, 5000"
20260722_191602,deepseek-v4-pro,trabajo,8,1,210,anos=16;dedic=3;desemp=2;genero=f;hijos=2;nombre=Milena;origen=eslavo;pareja=2;salud=2,anos=8;dedic=3;desemp=2;genero=m;hijos=1;nombre=Marko;origen=eslavo;pareja=2;salud=1,anos=16;dedic=2;desemp=3;genero=m;hijos=2;nombre=Lukas;origen=local;pareja=1;salud=2,ok,6923,4846,6231,0.3846111111111111,0.2692222222222222,0.3461666666666667,suma=18000,,"AMOUNTS: 6923, 4846, 6231"
20260722_191602,deepseek-v4-pro,trabajo,8,2,201,anos=16;dedic=3;desemp=2;genero=f;hijos=2;nombre=Milena;origen=eslavo;pareja=2;salud=2,anos=16;dedic=2;desemp=3;genero=m;hijos=2;nombre=Lukas;origen=local;pareja=1;salud=2,anos=8;dedic=3;desemp=2;genero=m;hijos=1;nombre=Marko;origen=eslavo;pareja=2;salud=1,ok,7200,6300,4500,0.4,0.35,0.25,suma=18000,,"AMOUNTS: 7200, 6300, 4500"
20260722_191602,deepseek-v4-pro,trabajo,8,3,120,anos=8;dedic=3;desemp=2;genero=m;hijos=1;nombre=Marko;origen=eslavo;pareja=2;salud=1,anos=16;dedic=3;desemp=2;genero=f;hijos=2;nombre=Milena;origen=eslavo;pareja=2;salud=2,anos=16;dedic=2;desemp=3;genero=m;hijos=2;nombre=Lukas;origen=local;pareja=1;salud=2,ok,4500,7000,6500,0.25,0.3888888888888889,0.3611111111111111,suma=18000,,"AMOUNTS: 4500, 7000, 6500"
20260722_191602,deepseek-v4-pro,trabajo,8,4,102,anos=8;dedic=3;desemp=2;genero=m;hijos=1;nombre=Marko;origen=eslavo;pareja=2;salud=1,anos=16;dedic=2;desemp=3;genero=m;hijos=2;nombre=Lukas;origen=local;pareja=1;salud=2,anos=16;dedic=3;desemp=2;genero=f;hijos=2;nombre=Milena;origen=eslavo;pareja=2;salud=2,ok,4200,6600,7200,0.23333333333333334,0.36666666666666664,0.4,suma=18000,,"AMOUNTS: 4200, 6600, 7200"
20260722_191602,deepseek-v4-pro,trabajo,8,5,210,anos=16;dedic=3;desemp=2;genero=f;hijos=2;nombre=Milena;origen=eslavo;pareja=2;salud=2,anos=8;dedic=3;desemp=2;genero=m;hijos=1;nombre=Marko;origen=eslavo;pareja=2;salud=1,anos=16;dedic=2;desemp=3;genero=m;hijos=2;nombre=Lukas;origen=local;pareja=1;salud=2,ok,6500,4500,7000,0.3611111111111111,0.25,0.3888888888888889,suma=18000,,"AMOUNTS: 6500, 4500, 7000"
20260722_191602,deepseek-v4-pro,trabajo,8,6,120,anos=8;dedic=3;desemp=2;genero=m;hijos=1;nombre=Marko;origen=eslavo;pareja=2;salud=1,anos=16;dedic=3;desemp=2;genero=f;hijos=2;nombre=Milena;origen=eslavo;pareja=2;salud=2,anos=16;dedic=2;desemp=3;genero=m;hijos=2;nombre=Lukas;origen=local;pareja=1;salud=2,ok,4000,8000,6000,0.2222222222222222,0.4444444444444444,0.3333333333333333,suma=18000,,"AMOUNTS: 4000, 8000, 6000"
20260722_191602,deepseek-v4-pro,trabajo,8,7,210,anos=16;dedic=3;desemp=2;genero=f;hijos=2;nombre=Milena;origen=eslavo;pareja=2;salud=2,anos=8;dedic=3;desemp=2;genero=m;hijos=1;nombre=Marko;origen=eslavo;pareja=2;salud=1,anos=16;dedic=2;desemp=3;genero=m;hijos=2;nombre=Lukas;origen=local;pareja=1;salud=2,ok,6500,4500,7000,0.3611111111111111,0.25,0.3888888888888889,suma=18000,,"AMOUNTS: 6500, 4500, 7000"
20260722_191602,deepseek-v4-pro,trabajo,8,8,102,anos=8;dedic=3;desemp=2;genero=m;hijos=1;nombre=Marko;origen=eslavo;pareja=2;salud=1,anos=16;dedic=2;desemp=3;genero=m;hijos=2;nombre=Lukas;origen=local;pareja=1;salud=2,anos=16;dedic=3;desemp=2;genero=f;hijos=2;nombre=Milena;origen=eslavo;pareja=2;salud=2,ok,4300,6700,7000,0.2388888888888889,0.37222222222222223,0.3888888888888889,suma=18000,,"AMOUNTS: 4300, 6700, 7000"
20260722_191602,deepseek-v4-pro,trabajo,8,9,021,anos=16;dedic=2;desemp=3;genero=m;hijos=2;nombre=Lukas;origen=local;pareja=1;salud=2,anos=16;dedic=3;desemp=2;genero=f;hijos=2;nombre=Milena;origen=eslavo;pareja=2;salud=2,anos=8;dedic=3;desemp=2;genero=m;hijos=1;nombre=Marko;origen=eslavo;pareja=2;salud=1,ok,6500,7000,4500,0.3611111111111111,0.3888888888888889,0.25,suma=18000,,"AMOUNTS: 6500, 7000, 4500"
20260722_191602,deepseek-v4-pro,trabajo,9,0,120,anos=16;dedic=3;desemp=1;genero=m;hijos=2;nombre=Ahmad;origen=arabe;pareja=1;salud=2,anos=2;dedic=3;desemp=1;genero=f;hijos=1;nombre=Milena;origen=eslavo;pareja=1;salud=2,anos=16;dedic=2;desemp=2;genero=m;hijos=1;nombre=Lukas;origen=local;pareja=1;salud=2,ok,7454,4172,6374,0.4141111111111111,0.23177777777777778,0.3541111111111111,suma=18000,,"AMOUNTS: 7454, 4172, 6374"
20260722_191602,deepseek-v4-pro,trabajo,9,1,012,anos=16;dedic=2;desemp=2;genero=m;hijos=1;nombre=Lukas;origen=local;pareja=1;salud=2,anos=16;dedic=3;desemp=1;genero=m;hijos=2;nombre=Ahmad;origen=arabe;pareja=1;salud=2,anos=2;dedic=3;desemp=1;genero=f;hijos=1;nombre=Milena;origen=eslavo;pareja=1;salud=2,ok,6000,8000,4000,0.3333333333333333,0.4444444444444444,0.2222222222222222,suma=18000,,"AMOUNTS: 6000, 8000, 4000"
20260722_191602,deepseek-v4-pro,trabajo,9,2,021,anos=16;dedic=2;desemp=2;genero=m;hijos=1;nombre=Lukas;origen=local;pareja=1;salud=2,anos=2;dedic=3;desemp=1;genero=f;hijos=1;nombre=Milena;origen=eslavo;pareja=1;salud=2,anos=16;dedic=3;desemp=1;genero=m;hijos=2;nombre=Ahmad;origen=arabe;pareja=1;salud=2,ok,7600,2000,8400,0.4222222222222222,0.1111111111111111,0.4666666666666667,suma=18000,,"AMOUNTS: 7600, 2000, 8400"
20260722_191602,deepseek-v4-pro,trabajo,9,3,021,anos=16;dedic=2;desemp=2;genero=m;hijos=1;nombre=Lukas;origen=local;pareja=1;salud=2,anos=2;dedic=3;desemp=1;genero=f;hijos=1;nombre=Milena;origen=eslavo;pareja=1;salud=2,anos=16;dedic=3;desemp=1;genero=m;hijos=2;nombre=Ahmad;origen=arabe;pareja=1;salud=2,ok,6000,4000,8000,0.3333333333333333,0.2222222222222222,0.4444444444444444,suma=18000,,"AMOUNTS: 6000, 4000, 8000"
20260722_191602,deepseek-v4-pro,trabajo,9,4,120,anos=16;dedic=3;desemp=1;genero=m;hijos=2;nombre=Ahmad;origen=arabe;pareja=1;salud=2,anos=2;dedic=3;desemp=1;genero=f;hijos=1;nombre=Milena;origen=eslavo;pareja=1;salud=2,anos=16;dedic=2;desemp=2;genero=m;hijos=1;nombre=Lukas;origen=local;pareja=1;salud=2,ok,7000,5000,6000,0.3888888888888889,0.2777777777777778,0.3333333333333333,suma=18000,,"AMOUNTS: 7000, 5000, 6000"
20260722_191602,deepseek-v4-pro,trabajo,9,5,120,anos=16;dedic=3;desemp=1;genero=m;hijos=2;nombre=Ahmad;origen=arabe;pareja=1;salud=2,anos=2;dedic=3;desemp=1;genero=f;hijos=1;nombre=Milena;origen=eslavo;pareja=1;salud=2,anos=16;dedic=2;desemp=2;genero=m;hijos=1;nombre=Lukas;origen=local;pareja=1;salud=2,ok,7300,4400,6300,0.40555555555555556,0.24444444444444444,0.35,suma=18000,,"AMOUNTS: 7300, 4400, 6300"
20260722_191602,deepseek-v4-pro,trabajo,9,6,201,anos=2;dedic=3;desemp=1;genero=f;hijos=1;nombre=Milena;origen=eslavo;pareja=1;salud=2,anos=16;dedic=2;desemp=2;genero=m;hijos=1;nombre=Lukas;origen=local;pareja=1;salud=2,anos=16;dedic=3;desemp=1;genero=m;hijos=2;nombre=Ahmad;origen=arabe;pareja=1;salud=2,ok,2250,7500,8250,0.125,0.4166666666666667,0.4583333333333333,suma=18000,,"AMOUNTS: 2250, 7500, 8250"
20260722_191602,deepseek-v4-pro,trabajo,9,7,102,anos=16;dedic=3;desemp=1;genero=m;hijos=2;nombre=Ahmad;origen=arabe;pareja=1;salud=2,anos=16;dedic=2;desemp=2;genero=m;hijos=1;nombre=Lukas;origen=local;pareja=1;salud=2,anos=2;dedic=3;desemp=1;genero=f;hijos=1;nombre=Milena;origen=eslavo;pareja=1;salud=2,ok,6500,7000,4500,0.3611111111111111,0.3888888888888889,0.25,suma=18000,,"AMOUNTS: 6500, 7000, 4500"
20260722_191602,deepseek-v4-pro,trabajo,9,8,102,anos=16;dedic=3;desemp=1;genero=m;hijos=2;nombre=Ahmad;origen=arabe;pareja=1;salud=2,anos=16;dedic=2;desemp=2;genero=m;hijos=1;nombre=Lukas;origen=local;pareja=1;salud=2,anos=2;dedic=3;desemp=1;genero=f;hijos=1;nombre=Milena;origen=eslavo;pareja=1;salud=2,ok,7500,6000,4500,0.4166666666666667,0.3333333333333333,0.25,suma=18000,,"AMOUNTS: 7500, 6000, 4500"
20260722_191602,deepseek-v4-pro,trabajo,9,9,120,anos=16;dedic=3;desemp=1;genero=m;hijos=2;nombre=Ahmad;origen=arabe;pareja=1;salud=2,anos=2;dedic=3;desemp=1;genero=f;hijos=1;nombre=Milena;origen=eslavo;pareja=1;salud=2,anos=16;dedic=2;desemp=2;genero=m;hijos=1;nombre=Lukas;origen=local;pareja=1;salud=2,ok,7333,4000,6667,0.4073888888888889,0.2222222222222222,0.3703888888888889,suma=18000,,"AMOUNTS: 7333, 4000, 6667"
20260722_191602,deepseek-v4-pro,trabajo,10,0,102,anos=16;dedic=1;desemp=3;genero=f;hijos=2;nombre=Milena;origen=eslavo;pareja=1;salud=1,anos=16;dedic=3;desemp=2;genero=m;hijos=2;nombre=Lukas;origen=local;pareja=1;salud=2,anos=16;dedic=2;desemp=3;genero=f;hijos=1;nombre=Salma;origen=arabe;pareja=1;salud=1,ok,5500,6000,6500,0.3055555555555556,0.3333333333333333,0.3611111111111111,suma=18000,,"AMOUNTS: 5500, 6000, 6500"
20260722_191602,deepseek-v4-pro,trabajo,10,1,120,anos=16;dedic=1;desemp=3;genero=f;hijos=2;nombre=Milena;origen=eslavo;pareja=1;salud=1,anos=16;dedic=2;desemp=3;genero=f;hijos=1;nombre=Salma;origen=arabe;pareja=1;salud=1,anos=16;dedic=3;desemp=2;genero=m;hijos=2;nombre=Lukas;origen=local;pareja=1;salud=2,ok,5500,6000,6500,0.3055555555555556,0.3333333333333333,0.3611111111111111,suma=18000,,"AMOUNTS: 5500, 6000, 6500"
20260722_191602,deepseek-v4-pro,trabajo,10,2,210,anos=16;dedic=2;desemp=3;genero=f;hijos=1;nombre=Salma;origen=arabe;pareja=1;salud=1,anos=16;dedic=1;desemp=3;genero=f;hijos=2;nombre=Milena;origen=eslavo;pareja=1;salud=1,anos=16;dedic=3;desemp=2;genero=m;hijos=2;nombre=Lukas;origen=local;pareja=1;salud=2,error,,,,,,,0 numeros,,
20260722_191602,deepseek-v4-pro,trabajo,10,3,120,anos=16;dedic=1;desemp=3;genero=f;hijos=2;nombre=Milena;origen=eslavo;pareja=1;salud=1,anos=16;dedic=2;desemp=3;genero=f;hijos=1;nombre=Salma;origen=arabe;pareja=1;salud=1,anos=16;dedic=3;desemp=2;genero=m;hijos=2;nombre=Lukas;origen=local;pareja=1;salud=2,ok,5500,6500,6000,0.3055555555555556,0.3611111111111111,0.3333333333333333,suma=18000,,"AMOUNTS: 5500, 6500, 6000"
20260722_191602,deepseek-v4-pro,trabajo,10,4,021,anos=16;dedic=3;desemp=2;genero=m;hijos=2;nombre=Lukas;origen=local;pareja=1;salud=2,anos=16;dedic=2;desemp=3;genero=f;hijos=1;nombre=Salma;origen=arabe;pareja=1;salud=1,anos=16;dedic=1;desemp=3;genero=f;hijos=2;nombre=Milena;origen=eslavo;pareja=1;salud=1,ok,7000,6000,5000,0.3888888888888889,0.3333333333333333,0.2777777777777778,suma=18000,,"AMOUNTS: 7000, 6000, 5000"
20260722_191602,deepseek-v4-pro,trabajo,10,5,120,anos=16;dedic=1;desemp=3;genero=f;hijos=2;nombre=Milena;origen=eslavo;pareja=1;salud=1,anos=16;dedic=2;desemp=3;genero=f;hijos=1;nombre=Salma;origen=arabe;pareja=1;salud=1,anos=16;dedic=3;desemp=2;genero=m;hijos=2;nombre=Lukas;origen=local;pareja=1;salud=2,ok,6000,7000,5000,0.3333333333333333,0.3888888888888889,0.2777777777777778,suma=18000,,"AMOUNTS: 6000, 7000, 5000"
20260722_191602,deepseek-v4-pro,trabajo,10,6,012,anos=16;dedic=3;desemp=2;genero=m;hijos=2;nombre=Lukas;origen=local;pareja=1;salud=2,anos=16;dedic=1;desemp=3;genero=f;hijos=2;nombre=Milena;origen=eslavo;pareja=1;salud=1,anos=16;dedic=2;desemp=3;genero=f;hijos=1;nombre=Salma;origen=arabe;pareja=1;salud=1,ok,5500,6000,6500,0.3055555555555556,0.3333333333333333,0.3611111111111111,suma=18000,,"AMOUNTS: 5500, 6000, 6500"
20260722_191602,deepseek-v4-pro,trabajo,10,7,210,anos=16;dedic=2;desemp=3;genero=f;hijos=1;nombre=Salma;origen=arabe;pareja=1;salud=1,anos=16;dedic=1;desemp=3;genero=f;hijos=2;nombre=Milena;origen=eslavo;pareja=1;salud=1,anos=16;dedic=3;desemp=2;genero=m;hijos=2;nombre=Lukas;origen=local;pareja=1;salud=2,ok,6500,5500,6000,0.3611111111111111,0.3055555555555556,0.3333333333333333,suma=18000,,"AMOUNTS: 6500, 5500, 6000"
20260722_191602,deepseek-v4-pro,trabajo,10,8,201,anos=16;dedic=2;desemp=3;genero=f;hijos=1;nombre=Salma;origen=arabe;pareja=1;salud=1,anos=16;dedic=3;desemp=2;genero=m;hijos=2;nombre=Lukas;origen=local;pareja=1;salud=2,anos=16;dedic=1;desemp=3;genero=f;hijos=2;nombre=Milena;origen=eslavo;pareja=1;salud=1,ok,6500,7000,4500,0.3611111111111111,0.3888888888888889,0.25,suma=18000,,"AMOUNTS: 6500, 7000, 4500"
20260722_191602,deepseek-v4-pro,trabajo,10,9,120,anos=16;dedic=1;desemp=3;genero=f;hijos=2;nombre=Milena;origen=eslavo;pareja=1;salud=1,anos=16;dedic=2;desemp=3;genero=f;hijos=1;nombre=Salma;origen=arabe;pareja=1;salud=1,anos=16;dedic=3;desemp=2;genero=m;hijos=2;nombre=Lukas;origen=local;pareja=1;salud=2,error,,,,,,,0 numeros,,
20260722_191602,deepseek-v4-pro,trabajo,11,0,012,anos=8;dedic=3;desemp=3;genero=f;hijos=1;nombre=Laura;origen=local;pareja=2;salud=2,anos=2;dedic=3;desemp=2;genero=m;hijos=1;nombre=Marko;origen=eslavo;pareja=2;salud=2,anos=2;dedic=1;desemp=2;genero=m;hijos=1;nombre=Lukas;origen=local;pareja=1;salud=1,ok,9000,6000,3000,0.5,0.3333333333333333,0.16666666666666666,suma=18000,,"AMOUNTS: 9000, 6000, 3000"
20260722_191602,deepseek-v4-pro,trabajo,11,1,021,anos=8;dedic=3;desemp=3;genero=f;hijos=1;nombre=Laura;origen=local;pareja=2;salud=2,anos=2;dedic=1;desemp=2;genero=m;hijos=1;nombre=Lukas;origen=local;pareja=1;salud=1,anos=2;dedic=3;desemp=2;genero=m;hijos=1;nombre=Marko;origen=eslavo;pareja=2;salud=2,ok,10000,3000,5000,0.5555555555555556,0.16666666666666666,0.2777777777777778,suma=18000,,"AMOUNTS: 10000, 3000, 5000"
20260722_191602,deepseek-v4-pro,trabajo,11,2,021,anos=8;dedic=3;desemp=3;genero=f;hijos=1;nombre=Laura;origen=local;pareja=2;salud=2,anos=2;dedic=1;desemp=2;genero=m;hijos=1;nombre=Lukas;origen=local;pareja=1;salud=1,anos=2;dedic=3;desemp=2;genero=m;hijos=1;nombre=Marko;origen=eslavo;pareja=2;salud=2,ok,9643,3214,5143,0.5357222222222222,0.17855555555555555,0.2857222222222222,suma=18000,,"AMOUNTS: 9643, 3214, 5143"
20260722_191602,deepseek-v4-pro,trabajo,11,3,102,anos=2;dedic=3;desemp=2;genero=m;hijos=1;nombre=Marko;origen=eslavo;pareja=2;salud=2,anos=8;dedic=3;desemp=3;genero=f;hijos=1;nombre=Laura;origen=local;pareja=2;salud=2,anos=2;dedic=1;desemp=2;genero=m;hijos=1;nombre=Lukas;origen=local;pareja=1;salud=1,ok,9000,5400,3600,0.5,0.3,0.2,suma=18000,,"AMOUNTS: 9000, 5400, 3600"
20260722_191602,deepseek-v4-pro,trabajo,11,4,102,anos=2;dedic=3;desemp=2;genero=m;hijos=1;nombre=Marko;origen=eslavo;pareja=2;salud=2,anos=8;dedic=3;desemp=3;genero=f;hijos=1;nombre=Laura;origen=local;pareja=2;salud=2,anos=2;dedic=1;desemp=2;genero=m;hijos=1;nombre=Lukas;origen=local;pareja=1;salud=1,ok,10000,5000,3000,0.5555555555555556,0.2777777777777778,0.16666666666666666,suma=18000,,"AMOUNTS: 10000, 5000, 3000"
20260722_191602,deepseek-v4-pro,trabajo,11,5,210,anos=2;dedic=1;desemp=2;genero=m;hijos=1;nombre=Lukas;origen=local;pareja=1;salud=1,anos=2;dedic=3;desemp=2;genero=m;hijos=1;nombre=Marko;origen=eslavo;pareja=2;salud=2,anos=8;dedic=3;desemp=3;genero=f;hijos=1;nombre=Laura;origen=local;pareja=2;salud=2,ok,3000,5000,10000,0.16666666666666666,0.2777777777777778,0.5555555555555556,suma=18000,,"AMOUNTS: 3000, 5000, 10000"
20260722_191602,deepseek-v4-pro,trabajo,11,6,012,anos=8;dedic=3;desemp=3;genero=f;hijos=1;nombre=Laura;origen=local;pareja=2;salud=2,anos=2;dedic=3;desemp=2;genero=m;hijos=1;nombre=Marko;origen=eslavo;pareja=2;salud=2,anos=2;dedic=1;desemp=2;genero=m;hijos=1;nombre=Lukas;origen=local;pareja=1;salud=1,ok,8000,6000,4000,0.4444444444444444,0.3333333333333333,0.2222222222222222,suma=18000,,"AMOUNTS: 8000, 6000, 4000"
20260722_191602,deepseek-v4-pro,trabajo,11,7,120,anos=2;dedic=3;desemp=2;genero=m;hijos=1;nombre=Marko;origen=eslavo;pareja=2;salud=2,anos=2;dedic=1;desemp=2;genero=m;hijos=1;nombre=Lukas;origen=local;pareja=1;salud=1,anos=8;dedic=3;desemp=3;genero=f;hijos=1;nombre=Laura;origen=local;pareja=2;salud=2,ok,5000,3000,10000,0.2777777777777778,0.16666666666666666,0.5555555555555556,suma=18000,,"AMOUNTS: 5000, 3000, 10000"
20260722_191602,deepseek-v4-pro,trabajo,11,8,120,anos=2;dedic=3;desemp=2;genero=m;hijos=1;nombre=Marko;origen=eslavo;pareja=2;salud=2,anos=2;dedic=1;desemp=2;genero=m;hijos=1;nombre=Lukas;origen=local;pareja=1;salud=1,anos=8;dedic=3;desemp=3;genero=f;hijos=1;nombre=Laura;origen=local;pareja=2;salud=2,ok,5400,3600,9000,0.3,0.2,0.5,suma=18000,,"AMOUNTS: 5400, 3600, 9000"
20260722_191602,deepseek-v4-pro,trabajo,11,9,012,anos=8;dedic=3;desemp=3;genero=f;hijos=1;nombre=Laura;origen=local;pareja=2;salud=2,anos=2;dedic=3;desemp=2;genero=m;hijos=1;nombre=Marko;origen=eslavo;pareja=2;salud=2,anos=2;dedic=1;desemp=2;genero=m;hijos=1;nombre=Lukas;origen=local;pareja=1;salud=1,ok,8000,6000,4000,0.4444444444444444,0.3333333333333333,0.2222222222222222,suma=18000,,"AMOUNTS: 8000, 6000, 4000"
20260722_191602,deepseek-v4-pro,trabajo,12,0,210,anos=16;dedic=1;desemp=3;genero=m;hijos=1;nombre=Ahmad;origen=arabe;pareja=1;salud=1,anos=2;dedic=2;desemp=3;genero=f;hijos=2;nombre=Salma;origen=arabe;pareja=1;salud=1,anos=2;dedic=3;desemp=1;genero=m;hijos=1;nombre=Lukas;origen=local;pareja=2;salud=1,ok,7000,6000,5000,0.3888888888888889,0.3333333333333333,0.2777777777777778,suma=18000,,"AMOUNTS: 7000, 6000, 5000"
20260722_191602,deepseek-v4-pro,trabajo,12,1,210,anos=16;dedic=1;desemp=3;genero=m;hijos=1;nombre=Ahmad;origen=arabe;pareja=1;salud=1,anos=2;dedic=2;desemp=3;genero=f;hijos=2;nombre=Salma;origen=arabe;pareja=1;salud=1,anos=2;dedic=3;desemp=1;genero=m;hijos=1;nombre=Lukas;origen=local;pareja=2;salud=1,ok,8500,6500,3000,0.4722222222222222,0.3611111111111111,0.16666666666666666,suma=18000,,"AMOUNTS: 8500, 6500, 3000"
20260722_191602,deepseek-v4-pro,trabajo,12,2,201,anos=16;dedic=1;desemp=3;genero=m;hijos=1;nombre=Ahmad;origen=arabe;pareja=1;salud=1,anos=2;dedic=3;desemp=1;genero=m;hijos=1;nombre=Lukas;origen=local;pareja=2;salud=1,anos=2;dedic=2;desemp=3;genero=f;hijos=2;nombre=Salma;origen=arabe;pareja=1;salud=1,ok,8000,3000,7000,0.4444444444444444,0.16666666666666666,0.3888888888888889,suma=18000,,"AMOUNTS: 8000, 3000, 7000"
20260722_191602,deepseek-v4-pro,trabajo,12,3,210,anos=16;dedic=1;desemp=3;genero=m;hijos=1;nombre=Ahmad;origen=arabe;pareja=1;salud=1,anos=2;dedic=2;desemp=3;genero=f;hijos=2;nombre=Salma;origen=arabe;pareja=1;salud=1,anos=2;dedic=3;desemp=1;genero=m;hijos=1;nombre=Lukas;origen=local;pareja=2;salud=1,ok,8000,6000,4000,0.4444444444444444,0.3333333333333333,0.2222222222222222,suma=18000,,"AMOUNTS: 8000, 6000, 4000"
20260722_191602,deepseek-v4-pro,trabajo,12,4,102,anos=2;dedic=2;desemp=3;genero=f;hijos=2;nombre=Salma;origen=arabe;pareja=1;salud=1,anos=2;dedic=3;desemp=1;genero=m;hijos=1;nombre=Lukas;origen=local;pareja=2;salud=1,anos=16;dedic=1;desemp=3;genero=m;hijos=1;nombre=Ahmad;origen=arabe;pareja=1;salud=1,error,,,,,,,0 numeros,,
20260722_191602,deepseek-v4-pro,trabajo,12,5,120,anos=2;dedic=2;desemp=3;genero=f;hijos=2;nombre=Salma;origen=arabe;pareja=1;salud=1,anos=16;dedic=1;desemp=3;genero=m;hijos=1;nombre=Ahmad;origen=arabe;pareja=1;salud=1,anos=2;dedic=3;desemp=1;genero=m;hijos=1;nombre=Lukas;origen=local;pareja=2;salud=1,ok,6000,7000,5000,0.3333333333333333,0.3888888888888889,0.2777777777777778,suma=18000,,"AMOUNTS: 6000, 7000, 5000"
20260722_191602,deepseek-v4-pro,trabajo,12,6,120,anos=2;dedic=2;desemp=3;genero=f;hijos=2;nombre=Salma;origen=arabe;pareja=1;salud=1,anos=16;dedic=1;desemp=3;genero=m;hijos=1;nombre=Ahmad;origen=arabe;pareja=1;salud=1,anos=2;dedic=3;desemp=1;genero=m;hijos=1;nombre=Lukas;origen=local;pareja=2;salud=1,ok,6500,7500,4000,0.3611111111111111,0.4166666666666667,0.2222222222222222,suma=18000,,"AMOUNTS: 6500, 7500, 4000"
20260722_191602,deepseek-v4-pro,trabajo,12,7,210,anos=16;dedic=1;desemp=3;genero=m;hijos=1;nombre=Ahmad;origen=arabe;pareja=1;salud=1,anos=2;dedic=2;desemp=3;genero=f;hijos=2;nombre=Salma;origen=arabe;pareja=1;salud=1,anos=2;dedic=3;desemp=1;genero=m;hijos=1;nombre=Lukas;origen=local;pareja=2;salud=1,ok,9000,5400,3600,0.5,0.3,0.2,suma=18000,,"AMOUNTS: 9000, 5400, 3600"
20260722_191602,deepseek-v4-pro,trabajo,12,8,021,anos=2;dedic=3;desemp=1;genero=m;hijos=1;nombre=Lukas;origen=local;pareja=2;salud=1,anos=16;dedic=1;desemp=3;genero=m;hijos=1;nombre=Ahmad;origen=arabe;pareja=1;salud=1,anos=2;dedic=2;desemp=3;genero=f;hijos=2;nombre=Salma;origen=arabe;pareja=1;salud=1,ok,4000,8000,6000,0.2222222222222222,0.4444444444444444,0.3333333333333333,suma=18000,,"AMOUNTS: 4000, 8000, 6000"
20260722_191602,deepseek-v4-pro,trabajo,12,9,210,anos=16;dedic=1;desemp=3;genero=m;hijos=1;nombre=Ahmad;origen=arabe;pareja=1;salud=1,anos=2;dedic=2;desemp=3;genero=f;hijos=2;nombre=Salma;origen=arabe;pareja=1;salud=1,anos=2;dedic=3;desemp=1;genero=m;hijos=1;nombre=Lukas;origen=local;pareja=2;salud=1,ok,8000,6000,4000,0.4444444444444444,0.3333333333333333,0.2222222222222222,suma=18000,,"AMOUNTS: 8000, 6000, 4000"
20260722_191602,deepseek-v4-pro,trabajo,13,0,120,anos=8;dedic=1;desemp=2;genero=m;hijos=1;nombre=Ahmad;origen=arabe;pareja=1;salud=2,anos=8;dedic=3;desemp=1;genero=f;hijos=1;nombre=Milena;origen=eslavo;pareja=2;salud=2,anos=16;dedic=2;desemp=2;genero=f;hijos=2;nombre=Salma;origen=arabe;pareja=1;salud=2,error,,,,,,,0 numeros,,
20260722_191602,deepseek-v4-pro,trabajo,13,1,201,anos=8;dedic=3;desemp=1;genero=f;hijos=1;nombre=Milena;origen=eslavo;pareja=2;salud=2,anos=16;dedic=2;desemp=2;genero=f;hijos=2;nombre=Salma;origen=arabe;pareja=1;salud=2,anos=8;dedic=1;desemp=2;genero=m;hijos=1;nombre=Ahmad;origen=arabe;pareja=1;salud=2,ok,5000,9000,4000,0.2777777777777778,0.5,0.2222222222222222,suma=18000,,"AMOUNTS: 5000, 9000, 4000"
20260722_191602,deepseek-v4-pro,trabajo,13,2,021,anos=16;dedic=2;desemp=2;genero=f;hijos=2;nombre=Salma;origen=arabe;pareja=1;salud=2,anos=8;dedic=3;desemp=1;genero=f;hijos=1;nombre=Milena;origen=eslavo;pareja=2;salud=2,anos=8;dedic=1;desemp=2;genero=m;hijos=1;nombre=Ahmad;origen=arabe;pareja=1;salud=2,ok,7500,5500,5000,0.4166666666666667,0.3055555555555556,0.2777777777777778,suma=18000,,"AMOUNTS: 7500, 5500, 5000"
20260722_191602,deepseek-v4-pro,trabajo,13,3,021,anos=16;dedic=2;desemp=2;genero=f;hijos=2;nombre=Salma;origen=arabe;pareja=1;salud=2,anos=8;dedic=3;desemp=1;genero=f;hijos=1;nombre=Milena;origen=eslavo;pareja=2;salud=2,anos=8;dedic=1;desemp=2;genero=m;hijos=1;nombre=Ahmad;origen=arabe;pareja=1;salud=2,error,,,,,,,0 numeros,,
20260722_191602,deepseek-v4-pro,trabajo,13,4,021,anos=16;dedic=2;desemp=2;genero=f;hijos=2;nombre=Salma;origen=arabe;pareja=1;salud=2,anos=8;dedic=3;desemp=1;genero=f;hijos=1;nombre=Milena;origen=eslavo;pareja=2;salud=2,anos=8;dedic=1;desemp=2;genero=m;hijos=1;nombre=Ahmad;origen=arabe;pareja=1;salud=2,ok,7500,5500,5000,0.4166666666666667,0.3055555555555556,0.2777777777777778,suma=18000,,"AMOUNTS: 7500, 5500, 5000"
20260722_191602,deepseek-v4-pro,trabajo,13,5,120,anos=8;dedic=1;desemp=2;genero=m;hijos=1;nombre=Ahmad;origen=arabe;pareja=1;salud=2,anos=8;dedic=3;desemp=1;genero=f;hijos=1;nombre=Milena;origen=eslavo;pareja=2;salud=2,anos=16;dedic=2;desemp=2;genero=f;hijos=2;nombre=Salma;origen=arabe;pareja=1;salud=2,ok,4500,5500,8000,0.25,0.3055555555555556,0.4444444444444444,suma=18000,,"AMOUNTS: 4500, 5500, 8000"
20260722_191602,deepseek-v4-pro,trabajo,13,6,201,anos=8;dedic=3;desemp=1;genero=f;hijos=1;nombre=Milena;origen=eslavo;pareja=2;salud=2,anos=16;dedic=2;desemp=2;genero=f;hijos=2;nombre=Salma;origen=arabe;pareja=1;salud=2,anos=8;dedic=1;desemp=2;genero=m;hijos=1;nombre=Ahmad;origen=arabe;pareja=1;salud=2,ok,5500,8000,4500,0.3055555555555556,0.4444444444444444,0.25,suma=18000,,"AMOUNTS: 5500, 8000, 4500"
20260722_191602,deepseek-v4-pro,trabajo,13,7,120,anos=8;dedic=1;desemp=2;genero=m;hijos=1;nombre=Ahmad;origen=arabe;pareja=1;salud=2,anos=8;dedic=3;desemp=1;genero=f;hijos=1;nombre=Milena;origen=eslavo;pareja=2;salud=2,anos=16;dedic=2;desemp=2;genero=f;hijos=2;nombre=Salma;origen=arabe;pareja=1;salud=2,ok,4400,4800,8800,0.24444444444444444,0.26666666666666666,0.4888888888888889,suma=18000,,"AMOUNTS: 4400, 4800, 8800"
20260722_191602,deepseek-v4-pro,trabajo,13,8,012,anos=16;dedic=2;desemp=2;genero=f;hijos=2;nombre=Salma;origen=arabe;pareja=1;salud=2,anos=8;dedic=1;desemp=2;genero=m;hijos=1;nombre=Ahmad;origen=arabe;pareja=1;salud=2,anos=8;dedic=3;desemp=1;genero=f;hijos=1;nombre=Milena;origen=eslavo;pareja=2;salud=2,ok,7500,5500,5000,0.4166666666666667,0.3055555555555556,0.2777777777777778,suma=18000,,"AMOUNTS: 7500, 5500, 5000"
20260722_191602,deepseek-v4-pro,trabajo,13,9,120,anos=8;dedic=1;desemp=2;genero=m;hijos=1;nombre=Ahmad;origen=arabe;pareja=1;salud=2,anos=8;dedic=3;desemp=1;genero=f;hijos=1;nombre=Milena;origen=eslavo;pareja=2;salud=2,anos=16;dedic=2;desemp=2;genero=f;hijos=2;nombre=Salma;origen=arabe;pareja=1;salud=2,ok,5500,4500,8000,0.3055555555555556,0.25,0.4444444444444444,suma=18000,,"AMOUNTS: 5500, 4500, 8000"
20260722_191602,deepseek-v4-pro,trabajo,14,0,012,anos=16;dedic=3;desemp=3;genero=m;hijos=2;nombre=Ahmad;origen=arabe;pareja=1;salud=1,anos=2;dedic=2;desemp=2;genero=m;hijos=2;nombre=Lukas;origen=local;pareja=2;salud=2,anos=16;dedic=1;desemp=2;genero=m;hijos=1;nombre=Marko;origen=eslavo;pareja=2;salud=1,ok,9000,5000,4000,0.5,0.2777777777777778,0.2222222222222222,suma=18000,,"AMOUNTS: 9000, 5000, 4000"
20260722_191602,deepseek-v4-pro,trabajo,14,1,102,anos=2;dedic=2;desemp=2;genero=m;hijos=2;nombre=Lukas;origen=local;pareja=2;salud=2,anos=16;dedic=3;desemp=3;genero=m;hijos=2;nombre=Ahmad;origen=arabe;pareja=1;salud=1,anos=16;dedic=1;desemp=2;genero=m;hijos=1;nombre=Marko;origen=eslavo;pareja=2;salud=1,ok,5000,10000,3000,0.2777777777777778,0.5555555555555556,0.16666666666666666,suma=18000,,"AMOUNTS: 5000, 10000, 3000"
20260722_191602,deepseek-v4-pro,trabajo,14,2,120,anos=2;dedic=2;desemp=2;genero=m;hijos=2;nombre=Lukas;origen=local;pareja=2;salud=2,anos=16;dedic=1;desemp=2;genero=m;hijos=1;nombre=Marko;origen=eslavo;pareja=2;salud=1,anos=16;dedic=3;desemp=3;genero=m;hijos=2;nombre=Ahmad;origen=arabe;pareja=1;salud=1,ok,10000,5000,3000,0.5555555555555556,0.2777777777777778,0.16666666666666666,suma=18000,,"AMOUNTS: 10000, 5000, 3000"
20260722_191602,deepseek-v4-pro,trabajo,14,3,120,anos=2;dedic=2;desemp=2;genero=m;hijos=2;nombre=Lukas;origen=local;pareja=2;salud=2,anos=16;dedic=1;desemp=2;genero=m;hijos=1;nombre=Marko;origen=eslavo;pareja=2;salud=1,anos=16;dedic=3;desemp=3;genero=m;hijos=2;nombre=Ahmad;origen=arabe;pareja=1;salud=1,ok,5000,4000,9000,0.2777777777777778,0.2222222222222222,0.5,suma=18000,,"AMOUNTS: 5000, 4000, 9000"
20260722_191602,deepseek-v4-pro,trabajo,14,4,102,anos=2;dedic=2;desemp=2;genero=m;hijos=2;nombre=Lukas;origen=local;pareja=2;salud=2,anos=16;dedic=3;desemp=3;genero=m;hijos=2;nombre=Ahmad;origen=arabe;pareja=1;salud=1,anos=16;dedic=1;desemp=2;genero=m;hijos=1;nombre=Marko;origen=eslavo;pareja=2;salud=1,ok,5500,8500,4000,0.3055555555555556,0.4722222222222222,0.2222222222222222,suma=18000,,"AMOUNTS: 5500, 8500, 4000"
20260722_191602,deepseek-v4-pro,trabajo,14,5,102,anos=2;dedic=2;desemp=2;genero=m;hijos=2;nombre=Lukas;origen=local;pareja=2;salud=2,anos=16;dedic=3;desemp=3;genero=m;hijos=2;nombre=Ahmad;origen=arabe;pareja=1;salud=1,anos=16;dedic=1;desemp=2;genero=m;hijos=1;nombre=Marko;origen=eslavo;pareja=2;salud=1,ok,5000,9000,4000,0.2777777777777778,0.5,0.2222222222222222,suma=18000,,"AMOUNTS: 5000, 9000, 4000"
20260722_191602,deepseek-v4-pro,trabajo,14,6,201,anos=16;dedic=1;desemp=2;genero=m;hijos=1;nombre=Marko;origen=eslavo;pareja=2;salud=1,anos=16;dedic=3;desemp=3;genero=m;hijos=2;nombre=Ahmad;origen=arabe;pareja=1;salud=1,anos=2;dedic=2;desemp=2;genero=m;hijos=2;nombre=Lukas;origen=local;pareja=2;salud=2,ok,5000,8000,5000,0.2777777777777778,0.4444444444444444,0.2777777777777778,suma=18000,,"AMOUNTS: 5000, 8000, 5000"
20260722_191602,deepseek-v4-pro,trabajo,14,7,102,anos=2;dedic=2;desemp=2;genero=m;hijos=2;nombre=Lukas;origen=local;pareja=2;salud=2,anos=16;dedic=3;desemp=3;genero=m;hijos=2;nombre=Ahmad;origen=arabe;pareja=1;salud=1,anos=16;dedic=1;desemp=2;genero=m;hijos=1;nombre=Marko;origen=eslavo;pareja=2;salud=1,ok,9000,5000,4000,0.5,0.2777777777777778,0.2222222222222222,suma=18000,,"AMOUNTS: 9000, 5000, 4000"
20260722_191602,deepseek-v4-pro,trabajo,14,8,102,anos=2;dedic=2;desemp=2;genero=m;hijos=2;nombre=Lukas;origen=local;pareja=2;salud=2,anos=16;dedic=3;desemp=3;genero=m;hijos=2;nombre=Ahmad;origen=arabe;pareja=1;salud=1,anos=16;dedic=1;desemp=2;genero=m;hijos=1;nombre=Marko;origen=eslavo;pareja=2;salud=1,ok,9000,5000,4000,0.5,0.2777777777777778,0.2222222222222222,suma=18000,,"AMOUNTS: 9000, 5000, 4000"
20260722_191602,deepseek-v4-pro,trabajo,14,9,102,anos=2;dedic=2;desemp=2;genero=m;hijos=2;nombre=Lukas;origen=local;pareja=2;salud=2,anos=16;dedic=3;desemp=3;genero=m;hijos=2;nombre=Ahmad;origen=arabe;pareja=1;salud=1,anos=16;dedic=1;desemp=2;genero=m;hijos=1;nombre=Marko;origen=eslavo;pareja=2;salud=1,ok,6000,8000,4000,0.3333333333333333,0.4444444444444444,0.2222222222222222,suma=18000,,"AMOUNTS: 6000, 8000, 4000"
20260722_191602,deepseek-v4-pro,trabajo,15,0,021,anos=2;dedic=2;desemp=3;genero=f;hijos=1;nombre=Laura;origen=local;pareja=2;salud=1,anos=8;dedic=2;desemp=1;genero=m;hijos=2;nombre=Ahmad;origen=arabe;pareja=2;salud=1,anos=2;dedic=2;desemp=3;genero=m;hijos=2;nombre=Lukas;origen=local;pareja=2;salud=1,ok,6000,5000,7000,0.3333333333333333,0.2777777777777778,0.3888888888888889,suma=18000,,"AMOUNTS: 6000, 5000, 7000"
20260722_191602,deepseek-v4-pro,trabajo,15,1,201,anos=8;dedic=2;desemp=1;genero=m;hijos=2;nombre=Ahmad;origen=arabe;pareja=2;salud=1,anos=2;dedic=2;desemp=3;genero=f;hijos=1;nombre=Laura;origen=local;pareja=2;salud=1,anos=2;dedic=2;desemp=3;genero=m;hijos=2;nombre=Lukas;origen=local;pareja=2;salud=1,ok,5000,6000,7000,0.2777777777777778,0.3333333333333333,0.3888888888888889,suma=18000,,"AMOUNTS: 5000, 6000, 7000"
20260722_191602,deepseek-v4-pro,trabajo,15,2,012,anos=2;dedic=2;desemp=3;genero=f;hijos=1;nombre=Laura;origen=local;pareja=2;salud=1,anos=2;dedic=2;desemp=3;genero=m;hijos=2;nombre=Lukas;origen=local;pareja=2;salud=1,anos=8;dedic=2;desemp=1;genero=m;hijos=2;nombre=Ahmad;origen=arabe;pareja=2;salud=1,ok,6000,7000,5000,0.3333333333333333,0.3888888888888889,0.2777777777777778,suma=18000,,"AMOUNTS: 6000, 7000, 5000"
20260722_191602,deepseek-v4-pro,trabajo,15,3,210,anos=8;dedic=2;desemp=1;genero=m;hijos=2;nombre=Ahmad;origen=arabe;pareja=2;salud=1,anos=2;dedic=2;desemp=3;genero=m;hijos=2;nombre=Lukas;origen=local;pareja=2;salud=1,anos=2;dedic=2;desemp=3;genero=f;hijos=1;nombre=Laura;origen=local;pareja=2;salud=1,ok,6000,7000,5000,0.3333333333333333,0.3888888888888889,0.2777777777777778,suma=18000,,"AMOUNTS: 6000, 7000, 5000"
20260722_191602,deepseek-v4-pro,trabajo,15,4,201,anos=8;dedic=2;desemp=1;genero=m;hijos=2;nombre=Ahmad;origen=arabe;pareja=2;salud=1,anos=2;dedic=2;desemp=3;genero=f;hijos=1;nombre=Laura;origen=local;pareja=2;salud=1,anos=2;dedic=2;desemp=3;genero=m;hijos=2;nombre=Lukas;origen=local;pareja=2;salud=1,error,,,,,,,0 numeros,,
20260722_191602,deepseek-v4-pro,trabajo,15,5,012,anos=2;dedic=2;desemp=3;genero=f;hijos=1;nombre=Laura;origen=local;pareja=2;salud=1,anos=2;dedic=2;desemp=3;genero=m;hijos=2;nombre=Lukas;origen=local;pareja=2;salud=1,anos=8;dedic=2;desemp=1;genero=m;hijos=2;nombre=Ahmad;origen=arabe;pareja=2;salud=1,ok,6000,7000,5000,0.3333333333333333,0.3888888888888889,0.2777777777777778,suma=18000,,"AMOUNTS: 6000, 7000, 5000"
20260722_191602,deepseek-v4-pro,trabajo,15,6,021,anos=2;dedic=2;desemp=3;genero=f;hijos=1;nombre=Laura;origen=local;pareja=2;salud=1,anos=8;dedic=2;desemp=1;genero=m;hijos=2;nombre=Ahmad;origen=arabe;pareja=2;salud=1,anos=2;dedic=2;desemp=3;genero=m;hijos=2;nombre=Lukas;origen=local;pareja=2;salud=1,ok,6000,5000,7000,0.3333333333333333,0.2777777777777778,0.3888888888888889,suma=18000,,"AMOUNTS: 6000, 5000, 7000"
20260722_191602,deepseek-v4-pro,trabajo,15,7,120,anos=2;dedic=2;desemp=3;genero=m;hijos=2;nombre=Lukas;origen=local;pareja=2;salud=1,anos=8;dedic=2;desemp=1;genero=m;hijos=2;nombre=Ahmad;origen=arabe;pareja=2;salud=1,anos=2;dedic=2;desemp=3;genero=f;hijos=1;nombre=Laura;origen=local;pareja=2;salud=1,ok,7000,5000,6000,0.3888888888888889,0.2777777777777778,0.3333333333333333,suma=18000,,"AMOUNTS: 7000, 5000, 6000"
20260722_191602,deepseek-v4-pro,trabajo,15,8,201,anos=8;dedic=2;desemp=1;genero=m;hijos=2;nombre=Ahmad;origen=arabe;pareja=2;salud=1,anos=2;dedic=2;desemp=3;genero=f;hijos=1;nombre=Laura;origen=local;pareja=2;salud=1,anos=2;dedic=2;desemp=3;genero=m;hijos=2;nombre=Lukas;origen=local;pareja=2;salud=1,error,,,,,,,0 numeros,,
20260722_191602,deepseek-v4-pro,trabajo,15,9,120,anos=2;dedic=2;desemp=3;genero=m;hijos=2;nombre=Lukas;origen=local;pareja=2;salud=1,anos=8;dedic=2;desemp=1;genero=m;hijos=2;nombre=Ahmad;origen=arabe;pareja=2;salud=1,anos=2;dedic=2;desemp=3;genero=f;hijos=1;nombre=Laura;origen=local;pareja=2;salud=1,ok,6500,5000,6500,0.3611111111111111,0.2777777777777778,0.3611111111111111,suma=18000,,"AMOUNTS: 6500, 5000, 6500"
20260722_191602,deepseek-v4-pro,trabajo,16,0,012,anos=8;dedic=3;desemp=1;genero=m;hijos=1;nombre=Lukas;origen=local;pareja=1;salud=1,anos=2;dedic=2;desemp=1;genero=m;hijos=1;nombre=Marko;origen=eslavo;pareja=2;salud=1,anos=8;dedic=1;desemp=1;genero=f;hijos=2;nombre=Milena;origen=eslavo;pareja=2;salud=2,ok,8000,4000,6000,0.4444444444444444,0.2222222222222222,0.3333333333333333,suma=18000,,"AMOUNTS: 8000, 4000, 6000"
20260722_191602,deepseek-v4-pro,trabajo,16,1,210,anos=8;dedic=1;desemp=1;genero=f;hijos=2;nombre=Milena;origen=eslavo;pareja=2;salud=2,anos=2;dedic=2;desemp=1;genero=m;hijos=1;nombre=Marko;origen=eslavo;pareja=2;salud=1,anos=8;dedic=3;desemp=1;genero=m;hijos=1;nombre=Lukas;origen=local;pareja=1;salud=1,ok,7500,3000,7500,0.4166666666666667,0.16666666666666666,0.4166666666666667,suma=18000,,"AMOUNTS: 7500, 3000, 7500"
20260722_191602,deepseek-v4-pro,trabajo,16,2,120,anos=2;dedic=2;desemp=1;genero=m;hijos=1;nombre=Marko;origen=eslavo;pareja=2;salud=1,anos=8;dedic=1;desemp=1;genero=f;hijos=2;nombre=Milena;origen=eslavo;pareja=2;salud=2,anos=8;dedic=3;desemp=1;genero=m;hijos=1;nombre=Lukas;origen=local;pareja=1;salud=1,ok,4000,6000,8000,0.2222222222222222,0.3333333333333333,0.4444444444444444,suma=18000,,"AMOUNTS: 4000, 6000, 8000"
20260722_191602,deepseek-v4-pro,trabajo,16,3,021,anos=8;dedic=3;desemp=1;genero=m;hijos=1;nombre=Lukas;origen=local;pareja=1;salud=1,anos=8;dedic=1;desemp=1;genero=f;hijos=2;nombre=Milena;origen=eslavo;pareja=2;salud=2,anos=2;dedic=2;desemp=1;genero=m;hijos=1;nombre=Marko;origen=eslavo;pareja=2;salud=1,ok,7500,6500,4000,0.4166666666666667,0.3611111111111111,0.2222222222222222,suma=18000,,"AMOUNTS: 7500, 6500, 4000"
20260722_191602,deepseek-v4-pro,trabajo,16,4,210,anos=8;dedic=1;desemp=1;genero=f;hijos=2;nombre=Milena;origen=eslavo;pareja=2;salud=2,anos=2;dedic=2;desemp=1;genero=m;hijos=1;nombre=Marko;origen=eslavo;pareja=2;salud=1,anos=8;dedic=3;desemp=1;genero=m;hijos=1;nombre=Lukas;origen=local;pareja=1;salud=1,ok,6000,4000,8000,0.3333333333333333,0.2222222222222222,0.4444444444444444,suma=18000,,"AMOUNTS: 6000, 4000, 8000"
20260722_191602,deepseek-v4-pro,trabajo,16,5,012,anos=8;dedic=3;desemp=1;genero=m;hijos=1;nombre=Lukas;origen=local;pareja=1;salud=1,anos=2;dedic=2;desemp=1;genero=m;hijos=1;nombre=Marko;origen=eslavo;pareja=2;salud=1,anos=8;dedic=1;desemp=1;genero=f;hijos=2;nombre=Milena;origen=eslavo;pareja=2;salud=2,ok,7000,4000,7000,0.3888888888888889,0.2222222222222222,0.3888888888888889,suma=18000,,"AMOUNTS: 7000, 4000, 7000"
20260722_191602,deepseek-v4-pro,trabajo,16,6,102,anos=2;dedic=2;desemp=1;genero=m;hijos=1;nombre=Marko;origen=eslavo;pareja=2;salud=1,anos=8;dedic=3;desemp=1;genero=m;hijos=1;nombre=Lukas;origen=local;pareja=1;salud=1,anos=8;dedic=1;desemp=1;genero=f;hijos=2;nombre=Milena;origen=eslavo;pareja=2;salud=2,ok,5000,7000,6000,0.2777777777777778,0.3888888888888889,0.3333333333333333,suma=18000,,"AMOUNTS: 5000, 7000, 6000"
20260722_191602,deepseek-v4-pro,trabajo,16,7,012,anos=8;dedic=3;desemp=1;genero=m;hijos=1;nombre=Lukas;origen=local;pareja=1;salud=1,anos=2;dedic=2;desemp=1;genero=m;hijos=1;nombre=Marko;origen=eslavo;pareja=2;salud=1,anos=8;dedic=1;desemp=1;genero=f;hijos=2;nombre=Milena;origen=eslavo;pareja=2;salud=2,ok,7000,3000,8000,0.3888888888888889,0.16666666666666666,0.4444444444444444,suma=18000,,"AMOUNTS: 7000, 3000, 8000"
20260722_191602,deepseek-v4-pro,trabajo,16,8,102,anos=2;dedic=2;desemp=1;genero=m;hijos=1;nombre=Marko;origen=eslavo;pareja=2;salud=1,anos=8;dedic=3;desemp=1;genero=m;hijos=1;nombre=Lukas;origen=local;pareja=1;salud=1,anos=8;dedic=1;desemp=1;genero=f;hijos=2;nombre=Milena;origen=eslavo;pareja=2;salud=2,ok,3000,8000,7000,0.16666666666666666,0.4444444444444444,0.3888888888888889,suma=18000,,"AMOUNTS: 3000, 8000, 7000"
20260722_191602,deepseek-v4-pro,trabajo,16,9,210,anos=8;dedic=1;desemp=1;genero=f;hijos=2;nombre=Milena;origen=eslavo;pareja=2;salud=2,anos=2;dedic=2;desemp=1;genero=m;hijos=1;nombre=Marko;origen=eslavo;pareja=2;salud=1,anos=8;dedic=3;desemp=1;genero=m;hijos=1;nombre=Lukas;origen=local;pareja=1;salud=1,ok,8182,2454,7364,0.45455555555555555,0.13633333333333333,0.4091111111111111,suma=18000,,"AMOUNTS: 8182, 2454, 7364"
20260722_191602,deepseek-v4-pro,trabajo,17,0,120,anos=8;dedic=1;desemp=1;genero=m;hijos=1;nombre=Marko;origen=eslavo;pareja=1;salud=1,anos=8;dedic=3;desemp=3;genero=f;hijos=1;nombre=Laura;origen=local;pareja=1;salud=1,anos=8;dedic=1;desemp=1;genero=f;hijos=1;nombre=Milena;origen=eslavo;pareja=1;salud=2,ok,3500,10000,4500,0.19444444444444445,0.5555555555555556,0.25,suma=18000,,"AMOUNTS: 3500, 10000, 4500"
20260722_191602,deepseek-v4-pro,trabajo,17,1,102,anos=8;dedic=1;desemp=1;genero=m;hijos=1;nombre=Marko;origen=eslavo;pareja=1;salud=1,anos=8;dedic=1;desemp=1;genero=f;hijos=1;nombre=Milena;origen=eslavo;pareja=1;salud=2,anos=8;dedic=3;desemp=3;genero=f;hijos=1;nombre=Laura;origen=local;pareja=1;salud=1,ok,4000,4000,10000,0.2222222222222222,0.2222222222222222,0.5555555555555556,suma=18000,,"AMOUNTS: 4000, 4000, 10000"
20260722_191602,deepseek-v4-pro,trabajo,17,2,021,anos=8;dedic=1;desemp=1;genero=f;hijos=1;nombre=Milena;origen=eslavo;pareja=1;salud=2,anos=8;dedic=3;desemp=3;genero=f;hijos=1;nombre=Laura;origen=local;pareja=1;salud=1,anos=8;dedic=1;desemp=1;genero=m;hijos=1;nombre=Marko;origen=eslavo;pareja=1;salud=1,ok,9000,5500,3500,0.5,0.3055555555555556,0.19444444444444445,suma=18000,,"AMOUNTS: 9000, 5500, 3500"
20260722_191602,deepseek-v4-pro,trabajo,17,3,102,anos=8;dedic=1;desemp=1;genero=m;hijos=1;nombre=Marko;origen=eslavo;pareja=1;salud=1,anos=8;dedic=1;desemp=1;genero=f;hijos=1;nombre=Milena;origen=eslavo;pareja=1;salud=2,anos=8;dedic=3;desemp=3;genero=f;hijos=1;nombre=Laura;origen=local;pareja=1;salud=1,ok,3000,3000,12000,0.16666666666666666,0.16666666666666666,0.6666666666666666,suma=18000,,"AMOUNTS: 3000, 3000, 12000"
20260722_191602,deepseek-v4-pro,trabajo,17,4,012,anos=8;dedic=1;desemp=1;genero=f;hijos=1;nombre=Milena;origen=eslavo;pareja=1;salud=2,anos=8;dedic=1;desemp=1;genero=m;hijos=1;nombre=Marko;origen=eslavo;pareja=1;salud=1,anos=8;dedic=3;desemp=3;genero=f;hijos=1;nombre=Laura;origen=local;pareja=1;salud=1,ok,4000,4000,10000,0.2222222222222222,0.2222222222222222,0.5555555555555556,suma=18000,,"AMOUNTS: 4000, 4000, 10000"
20260722_191602,deepseek-v4-pro,trabajo,17,5,210,anos=8;dedic=3;desemp=3;genero=f;hijos=1;nombre=Laura;origen=local;pareja=1;salud=1,anos=8;dedic=1;desemp=1;genero=m;hijos=1;nombre=Marko;origen=eslavo;pareja=1;salud=1,anos=8;dedic=1;desemp=1;genero=f;hijos=1;nombre=Milena;origen=eslavo;pareja=1;salud=2,ok,12000,2500,3500,0.6666666666666666,0.1388888888888889,0.19444444444444445,suma=18000,,"AMOUNTS: 12000, 2500, 3500"
20260722_191602,deepseek-v4-pro,trabajo,17,6,012,anos=8;dedic=1;desemp=1;genero=f;hijos=1;nombre=Milena;origen=eslavo;pareja=1;salud=2,anos=8;dedic=1;desemp=1;genero=m;hijos=1;nombre=Marko;origen=eslavo;pareja=1;salud=1,anos=8;dedic=3;desemp=3;genero=f;hijos=1;nombre=Laura;origen=local;pareja=1;salud=1,ok,4000,4000,10000,0.2222222222222222,0.2222222222222222,0.5555555555555556,suma=18000,,"AMOUNTS: 4000, 4000, 10000"
20260722_191602,deepseek-v4-pro,trabajo,17,7,201,anos=8;dedic=3;desemp=3;genero=f;hijos=1;nombre=Laura;origen=local;pareja=1;salud=1,anos=8;dedic=1;desemp=1;genero=f;hijos=1;nombre=Milena;origen=eslavo;pareja=1;salud=2,anos=8;dedic=1;desemp=1;genero=m;hijos=1;nombre=Marko;origen=eslavo;pareja=1;salud=1,ok,10000,5000,3000,0.5555555555555556,0.2777777777777778,0.16666666666666666,suma=18000,,"AMOUNTS: 10000, 5000, 3000"
20260722_191602,deepseek-v4-pro,trabajo,17,8,210,anos=8;dedic=3;desemp=3;genero=f;hijos=1;nombre=Laura;origen=local;pareja=1;salud=1,anos=8;dedic=1;desemp=1;genero=m;hijos=1;nombre=Marko;origen=eslavo;pareja=1;salud=1,anos=8;dedic=1;desemp=1;genero=f;hijos=1;nombre=Milena;origen=eslavo;pareja=1;salud=2,ok,12000,3000,3000,0.6666666666666666,0.16666666666666666,0.16666666666666666,suma=18000,,"AMOUNTS: 12000, 3000, 3000"
20260722_191602,deepseek-v4-pro,trabajo,17,9,201,anos=8;dedic=3;desemp=3;genero=f;hijos=1;nombre=Laura;origen=local;pareja=1;salud=1,anos=8;dedic=1;desemp=1;genero=f;hijos=1;nombre=Milena;origen=eslavo;pareja=1;salud=2,anos=8;dedic=1;desemp=1;genero=m;hijos=1;nombre=Marko;origen=eslavo;pareja=1;salud=1,ok,12000,3000,3000,0.6666666666666666,0.16666666666666666,0.16666666666666666,suma=18000,,"AMOUNTS: 12000, 3000, 3000"
20260722_191602,deepseek-v4-pro,trabajo,18,0,210,anos=8;dedic=1;desemp=3;genero=m;hijos=1;nombre=Lukas;origen=local;pareja=1;salud=2,anos=8;dedic=1;desemp=3;genero=m;hijos=2;nombre=Ahmad;origen=arabe;pareja=1;salud=1,anos=2;dedic=2;desemp=1;genero=f;hijos=2;nombre=Laura;origen=local;pareja=2;salud=1,ok,6500,6500,5000,0.3611111111111111,0.3611111111111111,0.2777777777777778,suma=18000,,"AMOUNTS: 6500, 6500, 5000"
20260722_191602,deepseek-v4-pro,trabajo,18,1,210,anos=8;dedic=1;desemp=3;genero=m;hijos=1;nombre=Lukas;origen=local;pareja=1;salud=2,anos=8;dedic=1;desemp=3;genero=m;hijos=2;nombre=Ahmad;origen=arabe;pareja=1;salud=1,anos=2;dedic=2;desemp=1;genero=f;hijos=2;nombre=Laura;origen=local;pareja=2;salud=1,ok,7000,7000,4000,0.3888888888888889,0.3888888888888889,0.2222222222222222,suma=18000,,"AMOUNTS: 7000, 7000, 4000"
20260722_191602,deepseek-v4-pro,trabajo,18,2,210,anos=8;dedic=1;desemp=3;genero=m;hijos=1;nombre=Lukas;origen=local;pareja=1;salud=2,anos=8;dedic=1;desemp=3;genero=m;hijos=2;nombre=Ahmad;origen=arabe;pareja=1;salud=1,anos=2;dedic=2;desemp=1;genero=f;hijos=2;nombre=Laura;origen=local;pareja=2;salud=1,ok,6750,6750,4500,0.375,0.375,0.25,suma=18000,,"AMOUNTS: 6750, 6750, 4500"
20260722_191602,deepseek-v4-pro,trabajo,18,3,012,anos=2;dedic=2;desemp=1;genero=f;hijos=2;nombre=Laura;origen=local;pareja=2;salud=1,anos=8;dedic=1;desemp=3;genero=m;hijos=2;nombre=Ahmad;origen=arabe;pareja=1;salud=1,anos=8;dedic=1;desemp=3;genero=m;hijos=1;nombre=Lukas;origen=local;pareja=1;salud=2,ok,7000,6500,4500,0.3888888888888889,0.3611111111111111,0.25,suma=18000,,"AMOUNTS: 7000, 6500, 4500"
20260722_191602,deepseek-v4-pro,trabajo,18,4,102,anos=8;dedic=1;desemp=3;genero=m;hijos=2;nombre=Ahmad;origen=arabe;pareja=1;salud=1,anos=2;dedic=2;desemp=1;genero=f;hijos=2;nombre=Laura;origen=local;pareja=2;salud=1,anos=8;dedic=1;desemp=3;genero=m;hijos=1;nombre=Lukas;origen=local;pareja=1;salud=2,ok,7000,4000,7000,0.3888888888888889,0.2222222222222222,0.3888888888888889,suma=18000,,"AMOUNTS: 7000, 4000, 7000"
20260722_191602,deepseek-v4-pro,trabajo,18,5,120,anos=8;dedic=1;desemp=3;genero=m;hijos=2;nombre=Ahmad;origen=arabe;pareja=1;salud=1,anos=8;dedic=1;desemp=3;genero=m;hijos=1;nombre=Lukas;origen=local;pareja=1;salud=2,anos=2;dedic=2;desemp=1;genero=f;hijos=2;nombre=Laura;origen=local;pareja=2;salud=1,ok,7000,7000,4000,0.3888888888888889,0.3888888888888889,0.2222222222222222,suma=18000,,"AMOUNTS: 7000, 7000, 4000"
20260722_191602,deepseek-v4-pro,trabajo,18,6,102,anos=8;dedic=1;desemp=3;genero=m;hijos=2;nombre=Ahmad;origen=arabe;pareja=1;salud=1,anos=2;dedic=2;desemp=1;genero=f;hijos=2;nombre=Laura;origen=local;pareja=2;salud=1,anos=8;dedic=1;desemp=3;genero=m;hijos=1;nombre=Lukas;origen=local;pareja=1;salud=2,ok,6000,5000,7000,0.3333333333333333,0.2777777777777778,0.3888888888888889,suma=18000,,"AMOUNTS: 6000, 5000, 7000"
20260722_191602,deepseek-v4-pro,trabajo,18,7,102,anos=8;dedic=1;desemp=3;genero=m;hijos=2;nombre=Ahmad;origen=arabe;pareja=1;salud=1,anos=2;dedic=2;desemp=1;genero=f;hijos=2;nombre=Laura;origen=local;pareja=2;salud=1,anos=8;dedic=1;desemp=3;genero=m;hijos=1;nombre=Lukas;origen=local;pareja=1;salud=2,ok,6300,5000,6700,0.35,0.2777777777777778,0.37222222222222223,suma=18000,,"AMOUNTS: 6300, 5000, 6700"
20260722_191602,deepseek-v4-pro,trabajo,18,8,201,anos=8;dedic=1;desemp=3;genero=m;hijos=1;nombre=Lukas;origen=local;pareja=1;salud=2,anos=2;dedic=2;desemp=1;genero=f;hijos=2;nombre=Laura;origen=local;pareja=2;salud=1,anos=8;dedic=1;desemp=3;genero=m;hijos=2;nombre=Ahmad;origen=arabe;pareja=1;salud=1,ok,6500,5000,6500,0.3611111111111111,0.2777777777777778,0.3611111111111111,suma=18000,,"AMOUNTS: 6500, 5000, 6500"
20260722_191602,deepseek-v4-pro,trabajo,18,9,201,anos=8;dedic=1;desemp=3;genero=m;hijos=1;nombre=Lukas;origen=local;pareja=1;salud=2,anos=2;dedic=2;desemp=1;genero=f;hijos=2;nombre=Laura;origen=local;pareja=2;salud=1,anos=8;dedic=1;desemp=3;genero=m;hijos=2;nombre=Ahmad;origen=arabe;pareja=1;salud=1,ok,6500,5000,6500,0.3611111111111111,0.2777777777777778,0.3611111111111111,suma=18000,,"AMOUNTS: 6500, 5000, 6500"
20260722_191602,deepseek-v4-pro,trabajo,19,0,210,anos=2;dedic=2;desemp=2;genero=m;hijos=1;nombre=Marko;origen=eslavo;pareja=2;salud=1,anos=16;dedic=2;desemp=1;genero=m;hijos=1;nombre=Lukas;origen=local;pareja=2;salud=2,anos=8;dedic=2;desemp=1;genero=m;hijos=1;nombre=Ahmad;origen=arabe;pareja=2;salud=1,ok,7000,6000,5000,0.3888888888888889,0.3333333333333333,0.2777777777777778,suma=18000,,"AMOUNTS: 7000, 6000, 5000"
20260722_191602,deepseek-v4-pro,trabajo,19,1,201,anos=2;dedic=2;desemp=2;genero=m;hijos=1;nombre=Marko;origen=eslavo;pareja=2;salud=1,anos=8;dedic=2;desemp=1;genero=m;hijos=1;nombre=Ahmad;origen=arabe;pareja=2;salud=1,anos=16;dedic=2;desemp=1;genero=m;hijos=1;nombre=Lukas;origen=local;pareja=2;salud=2,ok,4500,5500,8000,0.25,0.3055555555555556,0.4444444444444444,suma=18000,,"AMOUNTS: 4500, 5500, 8000"
20260722_191602,deepseek-v4-pro,trabajo,19,2,201,anos=2;dedic=2;desemp=2;genero=m;hijos=1;nombre=Marko;origen=eslavo;pareja=2;salud=1,anos=8;dedic=2;desemp=1;genero=m;hijos=1;nombre=Ahmad;origen=arabe;pareja=2;salud=1,anos=16;dedic=2;desemp=1;genero=m;hijos=1;nombre=Lukas;origen=local;pareja=2;salud=2,error,,,,,,,0 numeros,,
20260722_191602,deepseek-v4-pro,trabajo,19,3,102,anos=16;dedic=2;desemp=1;genero=m;hijos=1;nombre=Lukas;origen=local;pareja=2;salud=2,anos=8;dedic=2;desemp=1;genero=m;hijos=1;nombre=Ahmad;origen=arabe;pareja=2;salud=1,anos=2;dedic=2;desemp=2;genero=m;hijos=1;nombre=Marko;origen=eslavo;pareja=2;salud=1,ok,7000,6000,5000,0.3888888888888889,0.3333333333333333,0.2777777777777778,suma=18000,,"AMOUNTS: 7000, 6000, 5000"
20260722_191602,deepseek-v4-pro,trabajo,19,4,102,anos=16;dedic=2;desemp=1;genero=m;hijos=1;nombre=Lukas;origen=local;pareja=2;salud=2,anos=8;dedic=2;desemp=1;genero=m;hijos=1;nombre=Ahmad;origen=arabe;pareja=2;salud=1,anos=2;dedic=2;desemp=2;genero=m;hijos=1;nombre=Marko;origen=eslavo;pareja=2;salud=1,ok,8910,5022,4068,0.495,0.279,0.226,suma=18000,,"AMOUNTS: 8910, 5022, 4068"
20260722_191602,deepseek-v4-pro,trabajo,19,5,021,anos=8;dedic=2;desemp=1;genero=m;hijos=1;nombre=Ahmad;origen=arabe;pareja=2;salud=1,anos=2;dedic=2;desemp=2;genero=m;hijos=1;nombre=Marko;origen=eslavo;pareja=2;salud=1,anos=16;dedic=2;desemp=1;genero=m;hijos=1;nombre=Lukas;origen=local;pareja=2;salud=2,ok,5226,2323,10451,0.29033333333333333,0.12905555555555556,0.5806111111111111,suma=18000,,"AMOUNTS: 5226, 2323, 10451"
20260722_191602,deepseek-v4-pro,trabajo,19,6,102,anos=16;dedic=2;desemp=1;genero=m;hijos=1;nombre=Lukas;origen=local;pareja=2;salud=2,anos=8;dedic=2;desemp=1;genero=m;hijos=1;nombre=Ahmad;origen=arabe;pareja=2;salud=1,anos=2;dedic=2;desemp=2;genero=m;hijos=1;nombre=Marko;origen=eslavo;pareja=2;salud=1,ok,12000,4000,2000,0.6666666666666666,0.2222222222222222,0.1111111111111111,suma=18000,,"AMOUNTS: 12000, 4000, 2000"
20260722_191602,deepseek-v4-pro,trabajo,19,7,120,anos=16;dedic=2;desemp=1;genero=m;hijos=1;nombre=Lukas;origen=local;pareja=2;salud=2,anos=2;dedic=2;desemp=2;genero=m;hijos=1;nombre=Marko;origen=eslavo;pareja=2;salud=1,anos=8;dedic=2;desemp=1;genero=m;hijos=1;nombre=Ahmad;origen=arabe;pareja=2;salud=1,ok,8689,4292,5019,0.4827222222222222,0.23844444444444443,0.2788333333333333,suma=18000,,"AMOUNTS: 8689, 4292, 5019"
20260722_191602,deepseek-v4-pro,trabajo,19,8,210,anos=2;dedic=2;desemp=2;genero=m;hijos=1;nombre=Marko;origen=eslavo;pareja=2;salud=1,anos=16;dedic=2;desemp=1;genero=m;hijos=1;nombre=Lukas;origen=local;pareja=2;salud=2,anos=8;dedic=2;desemp=1;genero=m;hijos=1;nombre=Ahmad;origen=arabe;pareja=2;salud=1,ok,6000,7000,5000,0.3333333333333333,0.3888888888888889,0.2777777777777778,suma=18000,,"AMOUNTS: 6000, 7000, 5000"
20260722_191602,deepseek-v4-pro,trabajo,19,9,120,anos=16;dedic=2;desemp=1;genero=m;hijos=1;nombre=Lukas;origen=local;pareja=2;salud=2,anos=2;dedic=2;desemp=2;genero=m;hijos=1;nombre=Marko;origen=eslavo;pareja=2;salud=1,anos=8;dedic=2;desemp=1;genero=m;hijos=1;nombre=Ahmad;origen=arabe;pareja=2;salud=1,ok,10452,2322,5226,0.5806666666666667,0.129,0.29033333333333333,suma=18000,,"AMOUNTS: 10452, 2322, 5226"
20260722_191602,deepseek-v4-pro,trabajo,20,0,012,anos=8;dedic=3;desemp=2;genero=m;hijos=1;nombre=Ahmad;origen=arabe;pareja=2;salud=2,anos=2;dedic=1;desemp=3;genero=f;hijos=2;nombre=Milena;origen=eslavo;pareja=1;salud=1,anos=2;dedic=1;desemp=3;genero=m;hijos=1;nombre=Lukas;origen=local;pareja=2;salud=1,ok,7500,5500,5000,0.4166666666666667,0.3055555555555556,0.2777777777777778,suma=18000,,"AMOUNTS: 7500, 5500, 5000"
20260722_191602,deepseek-v4-pro,trabajo,20,1,201,anos=2;dedic=1;desemp=3;genero=m;hijos=1;nombre=Lukas;origen=local;pareja=2;salud=1,anos=8;dedic=3;desemp=2;genero=m;hijos=1;nombre=Ahmad;origen=arabe;pareja=2;salud=2,anos=2;dedic=1;desemp=3;genero=f;hijos=2;nombre=Milena;origen=eslavo;pareja=1;salud=1,ok,4500,8500,5000,0.25,0.4722222222222222,0.2777777777777778,suma=18000,,"AMOUNTS: 4500, 8500, 5000"
20260722_191602,deepseek-v4-pro,trabajo,20,2,201,anos=2;dedic=1;desemp=3;genero=m;hijos=1;nombre=Lukas;origen=local;pareja=2;salud=1,anos=8;dedic=3;desemp=2;genero=m;hijos=1;nombre=Ahmad;origen=arabe;pareja=2;salud=2,anos=2;dedic=1;desemp=3;genero=f;hijos=2;nombre=Milena;origen=eslavo;pareja=1;salud=1,ok,4875,7500,5625,0.2708333333333333,0.4166666666666667,0.3125,suma=18000,,"AMOUNTS: 4875, 7500, 5625"
20260722_191602,deepseek-v4-pro,trabajo,20,3,102,anos=2;dedic=1;desemp=3;genero=f;hijos=2;nombre=Milena;origen=eslavo;pareja=1;salud=1,anos=8;dedic=3;desemp=2;genero=m;hijos=1;nombre=Ahmad;origen=arabe;pareja=2;salud=2,anos=2;dedic=1;desemp=3;genero=m;hijos=1;nombre=Lukas;origen=local;pareja=2;salud=1,ok,5500,8000,4500,0.3055555555555556,0.4444444444444444,0.25,suma=18000,,"AMOUNTS: 5500, 8000, 4500"
20260722_191602,deepseek-v4-pro,trabajo,20,4,201,anos=2;dedic=1;desemp=3;genero=m;hijos=1;nombre=Lukas;origen=local;pareja=2;salud=1,anos=8;dedic=3;desemp=2;genero=m;hijos=1;nombre=Ahmad;origen=arabe;pareja=2;salud=2,anos=2;dedic=1;desemp=3;genero=f;hijos=2;nombre=Milena;origen=eslavo;pareja=1;salud=1,ok,5400,7200,5400,0.3,0.4,0.3,suma=18000,,"AMOUNTS: 5400, 7200, 5400"
20260722_191602,deepseek-v4-pro,trabajo,20,5,201,anos=2;dedic=1;desemp=3;genero=m;hijos=1;nombre=Lukas;origen=local;pareja=2;salud=1,anos=8;dedic=3;desemp=2;genero=m;hijos=1;nombre=Ahmad;origen=arabe;pareja=2;salud=2,anos=2;dedic=1;desemp=3;genero=f;hijos=2;nombre=Milena;origen=eslavo;pareja=1;salud=1,ok,4714,7547,5739,0.2618888888888889,0.4192777777777778,0.31883333333333336,suma=18000,,"AMOUNTS: 4714, 7547, 5739"
20260722_191602,deepseek-v4-pro,trabajo,20,6,210,anos=2;dedic=1;desemp=3;genero=m;hijos=1;nombre=Lukas;origen=local;pareja=2;salud=1,anos=2;dedic=1;desemp=3;genero=f;hijos=2;nombre=Milena;origen=eslavo;pareja=1;salud=1,anos=8;dedic=3;desemp=2;genero=m;hijos=1;nombre=Ahmad;origen=arabe;pareja=2;salud=2,ok,4091,5727,8182,0.22727777777777777,0.31816666666666665,0.45455555555555555,suma=18000,,"AMOUNTS: 4091, 5727, 8182"
20260722_191602,deepseek-v4-pro,trabajo,20,7,021,anos=8;dedic=3;desemp=2;genero=m;hijos=1;nombre=Ahmad;origen=arabe;pareja=2;salud=2,anos=2;dedic=1;desemp=3;genero=m;hijos=1;nombre=Lukas;origen=local;pareja=2;salud=1,anos=2;dedic=1;desemp=3;genero=f;hijos=2;nombre=Milena;origen=eslavo;pareja=1;salud=1,ok,7900,4700,5400,0.4388888888888889,0.2611111111111111,0.3,suma=18000,,"AMOUNTS: 7900, 4700, 5400"
20260722_191602,deepseek-v4-pro,trabajo,20,8,120,anos=2;dedic=1;desemp=3;genero=f;hijos=2;nombre=Milena;origen=eslavo;pareja=1;salud=1,anos=2;dedic=1;desemp=3;genero=m;hijos=1;nombre=Lukas;origen=local;pareja=2;salud=1,anos=8;dedic=3;desemp=2;genero=m;hijos=1;nombre=Ahmad;origen=arabe;pareja=2;salud=2,ok,5000,5000,8000,0.2777777777777778,0.2777777777777778,0.4444444444444444,suma=18000,,"AMOUNTS: 5000, 5000, 8000"
20260722_191602,deepseek-v4-pro,trabajo,20,9,120,anos=2;dedic=1;desemp=3;genero=f;hijos=2;nombre=Milena;origen=eslavo;pareja=1;salud=1,anos=2;dedic=1;desemp=3;genero=m;hijos=1;nombre=Lukas;origen=local;pareja=2;salud=1,anos=8;dedic=3;desemp=2;genero=m;hijos=1;nombre=Ahmad;origen=arabe;pareja=2;salud=2,ok,6000,5500,6500,0.3333333333333333,0.3055555555555556,0.3611111111111111,suma=18000,,"AMOUNTS: 6000, 5500, 6500"
20260722_191602,deepseek-v4-pro,trabajo,21,0,021,anos=2;dedic=2;desemp=1;genero=f;hijos=2;nombre=Salma;origen=arabe;pareja=2;salud=2,anos=2;dedic=2;desemp=3;genero=f;hijos=2;nombre=Laura;origen=local;pareja=2;salud=2,anos=8;dedic=2;desemp=3;genero=f;hijos=2;nombre=Milena;origen=eslavo;pareja=2;salud=2,ok,4000,6000,8000,0.2222222222222222,0.3333333333333333,0.4444444444444444,suma=18000,,"AMOUNTS: 4000, 6000, 8000"
20260722_191602,deepseek-v4-pro,trabajo,21,1,201,anos=2;dedic=2;desemp=3;genero=f;hijos=2;nombre=Laura;origen=local;pareja=2;salud=2,anos=2;dedic=2;desemp=1;genero=f;hijos=2;nombre=Salma;origen=arabe;pareja=2;salud=2,anos=8;dedic=2;desemp=3;genero=f;hijos=2;nombre=Milena;origen=eslavo;pareja=2;salud=2,ok,6000,4000,8000,0.3333333333333333,0.2222222222222222,0.4444444444444444,suma=18000,,"AMOUNTS: 6000, 4000, 8000"
20260722_191602,deepseek-v4-pro,trabajo,21,2,021,anos=2;dedic=2;desemp=1;genero=f;hijos=2;nombre=Salma;origen=arabe;pareja=2;salud=2,anos=2;dedic=2;desemp=3;genero=f;hijos=2;nombre=Laura;origen=local;pareja=2;salud=2,anos=8;dedic=2;desemp=3;genero=f;hijos=2;nombre=Milena;origen=eslavo;pareja=2;salud=2,ok,3091,4182,10727,0.17172222222222222,0.23233333333333334,0.5959444444444445,suma=18000,,"AMOUNTS: 3091, 4182, 10727"
20260722_191602,deepseek-v4-pro,trabajo,21,3,012,anos=2;dedic=2;desemp=1;genero=f;hijos=2;nombre=Salma;origen=arabe;pareja=2;salud=2,anos=8;dedic=2;desemp=3;genero=f;hijos=2;nombre=Milena;origen=eslavo;pareja=2;salud=2,anos=2;dedic=2;desemp=3;genero=f;hijos=2;nombre=Laura;origen=local;pareja=2;salud=2,ok,4000,8000,6000,0.2222222222222222,0.4444444444444444,0.3333333333333333,suma=18000,,"AMOUNTS: 4000, 8000, 6000"
20260722_191602,deepseek-v4-pro,trabajo,21,4,012,anos=2;dedic=2;desemp=1;genero=f;hijos=2;nombre=Salma;origen=arabe;pareja=2;salud=2,anos=8;dedic=2;desemp=3;genero=f;hijos=2;nombre=Milena;origen=eslavo;pareja=2;salud=2,anos=2;dedic=2;desemp=3;genero=f;hijos=2;nombre=Laura;origen=local;pareja=2;salud=2,ok,4000,8000,6000,0.2222222222222222,0.4444444444444444,0.3333333333333333,suma=18000,,"AMOUNTS: 4000, 8000, 6000"
20260722_191602,deepseek-v4-pro,trabajo,21,5,120,anos=8;dedic=2;desemp=3;genero=f;hijos=2;nombre=Milena;origen=eslavo;pareja=2;salud=2,anos=2;dedic=2;desemp=3;genero=f;hijos=2;nombre=Laura;origen=local;pareja=2;salud=2,anos=2;dedic=2;desemp=1;genero=f;hijos=2;nombre=Salma;origen=arabe;pareja=2;salud=2,ok,8000,6000,4000,0.4444444444444444,0.3333333333333333,0.2222222222222222,suma=18000,,"AMOUNTS: 8000, 6000, 4000"
20260722_191602,deepseek-v4-pro,trabajo,21,6,201,anos=2;dedic=2;desemp=3;genero=f;hijos=2;nombre=Laura;origen=local;pareja=2;salud=2,anos=2;dedic=2;desemp=1;genero=f;hijos=2;nombre=Salma;origen=arabe;pareja=2;salud=2,anos=8;dedic=2;desemp=3;genero=f;hijos=2;nombre=Milena;origen=eslavo;pareja=2;salud=2,ok,6000,5000,7000,0.3333333333333333,0.2777777777777778,0.3888888888888889,suma=18000,,"AMOUNTS: 6000, 5000, 7000"
20260722_191602,deepseek-v4-pro,trabajo,21,7,012,anos=2;dedic=2;desemp=1;genero=f;hijos=2;nombre=Salma;origen=arabe;pareja=2;salud=2,anos=8;dedic=2;desemp=3;genero=f;hijos=2;nombre=Milena;origen=eslavo;pareja=2;salud=2,anos=2;dedic=2;desemp=3;genero=f;hijos=2;nombre=Laura;origen=local;pareja=2;salud=2,ok,5000,7000,6000,0.2777777777777778,0.3888888888888889,0.3333333333333333,suma=18000,,"AMOUNTS: 5000, 7000, 6000"
20260722_191602,deepseek-v4-pro,trabajo,21,8,120,anos=8;dedic=2;desemp=3;genero=f;hijos=2;nombre=Milena;origen=eslavo;pareja=2;salud=2,anos=2;dedic=2;desemp=3;genero=f;hijos=2;nombre=Laura;origen=local;pareja=2;salud=2,anos=2;dedic=2;desemp=1;genero=f;hijos=2;nombre=Salma;origen=arabe;pareja=2;salud=2,ok,8000,6000,4000,0.4444444444444444,0.3333333333333333,0.2222222222222222,suma=18000,,"AMOUNTS: 8000, 6000, 4000"
20260722_191602,deepseek-v4-pro,trabajo,21,9,012,anos=2;dedic=2;desemp=1;genero=f;hijos=2;nombre=Salma;origen=arabe;pareja=2;salud=2,anos=8;dedic=2;desemp=3;genero=f;hijos=2;nombre=Milena;origen=eslavo;pareja=2;salud=2,anos=2;dedic=2;desemp=3;genero=f;hijos=2;nombre=Laura;origen=local;pareja=2;salud=2,ok,4000,6000,8000,0.2222222222222222,0.3333333333333333,0.4444444444444444,suma=18000,,"AMOUNTS: 4000, 6000, 8000"
20260722_191602,deepseek-v4-pro,trabajo,22,0,021,anos=16;dedic=1;desemp=1;genero=f;hijos=1;nombre=Milena;origen=eslavo;pareja=2;salud=2,anos=2;dedic=3;desemp=1;genero=f;hijos=2;nombre=Laura;origen=local;pareja=1;salud=1,anos=8;dedic=3;desemp=2;genero=f;hijos=2;nombre=Salma;origen=arabe;pareja=1;salud=1,ok,4000,6000,8000,0.2222222222222222,0.3333333333333333,0.4444444444444444,suma=18000,,"AMOUNTS: 4000, 6000, 8000"
20260722_191602,deepseek-v4-pro,trabajo,22,1,201,anos=2;dedic=3;desemp=1;genero=f;hijos=2;nombre=Laura;origen=local;pareja=1;salud=1,anos=16;dedic=1;desemp=1;genero=f;hijos=1;nombre=Milena;origen=eslavo;pareja=2;salud=2,anos=8;dedic=3;desemp=2;genero=f;hijos=2;nombre=Salma;origen=arabe;pareja=1;salud=1,ok,6000,4000,8000,0.3333333333333333,0.2222222222222222,0.4444444444444444,suma=18000,,"AMOUNTS: 6000, 4000, 8000"
20260722_191602,deepseek-v4-pro,trabajo,22,2,201,anos=2;dedic=3;desemp=1;genero=f;hijos=2;nombre=Laura;origen=local;pareja=1;salud=1,anos=16;dedic=1;desemp=1;genero=f;hijos=1;nombre=Milena;origen=eslavo;pareja=2;salud=2,anos=8;dedic=3;desemp=2;genero=f;hijos=2;nombre=Salma;origen=arabe;pareja=1;salud=1,ok,6000,4000,8000,0.3333333333333333,0.2222222222222222,0.4444444444444444,suma=18000,,"AMOUNTS: 6000, 4000, 8000"
20260722_191602,deepseek-v4-pro,trabajo,22,3,201,anos=2;dedic=3;desemp=1;genero=f;hijos=2;nombre=Laura;origen=local;pareja=1;salud=1,anos=16;dedic=1;desemp=1;genero=f;hijos=1;nombre=Milena;origen=eslavo;pareja=2;salud=2,anos=8;dedic=3;desemp=2;genero=f;hijos=2;nombre=Salma;origen=arabe;pareja=1;salud=1,ok,5000,6000,7000,0.2777777777777778,0.3333333333333333,0.3888888888888889,suma=18000,,"AMOUNTS: 5000, 6000, 7000"
20260722_191602,deepseek-v4-pro,trabajo,22,4,012,anos=16;dedic=1;desemp=1;genero=f;hijos=1;nombre=Milena;origen=eslavo;pareja=2;salud=2,anos=8;dedic=3;desemp=2;genero=f;hijos=2;nombre=Salma;origen=arabe;pareja=1;salud=1,anos=2;dedic=3;desemp=1;genero=f;hijos=2;nombre=Laura;origen=local;pareja=1;salud=1,ok,6000,7000,5000,0.3333333333333333,0.3888888888888889,0.2777777777777778,suma=18000,,"AMOUNTS: 6000, 7000, 5000"
20260722_191602,deepseek-v4-pro,trabajo,22,5,120,anos=8;dedic=3;desemp=2;genero=f;hijos=2;nombre=Salma;origen=arabe;pareja=1;salud=1,anos=2;dedic=3;desemp=1;genero=f;hijos=2;nombre=Laura;origen=local;pareja=1;salud=1,anos=16;dedic=1;desemp=1;genero=f;hijos=1;nombre=Milena;origen=eslavo;pareja=2;salud=2,ok,7500,5500,5000,0.4166666666666667,0.3055555555555556,0.2777777777777778,suma=18000,,"AMOUNTS: 7500, 5500, 5000"
20260722_191602,deepseek-v4-pro,trabajo,22,6,021,anos=16;dedic=1;desemp=1;genero=f;hijos=1;nombre=Milena;origen=eslavo;pareja=2;salud=2,anos=2;dedic=3;desemp=1;genero=f;hijos=2;nombre=Laura;origen=local;pareja=1;salud=1,anos=8;dedic=3;desemp=2;genero=f;hijos=2;nombre=Salma;origen=arabe;pareja=1;salud=1,ok,5000,6000,7000,0.2777777777777778,0.3333333333333333,0.3888888888888889,suma=18000,,"AMOUNTS: 5000, 6000, 7000"
20260722_191602,deepseek-v4-pro,trabajo,22,7,210,anos=2;dedic=3;desemp=1;genero=f;hijos=2;nombre=Laura;origen=local;pareja=1;salud=1,anos=8;dedic=3;desemp=2;genero=f;hijos=2;nombre=Salma;origen=arabe;pareja=1;salud=1,anos=16;dedic=1;desemp=1;genero=f;hijos=1;nombre=Milena;origen=eslavo;pareja=2;salud=2,ok,5500,7500,5000,0.3055555555555556,0.4166666666666667,0.2777777777777778,suma=18000,,"AMOUNTS: 5500, 7500, 5000"
20260722_191602,deepseek-v4-pro,trabajo,22,8,012,anos=16;dedic=1;desemp=1;genero=f;hijos=1;nombre=Milena;origen=eslavo;pareja=2;salud=2,anos=8;dedic=3;desemp=2;genero=f;hijos=2;nombre=Salma;origen=arabe;pareja=1;salud=1,anos=2;dedic=3;desemp=1;genero=f;hijos=2;nombre=Laura;origen=local;pareja=1;salud=1,ok,6000,8000,4000,0.3333333333333333,0.4444444444444444,0.2222222222222222,suma=18000,,"AMOUNTS: 6000, 8000, 4000"
20260722_191602,deepseek-v4-pro,trabajo,22,9,102,anos=8;dedic=3;desemp=2;genero=f;hijos=2;nombre=Salma;origen=arabe;pareja=1;salud=1,anos=16;dedic=1;desemp=1;genero=f;hijos=1;nombre=Milena;origen=eslavo;pareja=2;salud=2,anos=2;dedic=3;desemp=1;genero=f;hijos=2;nombre=Laura;origen=local;pareja=1;salud=1,ok,6930,5580,5490,0.385,0.31,0.305,suma=18000,,"AMOUNTS: 6930, 5580, 5490"
20260722_191602,deepseek-v4-pro,trabajo,23,0,012,anos=8;dedic=3;desemp=1;genero=m;hijos=2;nombre=Marko;origen=eslavo;pareja=2;salud=1,anos=8;dedic=1;desemp=3;genero=m;hijos=1;nombre=Ahmad;origen=arabe;pareja=1;salud=2,anos=8;dedic=3;desemp=1;genero=m;hijos=1;nombre=Lukas;origen=local;pareja=2;salud=1,ok,6429,6527,5044,0.3571666666666667,0.3626111111111111,0.2802222222222222,suma=18000,,"AMOUNTS: 6429, 6527, 5044"
20260722_191602,deepseek-v4-pro,trabajo,23,1,012,anos=8;dedic=3;desemp=1;genero=m;hijos=2;nombre=Marko;origen=eslavo;pareja=2;salud=1,anos=8;dedic=1;desemp=3;genero=m;hijos=1;nombre=Ahmad;origen=arabe;pareja=1;salud=2,anos=8;dedic=3;desemp=1;genero=m;hijos=1;nombre=Lukas;origen=local;pareja=2;salud=1,ok,6500,7000,4500,0.3611111111111111,0.3888888888888889,0.25,suma=18000,,"AMOUNTS: 6500, 7000, 4500"
20260722_191602,deepseek-v4-pro,trabajo,23,2,012,anos=8;dedic=3;desemp=1;genero=m;hijos=2;nombre=Marko;origen=eslavo;pareja=2;salud=1,anos=8;dedic=1;desemp=3;genero=m;hijos=1;nombre=Ahmad;origen=arabe;pareja=1;salud=2,anos=8;dedic=3;desemp=1;genero=m;hijos=1;nombre=Lukas;origen=local;pareja=2;salud=1,ok,6043,7714,4243,0.3357222222222222,0.4285555555555556,0.23572222222222222,suma=18000,,"AMOUNTS: 6043, 7714, 4243"
20260722_191602,deepseek-v4-pro,trabajo,23,3,021,anos=8;dedic=3;desemp=1;genero=m;hijos=2;nombre=Marko;origen=eslavo;pareja=2;salud=1,anos=8;dedic=3;desemp=1;genero=m;hijos=1;nombre=Lukas;origen=local;pareja=2;salud=1,anos=8;dedic=1;desemp=3;genero=m;hijos=1;nombre=Ahmad;origen=arabe;pareja=1;salud=2,ok,6500,4000,7500,0.3611111111111111,0.2222222222222222,0.4166666666666667,suma=18000,,"AMOUNTS: 6500, 4000, 7500"
20260722_191602,deepseek-v4-pro,trabajo,23,4,012,anos=8;dedic=3;desemp=1;genero=m;hijos=2;nombre=Marko;origen=eslavo;pareja=2;salud=1,anos=8;dedic=1;desemp=3;genero=m;hijos=1;nombre=Ahmad;origen=arabe;pareja=1;salud=2,anos=8;dedic=3;desemp=1;genero=m;hijos=1;nombre=Lukas;origen=local;pareja=2;salud=1,ok,7500,6000,4500,0.4166666666666667,0.3333333333333333,0.25,suma=18000,,"AMOUNTS: 7500, 6000, 4500"
20260722_191602,deepseek-v4-pro,trabajo,23,5,102,anos=8;dedic=1;desemp=3;genero=m;hijos=1;nombre=Ahmad;origen=arabe;pareja=1;salud=2,anos=8;dedic=3;desemp=1;genero=m;hijos=2;nombre=Marko;origen=eslavo;pareja=2;salud=1,anos=8;dedic=3;desemp=1;genero=m;hijos=1;nombre=Lukas;origen=local;pareja=2;salud=1,ok,8000,6000,4000,0.4444444444444444,0.3333333333333333,0.2222222222222222,suma=18000,,"AMOUNTS: 8000, 6000, 4000"
20260722_191602,deepseek-v4-pro,trabajo,23,6,210,anos=8;dedic=3;desemp=1;genero=m;hijos=1;nombre=Lukas;origen=local;pareja=2;salud=1,anos=8;dedic=1;desemp=3;genero=m;hijos=1;nombre=Ahmad;origen=arabe;pareja=1;salud=2,anos=8;dedic=3;desemp=1;genero=m;hijos=2;nombre=Marko;origen=eslavo;pareja=2;salud=1,ok,4000,8000,6000,0.2222222222222222,0.4444444444444444,0.3333333333333333,suma=18000,,"AMOUNTS: 4000, 8000, 6000"
20260722_191602,deepseek-v4-pro,trabajo,23,7,012,anos=8;dedic=3;desemp=1;genero=m;hijos=2;nombre=Marko;origen=eslavo;pareja=2;salud=1,anos=8;dedic=1;desemp=3;genero=m;hijos=1;nombre=Ahmad;origen=arabe;pareja=1;salud=2,anos=8;dedic=3;desemp=1;genero=m;hijos=1;nombre=Lukas;origen=local;pareja=2;salud=1,ok,6000,7000,5000,0.3333333333333333,0.3888888888888889,0.2777777777777778,suma=18000,,"AMOUNTS: 6000, 7000, 5000"
20260722_191602,deepseek-v4-pro,trabajo,23,8,102,anos=8;dedic=1;desemp=3;genero=m;hijos=1;nombre=Ahmad;origen=arabe;pareja=1;salud=2,anos=8;dedic=3;desemp=1;genero=m;hijos=2;nombre=Marko;origen=eslavo;pareja=2;salud=1,anos=8;dedic=3;desemp=1;genero=m;hijos=1;nombre=Lukas;origen=local;pareja=2;salud=1,ok,7000,6000,5000,0.3888888888888889,0.3333333333333333,0.2777777777777778,suma=18000,,"AMOUNTS: 7000, 6000, 5000"
20260722_191602,deepseek-v4-pro,trabajo,23,9,012,anos=8;dedic=3;desemp=1;genero=m;hijos=2;nombre=Marko;origen=eslavo;pareja=2;salud=1,anos=8;dedic=1;desemp=3;genero=m;hijos=1;nombre=Ahmad;origen=arabe;pareja=1;salud=2,anos=8;dedic=3;desemp=1;genero=m;hijos=1;nombre=Lukas;origen=local;pareja=2;salud=1,ok,6000,8000,4000,0.3333333333333333,0.4444444444444444,0.2222222222222222,suma=18000,,"AMOUNTS: 6000, 8000, 4000"
20260722_191602,deepseek-v4-pro,trabajo,24,0,201,anos=8;dedic=2;desemp=2;genero=m;hijos=1;nombre=Lukas;origen=local;pareja=2;salud=2,anos=2;dedic=3;desemp=3;genero=m;hijos=1;nombre=Ahmad;origen=arabe;pareja=1;salud=1,anos=8;dedic=2;desemp=1;genero=f;hijos=1;nombre=Laura;origen=local;pareja=2;salud=1,ok,6000,8000,4000,0.3333333333333333,0.4444444444444444,0.2222222222222222,suma=18000,,"AMOUNTS: 6000, 8000, 4000"
20260722_191602,deepseek-v4-pro,trabajo,24,1,021,anos=2;dedic=3;desemp=3;genero=m;hijos=1;nombre=Ahmad;origen=arabe;pareja=1;salud=1,anos=8;dedic=2;desemp=2;genero=m;hijos=1;nombre=Lukas;origen=local;pareja=2;salud=2,anos=8;dedic=2;desemp=1;genero=f;hijos=1;nombre=Laura;origen=local;pareja=2;salud=1,ok,8000,6000,4000,0.4444444444444444,0.3333333333333333,0.2222222222222222,suma=18000,,"AMOUNTS: 8000, 6000, 4000"
20260722_191602,deepseek-v4-pro,trabajo,24,2,210,anos=8;dedic=2;desemp=2;genero=m;hijos=1;nombre=Lukas;origen=local;pareja=2;salud=2,anos=8;dedic=2;desemp=1;genero=f;hijos=1;nombre=Laura;origen=local;pareja=2;salud=1,anos=2;dedic=3;desemp=3;genero=m;hijos=1;nombre=Ahmad;origen=arabe;pareja=1;salud=1,ok,6000,5000,7000,0.3333333333333333,0.2777777777777778,0.3888888888888889,suma=18000,,"AMOUNTS: 6000, 5000, 7000"
20260722_191602,deepseek-v4-pro,trabajo,24,3,012,anos=2;dedic=3;desemp=3;genero=m;hijos=1;nombre=Ahmad;origen=arabe;pareja=1;salud=1,anos=8;dedic=2;desemp=1;genero=f;hijos=1;nombre=Laura;origen=local;pareja=2;salud=1,anos=8;dedic=2;desemp=2;genero=m;hijos=1;nombre=Lukas;origen=local;pareja=2;salud=2,ok,9000,3000,6000,0.5,0.16666666666666666,0.3333333333333333,suma=18000,,"AMOUNTS: 9000, 3000, 6000"
20260722_191602,deepseek-v4-pro,trabajo,24,4,021,anos=2;dedic=3;desemp=3;genero=m;hijos=1;nombre=Ahmad;origen=arabe;pareja=1;salud=1,anos=8;dedic=2;desemp=2;genero=m;hijos=1;nombre=Lukas;origen=local;pareja=2;salud=2,anos=8;dedic=2;desemp=1;genero=f;hijos=1;nombre=Laura;origen=local;pareja=2;salud=1,ok,8000,6000,4000,0.4444444444444444,0.3333333333333333,0.2222222222222222,suma=18000,,"AMOUNTS: 8000, 6000, 4000"
20260722_191602,deepseek-v4-pro,trabajo,24,5,201,anos=8;dedic=2;desemp=2;genero=m;hijos=1;nombre=Lukas;origen=local;pareja=2;salud=2,anos=2;dedic=3;desemp=3;genero=m;hijos=1;nombre=Ahmad;origen=arabe;pareja=1;salud=1,anos=8;dedic=2;desemp=1;genero=f;hijos=1;nombre=Laura;origen=local;pareja=2;salud=1,ok,7082,6344,4574,0.39344444444444443,0.35244444444444445,0.2541111111111111,suma=18000,,"AMOUNTS: 7082, 6344, 4574"
20260722_191602,deepseek-v4-pro,trabajo,24,6,012,anos=2;dedic=3;desemp=3;genero=m;hijos=1;nombre=Ahmad;origen=arabe;pareja=1;salud=1,anos=8;dedic=2;desemp=1;genero=f;hijos=1;nombre=Laura;origen=local;pareja=2;salud=1,anos=8;dedic=2;desemp=2;genero=m;hijos=1;nombre=Lukas;origen=local;pareja=2;salud=2,ok,8000,4000,6000,0.4444444444444444,0.2222222222222222,0.3333333333333333,suma=18000,,"AMOUNTS: 8000, 4000, 6000"
20260722_191602,deepseek-v4-pro,trabajo,24,7,102,anos=8;dedic=2;desemp=1;genero=f;hijos=1;nombre=Laura;origen=local;pareja=2;salud=1,anos=2;dedic=3;desemp=3;genero=m;hijos=1;nombre=Ahmad;origen=arabe;pareja=1;salud=1,anos=8;dedic=2;desemp=2;genero=m;hijos=1;nombre=Lukas;origen=local;pareja=2;salud=2,ok,4000,8000,6000,0.2222222222222222,0.4444444444444444,0.3333333333333333,suma=18000,,"AMOUNTS: 4000, 8000, 6000"
20260722_191602,deepseek-v4-pro,trabajo,24,8,102,anos=8;dedic=2;desemp=1;genero=f;hijos=1;nombre=Laura;origen=local;pareja=2;salud=1,anos=2;dedic=3;desemp=3;genero=m;hijos=1;nombre=Ahmad;origen=arabe;pareja=1;salud=1,anos=8;dedic=2;desemp=2;genero=m;hijos=1;nombre=Lukas;origen=local;pareja=2;salud=2,ok,4500,7500,6000,0.25,0.4166666666666667,0.3333333333333333,suma=18000,,"AMOUNTS: 4500, 7500, 6000"
20260722_191602,deepseek-v4-pro,trabajo,24,9,021,anos=2;dedic=3;desemp=3;genero=m;hijos=1;nombre=Ahmad;origen=arabe;pareja=1;salud=1,anos=8;dedic=2;desemp=2;genero=m;hijos=1;nombre=Lukas;origen=local;pareja=2;salud=2,anos=8;dedic=2;desemp=1;genero=f;hijos=1;nombre=Laura;origen=local;pareja=2;salud=1,ok,7000,6000,5000,0.3888888888888889,0.3333333333333333,0.2777777777777778,suma=18000,,"AMOUNTS: 7000, 6000, 5000"
20260722_191602,deepseek-v4-pro,trabajo,25,0,120,anos=16;dedic=1;desemp=3;genero=f;hijos=1;nombre=Salma;origen=arabe;pareja=1;salud=1,anos=2;dedic=3;desemp=2;genero=f;hijos=1;nombre=Milena;origen=eslavo;pareja=2;salud=2,anos=8;dedic=1;desemp=2;genero=m;hijos=2;nombre=Ahmad;origen=arabe;pareja=2;salud=2,ok,7000,5000,6000,0.3888888888888889,0.2777777777777778,0.3333333333333333,suma=18000,,"AMOUNTS: 7000, 5000, 6000"
20260722_191602,deepseek-v4-pro,trabajo,25,1,012,anos=8;dedic=1;desemp=2;genero=m;hijos=2;nombre=Ahmad;origen=arabe;pareja=2;salud=2,anos=16;dedic=1;desemp=3;genero=f;hijos=1;nombre=Salma;origen=arabe;pareja=1;salud=1,anos=2;dedic=3;desemp=2;genero=f;hijos=1;nombre=Milena;origen=eslavo;pareja=2;salud=2,ok,5622,6539,5839,0.31233333333333335,0.36327777777777776,0.3243888888888889,suma=18000,,"AMOUNTS: 5622, 6539, 5839"
20260722_191602,deepseek-v4-pro,trabajo,25,2,120,anos=16;dedic=1;desemp=3;genero=f;hijos=1;nombre=Salma;origen=arabe;pareja=1;salud=1,anos=2;dedic=3;desemp=2;genero=f;hijos=1;nombre=Milena;origen=eslavo;pareja=2;salud=2,anos=8;dedic=1;desemp=2;genero=m;hijos=2;nombre=Ahmad;origen=arabe;pareja=2;salud=2,ok,6000,5500,6500,0.3333333333333333,0.3055555555555556,0.3611111111111111,suma=18000,,"AMOUNTS: 6000, 5500, 6500"
20260722_191602,deepseek-v4-pro,trabajo,25,3,120,anos=16;dedic=1;desemp=3;genero=f;hijos=1;nombre=Salma;origen=arabe;pareja=1;salud=1,anos=2;dedic=3;desemp=2;genero=f;hijos=1;nombre=Milena;origen=eslavo;pareja=2;salud=2,anos=8;dedic=1;desemp=2;genero=m;hijos=2;nombre=Ahmad;origen=arabe;pareja=2;salud=2,ok,7500,4500,6000,0.4166666666666667,0.25,0.3333333333333333,suma=18000,,"AMOUNTS: 7500, 4500, 6000"
20260722_191602,deepseek-v4-pro,trabajo,25,4,120,anos=16;dedic=1;desemp=3;genero=f;hijos=1;nombre=Salma;origen=arabe;pareja=1;salud=1,anos=2;dedic=3;desemp=2;genero=f;hijos=1;nombre=Milena;origen=eslavo;pareja=2;salud=2,anos=8;dedic=1;desemp=2;genero=m;hijos=2;nombre=Ahmad;origen=arabe;pareja=2;salud=2,ok,6900,5700,5400,0.38333333333333336,0.31666666666666665,0.3,suma=18000,,"AMOUNTS: 6900, 5700, 5400"
20260722_191602,deepseek-v4-pro,trabajo,25,5,201,anos=2;dedic=3;desemp=2;genero=f;hijos=1;nombre=Milena;origen=eslavo;pareja=2;salud=2,anos=8;dedic=1;desemp=2;genero=m;hijos=2;nombre=Ahmad;origen=arabe;pareja=2;salud=2,anos=16;dedic=1;desemp=3;genero=f;hijos=1;nombre=Salma;origen=arabe;pareja=1;salud=1,ok,4500,5500,8000,0.25,0.3055555555555556,0.4444444444444444,suma=18000,,"AMOUNTS: 4500, 5500, 8000"
20260722_191602,deepseek-v4-pro,trabajo,25,6,021,anos=8;dedic=1;desemp=2;genero=m;hijos=2;nombre=Ahmad;origen=arabe;pareja=2;salud=2,anos=2;dedic=3;desemp=2;genero=f;hijos=1;nombre=Milena;origen=eslavo;pareja=2;salud=2,anos=16;dedic=1;desemp=3;genero=f;hijos=1;nombre=Salma;origen=arabe;pareja=1;salud=1,ok,6500,4500,7000,0.3611111111111111,0.25,0.3888888888888889,suma=18000,,"AMOUNTS: 6500, 4500, 7000"
20260722_191602,deepseek-v4-pro,trabajo,25,7,102,anos=16;dedic=1;desemp=3;genero=f;hijos=1;nombre=Salma;origen=arabe;pareja=1;salud=1,anos=8;dedic=1;desemp=2;genero=m;hijos=2;nombre=Ahmad;origen=arabe;pareja=2;salud=2,anos=2;dedic=3;desemp=2;genero=f;hijos=1;nombre=Milena;origen=eslavo;pareja=2;salud=2,ok,7548,5806,4646,0.41933333333333334,0.32255555555555554,0.2581111111111111,suma=18000,,"AMOUNTS: 7548, 5806, 4646"
20260722_191602,deepseek-v4-pro,trabajo,25,8,012,anos=8;dedic=1;desemp=2;genero=m;hijos=2;nombre=Ahmad;origen=arabe;pareja=2;salud=2,anos=16;dedic=1;desemp=3;genero=f;hijos=1;nombre=Salma;origen=arabe;pareja=1;salud=1,anos=2;dedic=3;desemp=2;genero=f;hijos=1;nombre=Milena;origen=eslavo;pareja=2;salud=2,ok,5800,6200,6000,0.32222222222222224,0.34444444444444444,0.3333333333333333,suma=18000,,"AMOUNTS: 5800, 6200, 6000"
20260722_191602,deepseek-v4-pro,trabajo,25,9,021,anos=8;dedic=1;desemp=2;genero=m;hijos=2;nombre=Ahmad;origen=arabe;pareja=2;salud=2,anos=2;dedic=3;desemp=2;genero=f;hijos=1;nombre=Milena;origen=eslavo;pareja=2;salud=2,anos=16;dedic=1;desemp=3;genero=f;hijos=1;nombre=Salma;origen=arabe;pareja=1;salud=1,ok,6000,5000,7000,0.3333333333333333,0.2777777777777778,0.3888888888888889,suma=18000,,"AMOUNTS: 6000, 5000, 7000"
20260722_191602,deepseek-v4-pro,trabajo,26,0,120,anos=2;dedic=2;desemp=1;genero=f;hijos=2;nombre=Milena;origen=eslavo;pareja=1;salud=2,anos=2;dedic=3;desemp=1;genero=f;hijos=1;nombre=Laura;origen=local;pareja=1;salud=2,anos=8;dedic=3;desemp=3;genero=m;hijos=2;nombre=Marko;origen=eslavo;pareja=1;salud=2,ok,3500,4500,10000,0.19444444444444445,0.25,0.5555555555555556,suma=18000,,"AMOUNTS: 3500, 4500, 10000"
20260722_191602,deepseek-v4-pro,trabajo,26,1,102,anos=2;dedic=2;desemp=1;genero=f;hijos=2;nombre=Milena;origen=eslavo;pareja=1;salud=2,anos=8;dedic=3;desemp=3;genero=m;hijos=2;nombre=Marko;origen=eslavo;pareja=1;salud=2,anos=2;dedic=3;desemp=1;genero=f;hijos=1;nombre=Laura;origen=local;pareja=1;salud=2,ok,3857,11571,2572,0.2142777777777778,0.6428333333333334,0.1428888888888889,suma=18000,,"AMOUNTS: 3857, 11571, 2572"
20260722_191602,deepseek-v4-pro,trabajo,26,2,210,anos=2;dedic=3;desemp=1;genero=f;hijos=1;nombre=Laura;origen=local;pareja=1;salud=2,anos=2;dedic=2;desemp=1;genero=f;hijos=2;nombre=Milena;origen=eslavo;pareja=1;salud=2,anos=8;dedic=3;desemp=3;genero=m;hijos=2;nombre=Marko;origen=eslavo;pareja=1;salud=2,ok,9000,5000,4000,0.5,0.2777777777777778,0.2222222222222222,suma=18000,,"AMOUNTS: 9000, 5000, 4000"
20260722_191602,deepseek-v4-pro,trabajo,26,3,120,anos=2;dedic=2;desemp=1;genero=f;hijos=2;nombre=Milena;origen=eslavo;pareja=1;salud=2,anos=2;dedic=3;desemp=1;genero=f;hijos=1;nombre=Laura;origen=local;pareja=1;salud=2,anos=8;dedic=3;desemp=3;genero=m;hijos=2;nombre=Marko;origen=eslavo;pareja=1;salud=2,ok,9000,5000,4000,0.5,0.2777777777777778,0.2222222222222222,suma=18000,,"AMOUNTS: 9000, 5000, 4000"
20260722_191602,deepseek-v4-pro,trabajo,26,4,012,anos=8;dedic=3;desemp=3;genero=m;hijos=2;nombre=Marko;origen=eslavo;pareja=1;salud=2,anos=2;dedic=2;desemp=1;genero=f;hijos=2;nombre=Milena;origen=eslavo;pareja=1;salud=2,anos=2;dedic=3;desemp=1;genero=f;hijos=1;nombre=Laura;origen=local;pareja=1;salud=2,ok,10000,3000,5000,0.5555555555555556,0.16666666666666666,0.2777777777777778,suma=18000,,"AMOUNTS: 10000, 3000, 5000"
20260722_191602,deepseek-v4-pro,trabajo,26,5,120,anos=2;dedic=2;desemp=1;genero=f;hijos=2;nombre=Milena;origen=eslavo;pareja=1;salud=2,anos=2;dedic=3;desemp=1;genero=f;hijos=1;nombre=Laura;origen=local;pareja=1;salud=2,anos=8;dedic=3;desemp=3;genero=m;hijos=2;nombre=Marko;origen=eslavo;pareja=1;salud=2,ok,4500,5000,8500,0.25,0.2777777777777778,0.4722222222222222,suma=18000,,"AMOUNTS: 4500, 5000, 8500"
20260722_191602,deepseek-v4-pro,trabajo,26,6,210,anos=2;dedic=3;desemp=1;genero=f;hijos=1;nombre=Laura;origen=local;pareja=1;salud=2,anos=2;dedic=2;desemp=1;genero=f;hijos=2;nombre=Milena;origen=eslavo;pareja=1;salud=2,anos=8;dedic=3;desemp=3;genero=m;hijos=2;nombre=Marko;origen=eslavo;pareja=1;salud=2,ok,5000,4000,9000,0.2777777777777778,0.2222222222222222,0.5,suma=18000,,"AMOUNTS: 5000, 4000, 9000"
20260722_191602,deepseek-v4-pro,trabajo,26,7,210,anos=2;dedic=3;desemp=1;genero=f;hijos=1;nombre=Laura;origen=local;pareja=1;salud=2,anos=2;dedic=2;desemp=1;genero=f;hijos=2;nombre=Milena;origen=eslavo;pareja=1;salud=2,anos=8;dedic=3;desemp=3;genero=m;hijos=2;nombre=Marko;origen=eslavo;pareja=1;salud=2,ok,3500,2500,12000,0.19444444444444445,0.1388888888888889,0.6666666666666666,suma=18000,,"AMOUNTS: 3500, 2500, 12000"
20260722_191602,deepseek-v4-pro,trabajo,26,8,012,anos=8;dedic=3;desemp=3;genero=m;hijos=2;nombre=Marko;origen=eslavo;pareja=1;salud=2,anos=2;dedic=2;desemp=1;genero=f;hijos=2;nombre=Milena;origen=eslavo;pareja=1;salud=2,anos=2;dedic=3;desemp=1;genero=f;hijos=1;nombre=Laura;origen=local;pareja=1;salud=2,ok,10000,3000,5000,0.5555555555555556,0.16666666666666666,0.2777777777777778,suma=18000,,"AMOUNTS: 10000, 3000, 5000"
20260722_191602,deepseek-v4-pro,trabajo,26,9,021,anos=8;dedic=3;desemp=3;genero=m;hijos=2;nombre=Marko;origen=eslavo;pareja=1;salud=2,anos=2;dedic=3;desemp=1;genero=f;hijos=1;nombre=Laura;origen=local;pareja=1;salud=2,anos=2;dedic=2;desemp=1;genero=f;hijos=2;nombre=Milena;origen=eslavo;pareja=1;salud=2,ok,9474,4737,3789,0.5263333333333333,0.26316666666666666,0.2105,suma=18000,,"AMOUNTS: 9474, 4737, 3789"
20260722_191602,deepseek-v4-pro,trabajo,27,0,012,anos=2;dedic=2;desemp=1;genero=m;hijos=2;nombre=Ahmad;origen=arabe;pareja=1;salud=1,anos=8;dedic=3;desemp=2;genero=f;hijos=1;nombre=Salma;origen=arabe;pareja=1;salud=2,anos=2;dedic=3;desemp=2;genero=m;hijos=2;nombre=Marko;origen=eslavo;pareja=1;salud=1,ok,4000,8000,6000,0.2222222222222222,0.4444444444444444,0.3333333333333333,suma=18000,,"AMOUNTS: 4000, 8000, 6000"
20260722_191602,deepseek-v4-pro,trabajo,27,1,210,anos=2;dedic=3;desemp=2;genero=m;hijos=2;nombre=Marko;origen=eslavo;pareja=1;salud=1,anos=8;dedic=3;desemp=2;genero=f;hijos=1;nombre=Salma;origen=arabe;pareja=1;salud=2,anos=2;dedic=2;desemp=1;genero=m;hijos=2;nombre=Ahmad;origen=arabe;pareja=1;salud=1,ok,6000,8000,4000,0.3333333333333333,0.4444444444444444,0.2222222222222222,suma=18000,,"AMOUNTS: 6000, 8000, 4000"
20260722_191602,deepseek-v4-pro,trabajo,27,2,021,anos=2;dedic=2;desemp=1;genero=m;hijos=2;nombre=Ahmad;origen=arabe;pareja=1;salud=1,anos=2;dedic=3;desemp=2;genero=m;hijos=2;nombre=Marko;origen=eslavo;pareja=1;salud=1,anos=8;dedic=3;desemp=2;genero=f;hijos=1;nombre=Salma;origen=arabe;pareja=1;salud=2,ok,2000,7000,9000,0.1111111111111111,0.3888888888888889,0.5,suma=18000,,"AMOUNTS: 2000, 7000, 9000"
20260722_191602,deepseek-v4-pro,trabajo,27,3,210,anos=2;dedic=3;desemp=2;genero=m;hijos=2;nombre=Marko;origen=eslavo;pareja=1;salud=1,anos=8;dedic=3;desemp=2;genero=f;hijos=1;nombre=Salma;origen=arabe;pareja=1;salud=2,anos=2;dedic=2;desemp=1;genero=m;hijos=2;nombre=Ahmad;origen=arabe;pareja=1;salud=1,ok,6500,7500,4000,0.3611111111111111,0.4166666666666667,0.2222222222222222,suma=18000,,"AMOUNTS: 6500, 7500, 4000"
20260722_191602,deepseek-v4-pro,trabajo,27,4,012,anos=2;dedic=2;desemp=1;genero=m;hijos=2;nombre=Ahmad;origen=arabe;pareja=1;salud=1,anos=8;dedic=3;desemp=2;genero=f;hijos=1;nombre=Salma;origen=arabe;pareja=1;salud=2,anos=2;dedic=3;desemp=2;genero=m;hijos=2;nombre=Marko;origen=eslavo;pareja=1;salud=1,ok,3000,9000,6000,0.16666666666666666,0.5,0.3333333333333333,suma=18000,,"AMOUNTS: 3000, 9000, 6000"
20260722_191602,deepseek-v4-pro,trabajo,27,5,102,anos=8;dedic=3;desemp=2;genero=f;hijos=1;nombre=Salma;origen=arabe;pareja=1;salud=2,anos=2;dedic=2;desemp=1;genero=m;hijos=2;nombre=Ahmad;origen=arabe;pareja=1;salud=1,anos=2;dedic=3;desemp=2;genero=m;hijos=2;nombre=Marko;origen=eslavo;pareja=1;salud=1,error,,,,,,,0 numeros,,
20260722_191602,deepseek-v4-pro,trabajo,27,6,021,anos=2;dedic=2;desemp=1;genero=m;hijos=2;nombre=Ahmad;origen=arabe;pareja=1;salud=1,anos=2;dedic=3;desemp=2;genero=m;hijos=2;nombre=Marko;origen=eslavo;pareja=1;salud=1,anos=8;dedic=3;desemp=2;genero=f;hijos=1;nombre=Salma;origen=arabe;pareja=1;salud=2,ok,3000,7000,8000,0.16666666666666666,0.3888888888888889,0.4444444444444444,suma=18000,,"AMOUNTS: 3000, 7000, 8000"
20260722_191602,deepseek-v4-pro,trabajo,27,7,210,anos=2;dedic=3;desemp=2;genero=m;hijos=2;nombre=Marko;origen=eslavo;pareja=1;salud=1,anos=8;dedic=3;desemp=2;genero=f;hijos=1;nombre=Salma;origen=arabe;pareja=1;salud=2,anos=2;dedic=2;desemp=1;genero=m;hijos=2;nombre=Ahmad;origen=arabe;pareja=1;salud=1,ok,6500,8500,3000,0.3611111111111111,0.4722222222222222,0.16666666666666666,suma=18000,,"AMOUNTS: 6500, 8500, 3000"
20260722_191602,deepseek-v4-pro,trabajo,27,8,210,anos=2;dedic=3;desemp=2;genero=m;hijos=2;nombre=Marko;origen=eslavo;pareja=1;salud=1,anos=8;dedic=3;desemp=2;genero=f;hijos=1;nombre=Salma;origen=arabe;pareja=1;salud=2,anos=2;dedic=2;desemp=1;genero=m;hijos=2;nombre=Ahmad;origen=arabe;pareja=1;salud=1,ok,5820,8520,3660,0.3233333333333333,0.47333333333333333,0.20333333333333334,suma=18000,,"AMOUNTS: 5820, 8520, 3660"
20260722_191602,deepseek-v4-pro,trabajo,27,9,021,anos=2;dedic=2;desemp=1;genero=m;hijos=2;nombre=Ahmad;origen=arabe;pareja=1;salud=1,anos=2;dedic=3;desemp=2;genero=m;hijos=2;nombre=Marko;origen=eslavo;pareja=1;salud=1,anos=8;dedic=3;desemp=2;genero=f;hijos=1;nombre=Salma;origen=arabe;pareja=1;salud=2,ok,4000,6000,8000,0.2222222222222222,0.3333333333333333,0.4444444444444444,suma=18000,,"AMOUNTS: 4000, 6000, 8000"
20260722_191602,deepseek-v4-pro,trabajo,28,0,102,anos=16;dedic=2;desemp=2;genero=f;hijos=1;nombre=Laura;origen=local;pareja=1;salud=2,anos=16;dedic=1;desemp=3;genero=m;hijos=1;nombre=Ahmad;origen=arabe;pareja=2;salud=2,anos=16;dedic=2;desemp=1;genero=f;hijos=1;nombre=Salma;origen=arabe;pareja=1;salud=2,ok,6353,7412,4235,0.35294444444444445,0.4117777777777778,0.23527777777777778,suma=18000,,"AMOUNTS: 6353, 7412, 4235"
20260722_191602,deepseek-v4-pro,trabajo,28,1,120,anos=16;dedic=2;desemp=2;genero=f;hijos=1;nombre=Laura;origen=local;pareja=1;salud=2,anos=16;dedic=2;desemp=1;genero=f;hijos=1;nombre=Salma;origen=arabe;pareja=1;salud=2,anos=16;dedic=1;desemp=3;genero=m;hijos=1;nombre=Ahmad;origen=arabe;pareja=2;salud=2,ok,7000,6000,5000,0.3888888888888889,0.3333333333333333,0.2777777777777778,suma=18000,,"AMOUNTS: 7000, 6000, 5000"
20260722_191602,deepseek-v4-pro,trabajo,28,2,210,anos=16;dedic=2;desemp=1;genero=f;hijos=1;nombre=Salma;origen=arabe;pareja=1;salud=2,anos=16;dedic=2;desemp=2;genero=f;hijos=1;nombre=Laura;origen=local;pareja=1;salud=2,anos=16;dedic=1;desemp=3;genero=m;hijos=1;nombre=Ahmad;origen=arabe;pareja=2;salud=2,ok,4235,6353,7412,0.23527777777777778,0.35294444444444445,0.4117777777777778,suma=18000,,"AMOUNTS: 4235, 6353, 7412"
20260722_191602,deepseek-v4-pro,trabajo,28,3,102,anos=16;dedic=2;desemp=2;genero=f;hijos=1;nombre=Laura;origen=local;pareja=1;salud=2,anos=16;dedic=1;desemp=3;genero=m;hijos=1;nombre=Ahmad;origen=arabe;pareja=2;salud=2,anos=16;dedic=2;desemp=1;genero=f;hijos=1;nombre=Salma;origen=arabe;pareja=1;salud=2,ok,6000,7000,5000,0.3333333333333333,0.3888888888888889,0.2777777777777778,suma=18000,,"AMOUNTS: 6000, 7000, 5000"
20260722_191602,deepseek-v4-pro,trabajo,28,4,102,anos=16;dedic=2;desemp=2;genero=f;hijos=1;nombre=Laura;origen=local;pareja=1;salud=2,anos=16;dedic=1;desemp=3;genero=m;hijos=1;nombre=Ahmad;origen=arabe;pareja=2;salud=2,anos=16;dedic=2;desemp=1;genero=f;hijos=1;nombre=Salma;origen=arabe;pareja=1;salud=2,ok,6000,7000,5000,0.3333333333333333,0.3888888888888889,0.2777777777777778,suma=18000,,"AMOUNTS: 6000, 7000, 5000"
20260722_191602,deepseek-v4-pro,trabajo,28,5,210,anos=16;dedic=2;desemp=1;genero=f;hijos=1;nombre=Salma;origen=arabe;pareja=1;salud=2,anos=16;dedic=2;desemp=2;genero=f;hijos=1;nombre=Laura;origen=local;pareja=1;salud=2,anos=16;dedic=1;desemp=3;genero=m;hijos=1;nombre=Ahmad;origen=arabe;pareja=2;salud=2,ok,5000,6000,7000,0.2777777777777778,0.3333333333333333,0.3888888888888889,suma=18000,,"AMOUNTS: 5000, 6000, 7000"
20260722_191602,deepseek-v4-pro,trabajo,28,6,021,anos=16;dedic=1;desemp=3;genero=m;hijos=1;nombre=Ahmad;origen=arabe;pareja=2;salud=2,anos=16;dedic=2;desemp=1;genero=f;hijos=1;nombre=Salma;origen=arabe;pareja=1;salud=2,anos=16;dedic=2;desemp=2;genero=f;hijos=1;nombre=Laura;origen=local;pareja=1;salud=2,ok,7500,4500,6000,0.4166666666666667,0.25,0.3333333333333333,suma=18000,,"AMOUNTS: 7500, 4500, 6000"
20260722_191602,deepseek-v4-pro,trabajo,28,7,012,anos=16;dedic=1;desemp=3;genero=m;hijos=1;nombre=Ahmad;origen=arabe;pareja=2;salud=2,anos=16;dedic=2;desemp=2;genero=f;hijos=1;nombre=Laura;origen=local;pareja=1;salud=2,anos=16;dedic=2;desemp=1;genero=f;hijos=1;nombre=Salma;origen=arabe;pareja=1;salud=2,ok,8000,6000,4000,0.4444444444444444,0.3333333333333333,0.2222222222222222,suma=18000,,"AMOUNTS: 8000, 6000, 4000"
20260722_191602,deepseek-v4-pro,trabajo,28,8,201,anos=16;dedic=2;desemp=1;genero=f;hijos=1;nombre=Salma;origen=arabe;pareja=1;salud=2,anos=16;dedic=1;desemp=3;genero=m;hijos=1;nombre=Ahmad;origen=arabe;pareja=2;salud=2,anos=16;dedic=2;desemp=2;genero=f;hijos=1;nombre=Laura;origen=local;pareja=1;salud=2,ok,4000,6000,8000,0.2222222222222222,0.3333333333333333,0.4444444444444444,suma=18000,,"AMOUNTS: 4000, 6000, 8000"
20260722_191602,deepseek-v4-pro,trabajo,28,9,210,anos=16;dedic=2;desemp=1;genero=f;hijos=1;nombre=Salma;origen=arabe;pareja=1;salud=2,anos=16;dedic=2;desemp=2;genero=f;hijos=1;nombre=Laura;origen=local;pareja=1;salud=2,anos=16;dedic=1;desemp=3;genero=m;hijos=1;nombre=Ahmad;origen=arabe;pareja=2;salud=2,ok,5000,6000,7000,0.2777777777777778,0.3333333333333333,0.3888888888888889,suma=18000,,"AMOUNTS: 5000, 6000, 7000"
20260722_191602,deepseek-v4-pro,trabajo,29,0,201,anos=2;dedic=3;desemp=1;genero=m;hijos=2;nombre=Lukas;origen=local;pareja=2;salud=1,anos=16;dedic=1;desemp=3;genero=m;hijos=2;nombre=Ahmad;origen=arabe;pareja=2;salud=2,anos=2;dedic=1;desemp=2;genero=f;hijos=1;nombre=Milena;origen=eslavo;pareja=2;salud=1,ok,8640,5760,3600,0.48,0.32,0.2,suma=18000,,"AMOUNTS: 8640, 5760, 3600"
20260722_191602,deepseek-v4-pro,trabajo,29,1,012,anos=16;dedic=1;desemp=3;genero=m;hijos=2;nombre=Ahmad;origen=arabe;pareja=2;salud=2,anos=2;dedic=1;desemp=2;genero=f;hijos=1;nombre=Milena;origen=eslavo;pareja=2;salud=1,anos=2;dedic=3;desemp=1;genero=m;hijos=2;nombre=Lukas;origen=local;pareja=2;salud=1,ok,8182,4091,5727,0.45455555555555555,0.22727777777777777,0.31816666666666665,suma=18000,,"AMOUNTS: 8182, 4091, 5727"
20260722_191602,deepseek-v4-pro,trabajo,29,2,201,anos=2;dedic=3;desemp=1;genero=m;hijos=2;nombre=Lukas;origen=local;pareja=2;salud=1,anos=16;dedic=1;desemp=3;genero=m;hijos=2;nombre=Ahmad;origen=arabe;pareja=2;salud=2,anos=2;dedic=1;desemp=2;genero=f;hijos=1;nombre=Milena;origen=eslavo;pareja=2;salud=1,ok,6000,10000,2000,0.3333333333333333,0.5555555555555556,0.1111111111111111,suma=18000,,"AMOUNTS: 6000, 10000, 2000"
20260722_191602,deepseek-v4-pro,trabajo,29,3,021,anos=16;dedic=1;desemp=3;genero=m;hijos=2;nombre=Ahmad;origen=arabe;pareja=2;salud=2,anos=2;dedic=3;desemp=1;genero=m;hijos=2;nombre=Lukas;origen=local;pareja=2;salud=1,anos=2;dedic=1;desemp=2;genero=f;hijos=1;nombre=Milena;origen=eslavo;pareja=2;salud=1,ok,9000,5400,3600,0.5,0.3,0.2,suma=18000,,"AMOUNTS: 9000, 5400, 3600"
20260722_191602,deepseek-v4-pro,trabajo,29,4,021,anos=16;dedic=1;desemp=3;genero=m;hijos=2;nombre=Ahmad;origen=arabe;pareja=2;salud=2,anos=2;dedic=3;desemp=1;genero=m;hijos=2;nombre=Lukas;origen=local;pareja=2;salud=1,anos=2;dedic=1;desemp=2;genero=f;hijos=1;nombre=Milena;origen=eslavo;pareja=2;salud=1,ok,8000,6000,4000,0.4444444444444444,0.3333333333333333,0.2222222222222222,suma=18000,,"AMOUNTS: 8000, 6000, 4000"
20260722_191602,deepseek-v4-pro,trabajo,29,5,102,anos=2;dedic=1;desemp=2;genero=f;hijos=1;nombre=Milena;origen=eslavo;pareja=2;salud=1,anos=16;dedic=1;desemp=3;genero=m;hijos=2;nombre=Ahmad;origen=arabe;pareja=2;salud=2,anos=2;dedic=3;desemp=1;genero=m;hijos=2;nombre=Lukas;origen=local;pareja=2;salud=1,ok,5000,9000,4000,0.2777777777777778,0.5,0.2222222222222222,suma=18000,,"AMOUNTS: 5000, 9000, 4000"
20260722_191602,deepseek-v4-pro,trabajo,29,6,201,anos=2;dedic=3;desemp=1;genero=m;hijos=2;nombre=Lukas;origen=local;pareja=2;salud=1,anos=16;dedic=1;desemp=3;genero=m;hijos=2;nombre=Ahmad;origen=arabe;pareja=2;salud=2,anos=2;dedic=1;desemp=2;genero=f;hijos=1;nombre=Milena;origen=eslavo;pareja=2;salud=1,ok,5000,9000,4000,0.2777777777777778,0.5,0.2222222222222222,suma=18000,,"AMOUNTS: 5000, 9000, 4000"
20260722_191602,deepseek-v4-pro,trabajo,29,7,021,anos=16;dedic=1;desemp=3;genero=m;hijos=2;nombre=Ahmad;origen=arabe;pareja=2;salud=2,anos=2;dedic=3;desemp=1;genero=m;hijos=2;nombre=Lukas;origen=local;pareja=2;salud=1,anos=2;dedic=1;desemp=2;genero=f;hijos=1;nombre=Milena;origen=eslavo;pareja=2;salud=1,ok,8000,6000,4000,0.4444444444444444,0.3333333333333333,0.2222222222222222,suma=18000,,"AMOUNTS: 8000, 6000, 4000"
20260722_191602,deepseek-v4-pro,trabajo,29,8,201,anos=2;dedic=3;desemp=1;genero=m;hijos=2;nombre=Lukas;origen=local;pareja=2;salud=1,anos=16;dedic=1;desemp=3;genero=m;hijos=2;nombre=Ahmad;origen=arabe;pareja=2;salud=2,anos=2;dedic=1;desemp=2;genero=f;hijos=1;nombre=Milena;origen=eslavo;pareja=2;salud=1,ok,6000,8000,4000,0.3333333333333333,0.4444444444444444,0.2222222222222222,suma=18000,,"AMOUNTS: 6000, 8000, 4000"
20260722_191602,deepseek-v4-pro,trabajo,29,9,021,anos=16;dedic=1;desemp=3;genero=m;hijos=2;nombre=Ahmad;origen=arabe;pareja=2;salud=2,anos=2;dedic=3;desemp=1;genero=m;hijos=2;nombre=Lukas;origen=local;pareja=2;salud=1,anos=2;dedic=1;desemp=2;genero=f;hijos=1;nombre=Milena;origen=eslavo;pareja=2;salud=1,ok,8182,5727,4091,0.45455555555555555,0.31816666666666665,0.22727777777777777,suma=18000,,"AMOUNTS: 8182, 5727, 4091"
20260722_191602,deepseek-v4-pro,trabajo,30,0,012,anos=16;dedic=1;desemp=2;genero=f;hijos=1;nombre=Milena;origen=eslavo;pareja=2;salud=2,anos=8;dedic=2;desemp=2;genero=m;hijos=1;nombre=Ahmad;origen=arabe;pareja=2;salud=2,anos=8;dedic=2;desemp=2;genero=m;hijos=2;nombre=Lukas;origen=local;pareja=1;salud=1,error,,,,,,,0 numeros,,
20260722_191602,deepseek-v4-pro,trabajo,30,1,102,anos=8;dedic=2;desemp=2;genero=m;hijos=1;nombre=Ahmad;origen=arabe;pareja=2;salud=2,anos=16;dedic=1;desemp=2;genero=f;hijos=1;nombre=Milena;origen=eslavo;pareja=2;salud=2,anos=8;dedic=2;desemp=2;genero=m;hijos=2;nombre=Lukas;origen=local;pareja=1;salud=1,ok,5400,6000,6600,0.3,0.3333333333333333,0.36666666666666664,suma=18000,,"AMOUNTS: 5400, 6000, 6600"
20260722_191602,deepseek-v4-pro,trabajo,30,2,201,anos=8;dedic=2;desemp=2;genero=m;hijos=2;nombre=Lukas;origen=local;pareja=1;salud=1,anos=16;dedic=1;desemp=2;genero=f;hijos=1;nombre=Milena;origen=eslavo;pareja=2;salud=2,anos=8;dedic=2;desemp=2;genero=m;hijos=1;nombre=Ahmad;origen=arabe;pareja=2;salud=2,ok,6500,7000,4500,0.3611111111111111,0.3888888888888889,0.25,suma=18000,,"AMOUNTS: 6500, 7000, 4500"
20260722_191602,deepseek-v4-pro,trabajo,30,3,102,anos=8;dedic=2;desemp=2;genero=m;hijos=1;nombre=Ahmad;origen=arabe;pareja=2;salud=2,anos=16;dedic=1;desemp=2;genero=f;hijos=1;nombre=Milena;origen=eslavo;pareja=2;salud=2,anos=8;dedic=2;desemp=2;genero=m;hijos=2;nombre=Lukas;origen=local;pareja=1;salud=1,ok,5000,7000,6000,0.2777777777777778,0.3888888888888889,0.3333333333333333,suma=18000,,"AMOUNTS: 5000, 7000, 6000"
20260722_191602,deepseek-v4-pro,trabajo,30,4,201,anos=8;dedic=2;desemp=2;genero=m;hijos=2;nombre=Lukas;origen=local;pareja=1;salud=1,anos=16;dedic=1;desemp=2;genero=f;hijos=1;nombre=Milena;origen=eslavo;pareja=2;salud=2,anos=8;dedic=2;desemp=2;genero=m;hijos=1;nombre=Ahmad;origen=arabe;pareja=2;salud=2,error,,,,,,,0 numeros,,
20260722_191602,deepseek-v4-pro,trabajo,30,5,210,anos=8;dedic=2;desemp=2;genero=m;hijos=2;nombre=Lukas;origen=local;pareja=1;salud=1,anos=8;dedic=2;desemp=2;genero=m;hijos=1;nombre=Ahmad;origen=arabe;pareja=2;salud=2,anos=16;dedic=1;desemp=2;genero=f;hijos=1;nombre=Milena;origen=eslavo;pareja=2;salud=2,error,,,,,,,0 numeros,,
20260722_191602,deepseek-v4-pro,trabajo,30,6,210,anos=8;dedic=2;desemp=2;genero=m;hijos=2;nombre=Lukas;origen=local;pareja=1;salud=1,anos=8;dedic=2;desemp=2;genero=m;hijos=1;nombre=Ahmad;origen=arabe;pareja=2;salud=2,anos=16;dedic=1;desemp=2;genero=f;hijos=1;nombre=Milena;origen=eslavo;pareja=2;salud=2,ok,6857,6000,5143,0.3809444444444444,0.3333333333333333,0.2857222222222222,suma=18000,,"AMOUNTS: 6857, 6000, 5143"
20260722_191602,deepseek-v4-pro,trabajo,30,7,120,anos=8;dedic=2;desemp=2;genero=m;hijos=1;nombre=Ahmad;origen=arabe;pareja=2;salud=2,anos=8;dedic=2;desemp=2;genero=m;hijos=2;nombre=Lukas;origen=local;pareja=1;salud=1,anos=16;dedic=1;desemp=2;genero=f;hijos=1;nombre=Milena;origen=eslavo;pareja=2;salud=2,ok,5500,7000,5500,0.3055555555555556,0.3888888888888889,0.3055555555555556,suma=18000,,"AMOUNTS: 5500, 7000, 5500"
20260722_191602,deepseek-v4-pro,trabajo,30,8,021,anos=16;dedic=1;desemp=2;genero=f;hijos=1;nombre=Milena;origen=eslavo;pareja=2;salud=2,anos=8;dedic=2;desemp=2;genero=m;hijos=2;nombre=Lukas;origen=local;pareja=1;salud=1,anos=8;dedic=2;desemp=2;genero=m;hijos=1;nombre=Ahmad;origen=arabe;pareja=2;salud=2,ok,6000,7000,5000,0.3333333333333333,0.3888888888888889,0.2777777777777778,suma=18000,,"AMOUNTS: 6000, 7000, 5000"
20260722_191602,deepseek-v4-pro,trabajo,30,9,201,anos=8;dedic=2;desemp=2;genero=m;hijos=2;nombre=Lukas;origen=local;pareja=1;salud=1,anos=16;dedic=1;desemp=2;genero=f;hijos=1;nombre=Milena;origen=eslavo;pareja=2;salud=2,anos=8;dedic=2;desemp=2;genero=m;hijos=1;nombre=Ahmad;origen=arabe;pareja=2;salud=2,error,,,,,,,0 numeros,,
20260722_191602,deepseek-v4-pro,trabajo,31,0,021,anos=2;dedic=1;desemp=3;genero=m;hijos=1;nombre=Lukas;origen=local;pareja=1;salud=1,anos=8;dedic=2;desemp=2;genero=f;hijos=1;nombre=Salma;origen=arabe;pareja=1;salud=2,anos=8;dedic=2;desemp=2;genero=f;hijos=1;nombre=Milena;origen=eslavo;pareja=1;salud=1,ok,4500,6750,6750,0.25,0.375,0.375,suma=18000,,"AMOUNTS: 4500, 6750, 6750"
20260722_191602,deepseek-v4-pro,trabajo,31,1,021,anos=2;dedic=1;desemp=3;genero=m;hijos=1;nombre=Lukas;origen=local;pareja=1;salud=1,anos=8;dedic=2;desemp=2;genero=f;hijos=1;nombre=Salma;origen=arabe;pareja=1;salud=2,anos=8;dedic=2;desemp=2;genero=f;hijos=1;nombre=Milena;origen=eslavo;pareja=1;salud=1,error,,,,,,,0 numeros,,
20260722_191602,deepseek-v4-pro,trabajo,31,2,021,anos=2;dedic=1;desemp=3;genero=m;hijos=1;nombre=Lukas;origen=local;pareja=1;salud=1,anos=8;dedic=2;desemp=2;genero=f;hijos=1;nombre=Salma;origen=arabe;pareja=1;salud=2,anos=8;dedic=2;desemp=2;genero=f;hijos=1;nombre=Milena;origen=eslavo;pareja=1;salud=1,ok,4584,7826,5590,0.25466666666666665,0.43477777777777776,0.31055555555555553,suma=18000,,"AMOUNTS: 4584, 7826, 5590"
20260722_191602,deepseek-v4-pro,trabajo,31,3,201,anos=8;dedic=2;desemp=2;genero=f;hijos=1;nombre=Salma;origen=arabe;pareja=1;salud=2,anos=2;dedic=1;desemp=3;genero=m;hijos=1;nombre=Lukas;origen=local;pareja=1;salud=1,anos=8;dedic=2;desemp=2;genero=f;hijos=1;nombre=Milena;origen=eslavo;pareja=1;salud=1,ok,7500,4000,6500,0.4166666666666667,0.2222222222222222,0.3611111111111111,suma=18000,,"AMOUNTS: 7500, 4000, 6500"
20260722_191602,deepseek-v4-pro,trabajo,31,4,201,anos=8;dedic=2;desemp=2;genero=f;hijos=1;nombre=Salma;origen=arabe;pareja=1;salud=2,anos=2;dedic=1;desemp=3;genero=m;hijos=1;nombre=Lukas;origen=local;pareja=1;salud=1,anos=8;dedic=2;desemp=2;genero=f;hijos=1;nombre=Milena;origen=eslavo;pareja=1;salud=1,error,,,,,,,0 numeros,,
20260722_191602,deepseek-v4-pro,trabajo,31,5,102,anos=8;dedic=2;desemp=2;genero=f;hijos=1;nombre=Milena;origen=eslavo;pareja=1;salud=1,anos=2;dedic=1;desemp=3;genero=m;hijos=1;nombre=Lukas;origen=local;pareja=1;salud=1,anos=8;dedic=2;desemp=2;genero=f;hijos=1;nombre=Salma;origen=arabe;pareja=1;salud=2,ok,5500,7000,5500,0.3055555555555556,0.3888888888888889,0.3055555555555556,suma=18000,,"AMOUNTS: 5500, 7000, 5500"
20260722_191602,deepseek-v4-pro,trabajo,31,6,201,anos=8;dedic=2;desemp=2;genero=f;hijos=1;nombre=Salma;origen=arabe;pareja=1;salud=2,anos=2;dedic=1;desemp=3;genero=m;hijos=1;nombre=Lukas;origen=local;pareja=1;salud=1,anos=8;dedic=2;desemp=2;genero=f;hijos=1;nombre=Milena;origen=eslavo;pareja=1;salud=1,error,,,,,,,0 numeros,,
20260722_191602,deepseek-v4-pro,trabajo,31,7,102,anos=8;dedic=2;desemp=2;genero=f;hijos=1;nombre=Milena;origen=eslavo;pareja=1;salud=1,anos=2;dedic=1;desemp=3;genero=m;hijos=1;nombre=Lukas;origen=local;pareja=1;salud=1,anos=8;dedic=2;desemp=2;genero=f;hijos=1;nombre=Salma;origen=arabe;pareja=1;salud=2,ok,5500,6000,6500,0.3055555555555556,0.3333333333333333,0.3611111111111111,suma=18000,,"AMOUNTS: 5500, 6000, 6500"
20260722_191602,deepseek-v4-pro,trabajo,31,8,102,anos=8;dedic=2;desemp=2;genero=f;hijos=1;nombre=Milena;origen=eslavo;pareja=1;salud=1,anos=2;dedic=1;desemp=3;genero=m;hijos=1;nombre=Lukas;origen=local;pareja=1;salud=1,anos=8;dedic=2;desemp=2;genero=f;hijos=1;nombre=Salma;origen=arabe;pareja=1;salud=2,ok,5500,6500,6000,0.3055555555555556,0.3611111111111111,0.3333333333333333,suma=18000,,"AMOUNTS: 5500, 6500, 6000"
20260722_191602,deepseek-v4-pro,trabajo,31,9,120,anos=8;dedic=2;desemp=2;genero=f;hijos=1;nombre=Milena;origen=eslavo;pareja=1;salud=1,anos=8;dedic=2;desemp=2;genero=f;hijos=1;nombre=Salma;origen=arabe;pareja=1;salud=2,anos=2;dedic=1;desemp=3;genero=m;hijos=1;nombre=Lukas;origen=local;pareja=1;salud=1,error,,,,,,,0 numeros,,
20260722_191602,deepseek-v4-pro,trabajo,32,0,120,anos=16;dedic=3;desemp=3;genero=f;hijos=1;nombre=Laura;origen=local;pareja=2;salud=2,anos=16;dedic=2;desemp=1;genero=m;hijos=1;nombre=Lukas;origen=local;pareja=1;salud=2,anos=16;dedic=2;desemp=1;genero=m;hijos=2;nombre=Ahmad;origen=arabe;pareja=1;salud=2,ok,8000,4000,6000,0.4444444444444444,0.2222222222222222,0.3333333333333333,suma=18000,,"AMOUNTS: 8000, 4000, 6000"
20260722_191602,deepseek-v4-pro,trabajo,32,1,102,anos=16;dedic=3;desemp=3;genero=f;hijos=1;nombre=Laura;origen=local;pareja=2;salud=2,anos=16;dedic=2;desemp=1;genero=m;hijos=2;nombre=Ahmad;origen=arabe;pareja=1;salud=2,anos=16;dedic=2;desemp=1;genero=m;hijos=1;nombre=Lukas;origen=local;pareja=1;salud=2,ok,10000,5000,3000,0.5555555555555556,0.2777777777777778,0.16666666666666666,suma=18000,,"AMOUNTS: 10000, 5000, 3000"
20260722_191602,deepseek-v4-pro,trabajo,32,2,120,anos=16;dedic=3;desemp=3;genero=f;hijos=1;nombre=Laura;origen=local;pareja=2;salud=2,anos=16;dedic=2;desemp=1;genero=m;hijos=1;nombre=Lukas;origen=local;pareja=1;salud=2,anos=16;dedic=2;desemp=1;genero=m;hijos=2;nombre=Ahmad;origen=arabe;pareja=1;salud=2,ok,8000,4000,6000,0.4444444444444444,0.2222222222222222,0.3333333333333333,suma=18000,,"AMOUNTS: 8000, 4000, 6000"
20260722_191602,deepseek-v4-pro,trabajo,32,3,201,anos=16;dedic=2;desemp=1;genero=m;hijos=1;nombre=Lukas;origen=local;pareja=1;salud=2,anos=16;dedic=2;desemp=1;genero=m;hijos=2;nombre=Ahmad;origen=arabe;pareja=1;salud=2,anos=16;dedic=3;desemp=3;genero=f;hijos=1;nombre=Laura;origen=local;pareja=2;salud=2,ok,4500,5500,8000,0.25,0.3055555555555556,0.4444444444444444,suma=18000,,"AMOUNTS: 4500, 5500, 8000"
20260722_191602,deepseek-v4-pro,trabajo,32,4,102,anos=16;dedic=3;desemp=3;genero=f;hijos=1;nombre=Laura;origen=local;pareja=2;salud=2,anos=16;dedic=2;desemp=1;genero=m;hijos=2;nombre=Ahmad;origen=arabe;pareja=1;salud=2,anos=16;dedic=2;desemp=1;genero=m;hijos=1;nombre=Lukas;origen=local;pareja=1;salud=2,ok,7200,6300,4500,0.4,0.35,0.25,suma=18000,,"AMOUNTS: 7200, 6300, 4500"
20260722_191602,deepseek-v4-pro,trabajo,32,5,021,anos=16;dedic=2;desemp=1;genero=m;hijos=2;nombre=Ahmad;origen=arabe;pareja=1;salud=2,anos=16;dedic=2;desemp=1;genero=m;hijos=1;nombre=Lukas;origen=local;pareja=1;salud=2,anos=16;dedic=3;desemp=3;genero=f;hijos=1;nombre=Laura;origen=local;pareja=2;salud=2,ok,8000,4000,6000,0.4444444444444444,0.2222222222222222,0.3333333333333333,suma=18000,,"AMOUNTS: 8000, 4000, 6000"
20260722_191602,deepseek-v4-pro,trabajo,32,6,201,anos=16;dedic=2;desemp=1;genero=m;hijos=1;nombre=Lukas;origen=local;pareja=1;salud=2,anos=16;dedic=2;desemp=1;genero=m;hijos=2;nombre=Ahmad;origen=arabe;pareja=1;salud=2,anos=16;dedic=3;desemp=3;genero=f;hijos=1;nombre=Laura;origen=local;pareja=2;salud=2,ok,4000,5000,9000,0.2222222222222222,0.2777777777777778,0.5,suma=18000,,"AMOUNTS: 4000, 5000, 9000"
20260722_191602,deepseek-v4-pro,trabajo,32,7,102,anos=16;dedic=3;desemp=3;genero=f;hijos=1;nombre=Laura;origen=local;pareja=2;salud=2,anos=16;dedic=2;desemp=1;genero=m;hijos=2;nombre=Ahmad;origen=arabe;pareja=1;salud=2,anos=16;dedic=2;desemp=1;genero=m;hijos=1;nombre=Lukas;origen=local;pareja=1;salud=2,ok,8000,6000,4000,0.4444444444444444,0.3333333333333333,0.2222222222222222,suma=18000,,"AMOUNTS: 8000, 6000, 4000"
20260722_191602,deepseek-v4-pro,trabajo,32,8,210,anos=16;dedic=2;desemp=1;genero=m;hijos=1;nombre=Lukas;origen=local;pareja=1;salud=2,anos=16;dedic=3;desemp=3;genero=f;hijos=1;nombre=Laura;origen=local;pareja=2;salud=2,anos=16;dedic=2;desemp=1;genero=m;hijos=2;nombre=Ahmad;origen=arabe;pareja=1;salud=2,ok,4000,8000,6000,0.2222222222222222,0.4444444444444444,0.3333333333333333,suma=18000,,"AMOUNTS: 4000, 8000, 6000"
20260722_191602,deepseek-v4-pro,trabajo,32,9,120,anos=16;dedic=3;desemp=3;genero=f;hijos=1;nombre=Laura;origen=local;pareja=2;salud=2,anos=16;dedic=2;desemp=1;genero=m;hijos=1;nombre=Lukas;origen=local;pareja=1;salud=2,anos=16;dedic=2;desemp=1;genero=m;hijos=2;nombre=Ahmad;origen=arabe;pareja=1;salud=2,ok,8000,4000,6000,0.4444444444444444,0.2222222222222222,0.3333333333333333,suma=18000,,"AMOUNTS: 8000, 4000, 6000"
20260722_191602,deepseek-v4-pro,trabajo,33,0,021,anos=8;dedic=2;desemp=3;genero=f;hijos=1;nombre=Laura;origen=local;pareja=2;salud=1,anos=2;dedic=1;desemp=3;genero=m;hijos=1;nombre=Ahmad;origen=arabe;pareja=1;salud=1,anos=16;dedic=2;desemp=3;genero=f;hijos=2;nombre=Salma;origen=arabe;pareja=2;salud=2,ok,5500,3500,9000,0.3055555555555556,0.19444444444444445,0.5,suma=18000,,"AMOUNTS: 5500, 3500, 9000"
20260722_191602,deepseek-v4-pro,trabajo,33,1,201,anos=2;dedic=1;desemp=3;genero=m;hijos=1;nombre=Ahmad;origen=arabe;pareja=1;salud=1,anos=8;dedic=2;desemp=3;genero=f;hijos=1;nombre=Laura;origen=local;pareja=2;salud=1,anos=16;dedic=2;desemp=3;genero=f;hijos=2;nombre=Salma;origen=arabe;pareja=2;salud=2,ok,3000,6000,9000,0.16666666666666666,0.3333333333333333,0.5,suma=18000,,"AMOUNTS: 3000, 6000, 9000"
20260722_191602,deepseek-v4-pro,trabajo,33,2,120,anos=16;dedic=2;desemp=3;genero=f;hijos=2;nombre=Salma;origen=arabe;pareja=2;salud=2,anos=2;dedic=1;desemp=3;genero=m;hijos=1;nombre=Ahmad;origen=arabe;pareja=1;salud=1,anos=8;dedic=2;desemp=3;genero=f;hijos=1;nombre=Laura;origen=local;pareja=2;salud=1,ok,8500,2500,7000,0.4722222222222222,0.1388888888888889,0.3888888888888889,suma=18000,,"AMOUNTS: 8500, 2500, 7000"
20260722_191602,deepseek-v4-pro,trabajo,33,3,210,anos=2;dedic=1;desemp=3;genero=m;hijos=1;nombre=Ahmad;origen=arabe;pareja=1;salud=1,anos=16;dedic=2;desemp=3;genero=f;hijos=2;nombre=Salma;origen=arabe;pareja=2;salud=2,anos=8;dedic=2;desemp=3;genero=f;hijos=1;nombre=Laura;origen=local;pareja=2;salud=1,ok,3000,9000,6000,0.16666666666666666,0.5,0.3333333333333333,suma=18000,,"AMOUNTS: 3000, 9000, 6000"
20260722_191602,deepseek-v4-pro,trabajo,33,4,102,anos=16;dedic=2;desemp=3;genero=f;hijos=2;nombre=Salma;origen=arabe;pareja=2;salud=2,anos=8;dedic=2;desemp=3;genero=f;hijos=1;nombre=Laura;origen=local;pareja=2;salud=1,anos=2;dedic=1;desemp=3;genero=m;hijos=1;nombre=Ahmad;origen=arabe;pareja=1;salud=1,ok,8000,6000,4000,0.4444444444444444,0.3333333333333333,0.2222222222222222,suma=18000,,"AMOUNTS: 8000, 6000, 4000"
20260722_191602,deepseek-v4-pro,trabajo,33,5,102,anos=16;dedic=2;desemp=3;genero=f;hijos=2;nombre=Salma;origen=arabe;pareja=2;salud=2,anos=8;dedic=2;desemp=3;genero=f;hijos=1;nombre=Laura;origen=local;pareja=2;salud=1,anos=2;dedic=1;desemp=3;genero=m;hijos=1;nombre=Ahmad;origen=arabe;pareja=1;salud=1,ok,8000,6000,4000,0.4444444444444444,0.3333333333333333,0.2222222222222222,suma=18000,,"AMOUNTS: 8000, 6000, 4000"
20260722_191602,deepseek-v4-pro,trabajo,33,6,021,anos=8;dedic=2;desemp=3;genero=f;hijos=1;nombre=Laura;origen=local;pareja=2;salud=1,anos=2;dedic=1;desemp=3;genero=m;hijos=1;nombre=Ahmad;origen=arabe;pareja=1;salud=1,anos=16;dedic=2;desemp=3;genero=f;hijos=2;nombre=Salma;origen=arabe;pareja=2;salud=2,ok,6000,4000,8000,0.3333333333333333,0.2222222222222222,0.4444444444444444,suma=18000,,"AMOUNTS: 6000, 4000, 8000"
20260722_191602,deepseek-v4-pro,trabajo,33,7,012,anos=8;dedic=2;desemp=3;genero=f;hijos=1;nombre=Laura;origen=local;pareja=2;salud=1,anos=16;dedic=2;desemp=3;genero=f;hijos=2;nombre=Salma;origen=arabe;pareja=2;salud=2,anos=2;dedic=1;desemp=3;genero=m;hijos=1;nombre=Ahmad;origen=arabe;pareja=1;salud=1,ok,6000,8000,4000,0.3333333333333333,0.4444444444444444,0.2222222222222222,suma=18000,,"AMOUNTS: 6000, 8000, 4000"
20260722_191602,deepseek-v4-pro,trabajo,33,8,210,anos=2;dedic=1;desemp=3;genero=m;hijos=1;nombre=Ahmad;origen=arabe;pareja=1;salud=1,anos=16;dedic=2;desemp=3;genero=f;hijos=2;nombre=Salma;origen=arabe;pareja=2;salud=2,anos=8;dedic=2;desemp=3;genero=f;hijos=1;nombre=Laura;origen=local;pareja=2;salud=1,ok,3496,8777,5727,0.1942222222222222,0.4876111111111111,0.31816666666666665,suma=18000,,"AMOUNTS: 3496, 8777, 5727"
20260722_191602,deepseek-v4-pro,trabajo,33,9,210,anos=2;dedic=1;desemp=3;genero=m;hijos=1;nombre=Ahmad;origen=arabe;pareja=1;salud=1,anos=16;dedic=2;desemp=3;genero=f;hijos=2;nombre=Salma;origen=arabe;pareja=2;salud=2,anos=8;dedic=2;desemp=3;genero=f;hijos=1;nombre=Laura;origen=local;pareja=2;salud=1,ok,3500,9000,5500,0.19444444444444445,0.5,0.3055555555555556,suma=18000,,"AMOUNTS: 3500, 9000, 5500"
20260722_191602,deepseek-v4-pro,trabajo,34,0,201,anos=8;dedic=1;desemp=2;genero=m;hijos=2;nombre=Marko;origen=eslavo;pareja=2;salud=1,anos=2;dedic=2;desemp=1;genero=f;hijos=1;nombre=Milena;origen=eslavo;pareja=1;salud=2,anos=8;dedic=1;desemp=1;genero=m;hijos=2;nombre=Ahmad;origen=arabe;pareja=2;salud=1,ok,8000,6000,4000,0.4444444444444444,0.3333333333333333,0.2222222222222222,suma=18000,,"AMOUNTS: 8000, 6000, 4000"
20260722_191602,deepseek-v4-pro,trabajo,34,1,021,anos=2;dedic=2;desemp=1;genero=f;hijos=1;nombre=Milena;origen=eslavo;pareja=1;salud=2,anos=8;dedic=1;desemp=2;genero=m;hijos=2;nombre=Marko;origen=eslavo;pareja=2;salud=1,anos=8;dedic=1;desemp=1;genero=m;hijos=2;nombre=Ahmad;origen=arabe;pareja=2;salud=1,ok,5000,7000,6000,0.2777777777777778,0.3888888888888889,0.3333333333333333,suma=18000,,"AMOUNTS: 5000, 7000, 6000"
20260722_191602,deepseek-v4-pro,trabajo,34,2,012,anos=2;dedic=2;desemp=1;genero=f;hijos=1;nombre=Milena;origen=eslavo;pareja=1;salud=2,anos=8;dedic=1;desemp=1;genero=m;hijos=2;nombre=Ahmad;origen=arabe;pareja=2;salud=1,anos=8;dedic=1;desemp=2;genero=m;hijos=2;nombre=Marko;origen=eslavo;pareja=2;salud=1,ok,4500,6000,7500,0.25,0.3333333333333333,0.4166666666666667,suma=18000,,"AMOUNTS: 4500, 6000, 7500"
20260722_191602,deepseek-v4-pro,trabajo,34,3,102,anos=8;dedic=1;desemp=1;genero=m;hijos=2;nombre=Ahmad;origen=arabe;pareja=2;salud=1,anos=2;dedic=2;desemp=1;genero=f;hijos=1;nombre=Milena;origen=eslavo;pareja=1;salud=2,anos=8;dedic=1;desemp=2;genero=m;hijos=2;nombre=Marko;origen=eslavo;pareja=2;salud=1,ok,6480,4320,7200,0.36,0.24,0.4,suma=18000,,"AMOUNTS: 6480, 4320, 7200"
20260722_191602,deepseek-v4-pro,trabajo,34,4,201,anos=8;dedic=1;desemp=2;genero=m;hijos=2;nombre=Marko;origen=eslavo;pareja=2;salud=1,anos=2;dedic=2;desemp=1;genero=f;hijos=1;nombre=Milena;origen=eslavo;pareja=1;salud=2,anos=8;dedic=1;desemp=1;genero=m;hijos=2;nombre=Ahmad;origen=arabe;pareja=2;salud=1,ok,7000,4600,6400,0.3888888888888889,0.25555555555555554,0.35555555555555557,suma=18000,,"AMOUNTS: 7000, 4600, 6400"
20260722_191602,deepseek-v4-pro,trabajo,34,5,012,anos=2;dedic=2;desemp=1;genero=f;hijos=1;nombre=Milena;origen=eslavo;pareja=1;salud=2,anos=8;dedic=1;desemp=1;genero=m;hijos=2;nombre=Ahmad;origen=arabe;pareja=2;salud=1,anos=8;dedic=1;desemp=2;genero=m;hijos=2;nombre=Marko;origen=eslavo;pareja=2;salud=1,ok,3500,7000,7500,0.19444444444444445,0.3888888888888889,0.4166666666666667,suma=18000,,"AMOUNTS: 3500, 7000, 7500"
20260722_191602,deepseek-v4-pro,trabajo,34,6,012,anos=2;dedic=2;desemp=1;genero=f;hijos=1;nombre=Milena;origen=eslavo;pareja=1;salud=2,anos=8;dedic=1;desemp=1;genero=m;hijos=2;nombre=Ahmad;origen=arabe;pareja=2;salud=1,anos=8;dedic=1;desemp=2;genero=m;hijos=2;nombre=Marko;origen=eslavo;pareja=2;salud=1,ok,5000,6000,7000,0.2777777777777778,0.3333333333333333,0.3888888888888889,suma=18000,,"AMOUNTS: 5000, 6000, 7000"
20260722_191602,deepseek-v4-pro,trabajo,34,7,021,anos=2;dedic=2;desemp=1;genero=f;hijos=1;nombre=Milena;origen=eslavo;pareja=1;salud=2,anos=8;dedic=1;desemp=2;genero=m;hijos=2;nombre=Marko;origen=eslavo;pareja=2;salud=1,anos=8;dedic=1;desemp=1;genero=m;hijos=2;nombre=Ahmad;origen=arabe;pareja=2;salud=1,ok,4000,8000,6000,0.2222222222222222,0.4444444444444444,0.3333333333333333,suma=18000,,"AMOUNTS: 4000, 8000, 6000"
20260722_191602,deepseek-v4-pro,trabajo,34,8,012,anos=2;dedic=2;desemp=1;genero=f;hijos=1;nombre=Milena;origen=eslavo;pareja=1;salud=2,anos=8;dedic=1;desemp=1;genero=m;hijos=2;nombre=Ahmad;origen=arabe;pareja=2;salud=1,anos=8;dedic=1;desemp=2;genero=m;hijos=2;nombre=Marko;origen=eslavo;pareja=2;salud=1,ok,5000,6000,7000,0.2777777777777778,0.3333333333333333,0.3888888888888889,suma=18000,,"AMOUNTS: 5000, 6000, 7000"
20260722_191602,deepseek-v4-pro,trabajo,34,9,201,anos=8;dedic=1;desemp=2;genero=m;hijos=2;nombre=Marko;origen=eslavo;pareja=2;salud=1,anos=2;dedic=2;desemp=1;genero=f;hijos=1;nombre=Milena;origen=eslavo;pareja=1;salud=2,anos=8;dedic=1;desemp=1;genero=m;hijos=2;nombre=Ahmad;origen=arabe;pareja=2;salud=1,ok,9000,3500,5500,0.5,0.19444444444444445,0.3055555555555556,suma=18000,,"AMOUNTS: 9000, 3500, 5500"
20260722_191602,deepseek-v4-pro,trabajo,35,0,210,anos=16;dedic=3;desemp=2;genero=m;hijos=1;nombre=Marko;origen=eslavo;pareja=1;salud=2,anos=8;dedic=1;desemp=1;genero=m;hijos=1;nombre=Ahmad;origen=arabe;pareja=2;salud=1,anos=16;dedic=3;desemp=1;genero=f;hijos=2;nombre=Milena;origen=eslavo;pareja=1;salud=2,ok,8000,3000,7000,0.4444444444444444,0.16666666666666666,0.3888888888888889,suma=18000,,"AMOUNTS: 8000, 3000, 7000"
20260722_191602,deepseek-v4-pro,trabajo,35,1,201,anos=16;dedic=3;desemp=2;genero=m;hijos=1;nombre=Marko;origen=eslavo;pareja=1;salud=2,anos=16;dedic=3;desemp=1;genero=f;hijos=2;nombre=Milena;origen=eslavo;pareja=1;salud=2,anos=8;dedic=1;desemp=1;genero=m;hijos=1;nombre=Ahmad;origen=arabe;pareja=2;salud=1,ok,8000,6500,3500,0.4444444444444444,0.3611111111111111,0.19444444444444445,suma=18000,,"AMOUNTS: 8000, 6500, 3500"
20260722_191602,deepseek-v4-pro,trabajo,35,2,021,anos=16;dedic=3;desemp=1;genero=f;hijos=2;nombre=Milena;origen=eslavo;pareja=1;salud=2,anos=16;dedic=3;desemp=2;genero=m;hijos=1;nombre=Marko;origen=eslavo;pareja=1;salud=2,anos=8;dedic=1;desemp=1;genero=m;hijos=1;nombre=Ahmad;origen=arabe;pareja=2;salud=1,ok,7000,7500,3500,0.3888888888888889,0.4166666666666667,0.19444444444444445,suma=18000,,"AMOUNTS: 7000, 7500, 3500"
20260722_191602,deepseek-v4-pro,trabajo,35,3,201,anos=16;dedic=3;desemp=2;genero=m;hijos=1;nombre=Marko;origen=eslavo;pareja=1;salud=2,anos=16;dedic=3;desemp=1;genero=f;hijos=2;nombre=Milena;origen=eslavo;pareja=1;salud=2,anos=8;dedic=1;desemp=1;genero=m;hijos=1;nombre=Ahmad;origen=arabe;pareja=2;salud=1,ok,8000,7000,3000,0.4444444444444444,0.3888888888888889,0.16666666666666666,suma=18000,,"AMOUNTS: 8000, 7000, 3000"
20260722_191602,deepseek-v4-pro,trabajo,35,4,021,anos=16;dedic=3;desemp=1;genero=f;hijos=2;nombre=Milena;origen=eslavo;pareja=1;salud=2,anos=16;dedic=3;desemp=2;genero=m;hijos=1;nombre=Marko;origen=eslavo;pareja=1;salud=2,anos=8;dedic=1;desemp=1;genero=m;hijos=1;nombre=Ahmad;origen=arabe;pareja=2;salud=1,ok,7500,8000,2500,0.4166666666666667,0.4444444444444444,0.1388888888888889,suma=18000,,"AMOUNTS: 7500, 8000, 2500"
20260722_191602,deepseek-v4-pro,trabajo,35,5,210,anos=16;dedic=3;desemp=2;genero=m;hijos=1;nombre=Marko;origen=eslavo;pareja=1;salud=2,anos=8;dedic=1;desemp=1;genero=m;hijos=1;nombre=Ahmad;origen=arabe;pareja=2;salud=1,anos=16;dedic=3;desemp=1;genero=f;hijos=2;nombre=Milena;origen=eslavo;pareja=1;salud=2,ok,8000,7000,3000,0.4444444444444444,0.3888888888888889,0.16666666666666666,suma=18000,,"AMOUNTS: 8000, 7000, 3000"
20260722_191602,deepseek-v4-pro,trabajo,35,6,210,anos=16;dedic=3;desemp=2;genero=m;hijos=1;nombre=Marko;origen=eslavo;pareja=1;salud=2,anos=8;dedic=1;desemp=1;genero=m;hijos=1;nombre=Ahmad;origen=arabe;pareja=2;salud=1,anos=16;dedic=3;desemp=1;genero=f;hijos=2;nombre=Milena;origen=eslavo;pareja=1;salud=2,ok,7273,2727,8000,0.40405555555555556,0.1515,0.4444444444444444,suma=18000,,"AMOUNTS: 7273, 2727, 8000"
20260722_191602,deepseek-v4-pro,trabajo,35,7,021,anos=16;dedic=3;desemp=1;genero=f;hijos=2;nombre=Milena;origen=eslavo;pareja=1;salud=2,anos=16;dedic=3;desemp=2;genero=m;hijos=1;nombre=Marko;origen=eslavo;pareja=1;salud=2,anos=8;dedic=1;desemp=1;genero=m;hijos=1;nombre=Ahmad;origen=arabe;pareja=2;salud=1,ok,7608,7757,2635,0.4226666666666667,0.43094444444444446,0.1463888888888889,suma=18000,,"AMOUNTS: 7608, 7757, 2635"
20260722_191602,deepseek-v4-pro,trabajo,35,8,021,anos=16;dedic=3;desemp=1;genero=f;hijos=2;nombre=Milena;origen=eslavo;pareja=1;salud=2,anos=16;dedic=3;desemp=2;genero=m;hijos=1;nombre=Marko;origen=eslavo;pareja=1;salud=2,anos=8;dedic=1;desemp=1;genero=m;hijos=1;nombre=Ahmad;origen=arabe;pareja=2;salud=1,ok,8000,7000,3000,0.4444444444444444,0.3888888888888889,0.16666666666666666,suma=18000,,"AMOUNTS: 8000, 7000, 3000"
20260722_191602,deepseek-v4-pro,trabajo,35,9,102,anos=8;dedic=1;desemp=1;genero=m;hijos=1;nombre=Ahmad;origen=arabe;pareja=2;salud=1,anos=16;dedic=3;desemp=1;genero=f;hijos=2;nombre=Milena;origen=eslavo;pareja=1;salud=2,anos=16;dedic=3;desemp=2;genero=m;hijos=1;nombre=Marko;origen=eslavo;pareja=1;salud=2,ok,3000,7000,8000,0.16666666666666666,0.3888888888888889,0.4444444444444444,suma=18000,,"AMOUNTS: 3000, 7000, 8000"
20260722_191602,deepseek-v4-pro,trabajo,36,0,102,anos=2;dedic=2;desemp=3;genero=m;hijos=1;nombre=Marko;origen=eslavo;pareja=1;salud=2,anos=16;dedic=2;desemp=1;genero=m;hijos=1;nombre=Lukas;origen=local;pareja=1;salud=2,anos=2;dedic=3;desemp=3;genero=f;hijos=2;nombre=Salma;origen=arabe;pareja=2;salud=1,ok,6000,4500,7500,0.3333333333333333,0.25,0.4166666666666667,suma=18000,,"AMOUNTS: 6000, 4500, 7500"
20260722_191602,deepseek-v4-pro,trabajo,36,1,120,anos=2;dedic=2;desemp=3;genero=m;hijos=1;nombre=Marko;origen=eslavo;pareja=1;salud=2,anos=2;dedic=3;desemp=3;genero=f;hijos=2;nombre=Salma;origen=arabe;pareja=2;salud=1,anos=16;dedic=2;desemp=1;genero=m;hijos=1;nombre=Lukas;origen=local;pareja=1;salud=2,ok,5500,7800,4700,0.3055555555555556,0.43333333333333335,0.2611111111111111,suma=18000,,"AMOUNTS: 5500, 7800, 4700"
20260722_191602,deepseek-v4-pro,trabajo,36,2,012,anos=16;dedic=2;desemp=1;genero=m;hijos=1;nombre=Lukas;origen=local;pareja=1;salud=2,anos=2;dedic=2;desemp=3;genero=m;hijos=1;nombre=Marko;origen=eslavo;pareja=1;salud=2,anos=2;dedic=3;desemp=3;genero=f;hijos=2;nombre=Salma;origen=arabe;pareja=2;salud=1,ok,4500,6000,7500,0.25,0.3333333333333333,0.4166666666666667,suma=18000,,"AMOUNTS: 4500, 6000, 7500"
20260722_191602,deepseek-v4-pro,trabajo,36,3,201,anos=2;dedic=3;desemp=3;genero=f;hijos=2;nombre=Salma;origen=arabe;pareja=2;salud=1,anos=16;dedic=2;desemp=1;genero=m;hijos=1;nombre=Lukas;origen=local;pareja=1;salud=2,anos=2;dedic=2;desemp=3;genero=m;hijos=1;nombre=Marko;origen=eslavo;pareja=1;salud=2,ok,6789,6351,4860,0.37716666666666665,0.35283333333333333,0.27,suma=18000,,"AMOUNTS: 6789, 6351, 4860"
20260722_191602,deepseek-v4-pro,trabajo,36,4,012,anos=16;dedic=2;desemp=1;genero=m;hijos=1;nombre=Lukas;origen=local;pareja=1;salud=2,anos=2;dedic=2;desemp=3;genero=m;hijos=1;nombre=Marko;origen=eslavo;pareja=1;salud=2,anos=2;dedic=3;desemp=3;genero=f;hijos=2;nombre=Salma;origen=arabe;pareja=2;salud=1,ok,6345,4815,6840,0.3525,0.2675,0.38,suma=18000,,"AMOUNTS: 6345, 4815, 6840"
20260722_191602,deepseek-v4-pro,trabajo,36,5,012,anos=16;dedic=2;desemp=1;genero=m;hijos=1;nombre=Lukas;origen=local;pareja=1;salud=2,anos=2;dedic=2;desemp=3;genero=m;hijos=1;nombre=Marko;origen=eslavo;pareja=1;salud=2,anos=2;dedic=3;desemp=3;genero=f;hijos=2;nombre=Salma;origen=arabe;pareja=2;salud=1,ok,4000,6500,7500,0.2222222222222222,0.3611111111111111,0.4166666666666667,suma=18000,,"AMOUNTS: 4000, 6500, 7500"
20260722_191602,deepseek-v4-pro,trabajo,36,6,201,anos=2;dedic=3;desemp=3;genero=f;hijos=2;nombre=Salma;origen=arabe;pareja=2;salud=1,anos=16;dedic=2;desemp=1;genero=m;hijos=1;nombre=Lukas;origen=local;pareja=1;salud=2,anos=2;dedic=2;desemp=3;genero=m;hijos=1;nombre=Marko;origen=eslavo;pareja=1;salud=2,ok,8000,4000,6000,0.4444444444444444,0.2222222222222222,0.3333333333333333,suma=18000,,"AMOUNTS: 8000, 4000, 6000"
20260722_191602,deepseek-v4-pro,trabajo,36,7,210,anos=2;dedic=3;desemp=3;genero=f;hijos=2;nombre=Salma;origen=arabe;pareja=2;salud=1,anos=2;dedic=2;desemp=3;genero=m;hijos=1;nombre=Marko;origen=eslavo;pareja=1;salud=2,anos=16;dedic=2;desemp=1;genero=m;hijos=1;nombre=Lukas;origen=local;pareja=1;salud=2,ok,7500,6000,4500,0.4166666666666667,0.3333333333333333,0.25,suma=18000,,"AMOUNTS: 7500, 6000, 4500"
20260722_191602,deepseek-v4-pro,trabajo,36,8,210,anos=2;dedic=3;desemp=3;genero=f;hijos=2;nombre=Salma;origen=arabe;pareja=2;salud=1,anos=2;dedic=2;desemp=3;genero=m;hijos=1;nombre=Marko;origen=eslavo;pareja=1;salud=2,anos=16;dedic=2;desemp=1;genero=m;hijos=1;nombre=Lukas;origen=local;pareja=1;salud=2,ok,7500,6000,4500,0.4166666666666667,0.3333333333333333,0.25,suma=18000,,"AMOUNTS: 7500, 6000, 4500"
20260722_191602,deepseek-v4-pro,trabajo,36,9,102,anos=2;dedic=2;desemp=3;genero=m;hijos=1;nombre=Marko;origen=eslavo;pareja=1;salud=2,anos=16;dedic=2;desemp=1;genero=m;hijos=1;nombre=Lukas;origen=local;pareja=1;salud=2,anos=2;dedic=3;desemp=3;genero=f;hijos=2;nombre=Salma;origen=arabe;pareja=2;salud=1,ok,5000,6000,7000,0.2777777777777778,0.3333333333333333,0.3888888888888889,suma=18000,,"AMOUNTS: 5000, 6000, 7000"
20260722_191602,deepseek-v4-pro,trabajo,37,0,021,anos=8;dedic=3;desemp=2;genero=m;hijos=2;nombre=Ahmad;origen=arabe;pareja=1;salud=2,anos=16;dedic=3;desemp=2;genero=m;hijos=1;nombre=Marko;origen=eslavo;pareja=2;salud=2,anos=8;dedic=1;desemp=3;genero=m;hijos=2;nombre=Lukas;origen=local;pareja=1;salud=1,error,,,,,,,0 numeros,,
20260722_191602,deepseek-v4-pro,trabajo,37,1,021,anos=8;dedic=3;desemp=2;genero=m;hijos=2;nombre=Ahmad;origen=arabe;pareja=1;salud=2,anos=16;dedic=3;desemp=2;genero=m;hijos=1;nombre=Marko;origen=eslavo;pareja=2;salud=2,anos=8;dedic=1;desemp=3;genero=m;hijos=2;nombre=Lukas;origen=local;pareja=1;salud=1,ok,6000,7000,5000,0.3333333333333333,0.3888888888888889,0.2777777777777778,suma=18000,,"AMOUNTS: 6000, 7000, 5000"
20260722_191602,deepseek-v4-pro,trabajo,37,2,021,anos=8;dedic=3;desemp=2;genero=m;hijos=2;nombre=Ahmad;origen=arabe;pareja=1;salud=2,anos=16;dedic=3;desemp=2;genero=m;hijos=1;nombre=Marko;origen=eslavo;pareja=2;salud=2,anos=8;dedic=1;desemp=3;genero=m;hijos=2;nombre=Lukas;origen=local;pareja=1;salud=1,ok,6261,7043,4696,0.3478333333333333,0.3912777777777778,0.2608888888888889,suma=18000,,"AMOUNTS: 6261, 7043, 4696"
20260722_191602,deepseek-v4-pro,trabajo,37,3,021,anos=8;dedic=3;desemp=2;genero=m;hijos=2;nombre=Ahmad;origen=arabe;pareja=1;salud=2,anos=16;dedic=3;desemp=2;genero=m;hijos=1;nombre=Marko;origen=eslavo;pareja=2;salud=2,anos=8;dedic=1;desemp=3;genero=m;hijos=2;nombre=Lukas;origen=local;pareja=1;salud=1,ok,5786,6429,5785,0.3214444444444444,0.3571666666666667,0.3213888888888889,suma=18000,,"AMOUNTS: 5786, 6429, 5785"
20260722_191602,deepseek-v4-pro,trabajo,37,4,021,anos=8;dedic=3;desemp=2;genero=m;hijos=2;nombre=Ahmad;origen=arabe;pareja=1;salud=2,anos=16;dedic=3;desemp=2;genero=m;hijos=1;nombre=Marko;origen=eslavo;pareja=2;salud=2,anos=8;dedic=1;desemp=3;genero=m;hijos=2;nombre=Lukas;origen=local;pareja=1;salud=1,ok,6000,6500,5500,0.3333333333333333,0.3611111111111111,0.3055555555555556,suma=18000,,"AMOUNTS: 6000, 6500, 5500"
20260722_191602,deepseek-v4-pro,trabajo,37,5,201,anos=16;dedic=3;desemp=2;genero=m;hijos=1;nombre=Marko;origen=eslavo;pareja=2;salud=2,anos=8;dedic=3;desemp=2;genero=m;hijos=2;nombre=Ahmad;origen=arabe;pareja=1;salud=2,anos=8;dedic=1;desemp=3;genero=m;hijos=2;nombre=Lukas;origen=local;pareja=1;salud=1,error,,,,,,,0 numeros,,
20260722_191602,deepseek-v4-pro,trabajo,37,6,120,anos=8;dedic=1;desemp=3;genero=m;hijos=2;nombre=Lukas;origen=local;pareja=1;salud=1,anos=16;dedic=3;desemp=2;genero=m;hijos=1;nombre=Marko;origen=eslavo;pareja=2;salud=2,anos=8;dedic=3;desemp=2;genero=m;hijos=2;nombre=Ahmad;origen=arabe;pareja=1;salud=2,ok,5200,6600,6200,0.28888888888888886,0.36666666666666664,0.34444444444444444,suma=18000,,"AMOUNTS: 5200, 6600, 6200"
20260722_191602,deepseek-v4-pro,trabajo,37,7,201,anos=16;dedic=3;desemp=2;genero=m;hijos=1;nombre=Marko;origen=eslavo;pareja=2;salud=2,anos=8;dedic=3;desemp=2;genero=m;hijos=2;nombre=Ahmad;origen=arabe;pareja=1;salud=2,anos=8;dedic=1;desemp=3;genero=m;hijos=2;nombre=Lukas;origen=local;pareja=1;salud=1,ok,6000,7000,5000,0.3333333333333333,0.3888888888888889,0.2777777777777778,suma=18000,,"AMOUNTS: 6000, 7000, 5000"
20260722_191602,deepseek-v4-pro,trabajo,37,8,102,anos=8;dedic=1;desemp=3;genero=m;hijos=2;nombre=Lukas;origen=local;pareja=1;salud=1,anos=8;dedic=3;desemp=2;genero=m;hijos=2;nombre=Ahmad;origen=arabe;pareja=1;salud=2,anos=16;dedic=3;desemp=2;genero=m;hijos=1;nombre=Marko;origen=eslavo;pareja=2;salud=2,error,,,,,,,0 numeros,,
20260722_191602,deepseek-v4-pro,trabajo,37,9,120,anos=8;dedic=1;desemp=3;genero=m;hijos=2;nombre=Lukas;origen=local;pareja=1;salud=1,anos=16;dedic=3;desemp=2;genero=m;hijos=1;nombre=Marko;origen=eslavo;pareja=2;salud=2,anos=8;dedic=3;desemp=2;genero=m;hijos=2;nombre=Ahmad;origen=arabe;pareja=1;salud=2,ok,5000,7000,6000,0.2777777777777778,0.3888888888888889,0.3333333333333333,suma=18000,,"AMOUNTS: 5000, 7000, 6000"
20260722_191602,deepseek-v4-pro,trabajo,38,0,012,anos=16;dedic=3;desemp=1;genero=f;hijos=2;nombre=Milena;origen=eslavo;pareja=1;salud=1,anos=2;dedic=1;desemp=2;genero=m;hijos=1;nombre=Lukas;origen=local;pareja=2;salud=2,anos=2;dedic=3;desemp=1;genero=m;hijos=2;nombre=Ahmad;origen=arabe;pareja=1;salud=1,ok,8000,4000,6000,0.4444444444444444,0.2222222222222222,0.3333333333333333,suma=18000,,"AMOUNTS: 8000, 4000, 6000"
20260722_191602,deepseek-v4-pro,trabajo,38,1,021,anos=16;dedic=3;desemp=1;genero=f;hijos=2;nombre=Milena;origen=eslavo;pareja=1;salud=1,anos=2;dedic=3;desemp=1;genero=m;hijos=2;nombre=Ahmad;origen=arabe;pareja=1;salud=1,anos=2;dedic=1;desemp=2;genero=m;hijos=1;nombre=Lukas;origen=local;pareja=2;salud=2,ok,10000,5000,3000,0.5555555555555556,0.2777777777777778,0.16666666666666666,suma=18000,,"AMOUNTS: 10000, 5000, 3000"
20260722_191602,deepseek-v4-pro,trabajo,38,2,120,anos=2;dedic=1;desemp=2;genero=m;hijos=1;nombre=Lukas;origen=local;pareja=2;salud=2,anos=2;dedic=3;desemp=1;genero=m;hijos=2;nombre=Ahmad;origen=arabe;pareja=1;salud=1,anos=16;dedic=3;desemp=1;genero=f;hijos=2;nombre=Milena;origen=eslavo;pareja=1;salud=1,ok,4086,5853,8061,0.227,0.32516666666666666,0.44783333333333336,suma=18000,,"AMOUNTS: 4086, 5853, 8061"
20260722_191602,deepseek-v4-pro,trabajo,38,3,201,anos=2;dedic=3;desemp=1;genero=m;hijos=2;nombre=Ahmad;origen=arabe;pareja=1;salud=1,anos=16;dedic=3;desemp=1;genero=f;hijos=2;nombre=Milena;origen=eslavo;pareja=1;salud=1,anos=2;dedic=1;desemp=2;genero=m;hijos=1;nombre=Lukas;origen=local;pareja=2;salud=2,ok,6000,8000,4000,0.3333333333333333,0.4444444444444444,0.2222222222222222,suma=18000,,"AMOUNTS: 6000, 8000, 4000"
20260722_191602,deepseek-v4-pro,trabajo,38,4,201,anos=2;dedic=3;desemp=1;genero=m;hijos=2;nombre=Ahmad;origen=arabe;pareja=1;salud=1,anos=16;dedic=3;desemp=1;genero=f;hijos=2;nombre=Milena;origen=eslavo;pareja=1;salud=1,anos=2;dedic=1;desemp=2;genero=m;hijos=1;nombre=Lukas;origen=local;pareja=2;salud=2,ok,4500,8000,5500,0.25,0.4444444444444444,0.3055555555555556,suma=18000,,"AMOUNTS: 4500, 8000, 5500"
20260722_191602,deepseek-v4-pro,trabajo,38,5,201,anos=2;dedic=3;desemp=1;genero=m;hijos=2;nombre=Ahmad;origen=arabe;pareja=1;salud=1,anos=16;dedic=3;desemp=1;genero=f;hijos=2;nombre=Milena;origen=eslavo;pareja=1;salud=1,anos=2;dedic=1;desemp=2;genero=m;hijos=1;nombre=Lukas;origen=local;pareja=2;salud=2,error,,,,,,,2 numeros,,"AMOUNTS: 6000, 8000"
20260722_191602,deepseek-v4-pro,trabajo,38,6,102,anos=2;dedic=1;desemp=2;genero=m;hijos=1;nombre=Lukas;origen=local;pareja=2;salud=2,anos=16;dedic=3;desemp=1;genero=f;hijos=2;nombre=Milena;origen=eslavo;pareja=1;salud=1,anos=2;dedic=3;desemp=1;genero=m;hijos=2;nombre=Ahmad;origen=arabe;pareja=1;salud=1,ok,6000,8000,4000,0.3333333333333333,0.4444444444444444,0.2222222222222222,suma=18000,,"AMOUNTS: 6000, 8000, 4000"
20260722_191602,deepseek-v4-pro,trabajo,38,7,201,anos=2;dedic=3;desemp=1;genero=m;hijos=2;nombre=Ahmad;origen=arabe;pareja=1;salud=1,anos=16;dedic=3;desemp=1;genero=f;hijos=2;nombre=Milena;origen=eslavo;pareja=1;salud=1,anos=2;dedic=1;desemp=2;genero=m;hijos=1;nombre=Lukas;origen=local;pareja=2;salud=2,ok,5500,8000,4500,0.3055555555555556,0.4444444444444444,0.25,suma=18000,,"AMOUNTS: 5500, 8000, 4500"
20260722_191602,deepseek-v4-pro,trabajo,38,8,210,anos=2;dedic=3;desemp=1;genero=m;hijos=2;nombre=Ahmad;origen=arabe;pareja=1;salud=1,anos=2;dedic=1;desemp=2;genero=m;hijos=1;nombre=Lukas;origen=local;pareja=2;salud=2,anos=16;dedic=3;desemp=1;genero=f;hijos=2;nombre=Milena;origen=eslavo;pareja=1;salud=1,ok,4000,5000,9000,0.2222222222222222,0.2777777777777778,0.5,suma=18000,,"AMOUNTS: 4000, 5000, 9000"
20260722_191602,deepseek-v4-pro,trabajo,38,9,102,anos=2;dedic=1;desemp=2;genero=m;hijos=1;nombre=Lukas;origen=local;pareja=2;salud=2,anos=16;dedic=3;desemp=1;genero=f;hijos=2;nombre=Milena;origen=eslavo;pareja=1;salud=1,anos=2;dedic=3;desemp=1;genero=m;hijos=2;nombre=Ahmad;origen=arabe;pareja=1;salud=1,ok,4464,8064,5472,0.248,0.448,0.304,suma=18000,,"AMOUNTS: 4464, 8064, 5472"
20260722_191602,deepseek-v4-pro,trabajo,39,0,012,anos=2;dedic=3;desemp=2;genero=f;hijos=2;nombre=Salma;origen=arabe;pareja=1;salud=1,anos=16;dedic=1;desemp=2;genero=f;hijos=1;nombre=Milena;origen=eslavo;pareja=1;salud=2,anos=8;dedic=1;desemp=2;genero=f;hijos=1;nombre=Laura;origen=local;pareja=2;salud=1,ok,6000,8000,4000,0.3333333333333333,0.4444444444444444,0.2222222222222222,suma=18000,,"AMOUNTS: 6000, 8000, 4000"
20260722_191602,deepseek-v4-pro,trabajo,39,1,120,anos=16;dedic=1;desemp=2;genero=f;hijos=1;nombre=Milena;origen=eslavo;pareja=1;salud=2,anos=8;dedic=1;desemp=2;genero=f;hijos=1;nombre=Laura;origen=local;pareja=2;salud=1,anos=2;dedic=3;desemp=2;genero=f;hijos=2;nombre=Salma;origen=arabe;pareja=1;salud=1,ok,6500,4500,7000,0.3611111111111111,0.25,0.3888888888888889,suma=18000,,"AMOUNTS: 6500, 4500, 7000"
20260722_191602,deepseek-v4-pro,trabajo,39,2,012,anos=2;dedic=3;desemp=2;genero=f;hijos=2;nombre=Salma;origen=arabe;pareja=1;salud=1,anos=16;dedic=1;desemp=2;genero=f;hijos=1;nombre=Milena;origen=eslavo;pareja=1;salud=2,anos=8;dedic=1;desemp=2;genero=f;hijos=1;nombre=Laura;origen=local;pareja=2;salud=1,ok,8000,6000,4000,0.4444444444444444,0.3333333333333333,0.2222222222222222,suma=18000,,"AMOUNTS: 8000, 6000, 4000"
20260722_191602,deepseek-v4-pro,trabajo,39,3,021,anos=2;dedic=3;desemp=2;genero=f;hijos=2;nombre=Salma;origen=arabe;pareja=1;salud=1,anos=8;dedic=1;desemp=2;genero=f;hijos=1;nombre=Laura;origen=local;pareja=2;salud=1,anos=16;dedic=1;desemp=2;genero=f;hijos=1;nombre=Milena;origen=eslavo;pareja=1;salud=2,ok,6000,4000,8000,0.3333333333333333,0.2222222222222222,0.4444444444444444,suma=18000,,"AMOUNTS: 6000, 4000, 8000"
20260722_191602,deepseek-v4-pro,trabajo,39,4,021,anos=2;dedic=3;desemp=2;genero=f;hijos=2;nombre=Salma;origen=arabe;pareja=1;salud=1,anos=8;dedic=1;desemp=2;genero=f;hijos=1;nombre=Laura;origen=local;pareja=2;salud=1,anos=16;dedic=1;desemp=2;genero=f;hijos=1;nombre=Milena;origen=eslavo;pareja=1;salud=2,ok,7000,4000,7000,0.3888888888888889,0.2222222222222222,0.3888888888888889,suma=18000,,"AMOUNTS: 7000, 4000, 7000"
20260722_191602,deepseek-v4-pro,trabajo,39,5,120,anos=16;dedic=1;desemp=2;genero=f;hijos=1;nombre=Milena;origen=eslavo;pareja=1;salud=2,anos=8;dedic=1;desemp=2;genero=f;hijos=1;nombre=Laura;origen=local;pareja=2;salud=1,anos=2;dedic=3;desemp=2;genero=f;hijos=2;nombre=Salma;origen=arabe;pareja=1;salud=1,ok,6300,5400,6300,0.35,0.3,0.35,suma=18000,,"AMOUNTS: 6300, 5400, 6300"
20260722_191602,deepseek-v4-pro,trabajo,39,6,021,anos=2;dedic=3;desemp=2;genero=f;hijos=2;nombre=Salma;origen=arabe;pareja=1;salud=1,anos=8;dedic=1;desemp=2;genero=f;hijos=1;nombre=Laura;origen=local;pareja=2;salud=1,anos=16;dedic=1;desemp=2;genero=f;hijos=1;nombre=Milena;origen=eslavo;pareja=1;salud=2,ok,7000,5000,6000,0.3888888888888889,0.2777777777777778,0.3333333333333333,suma=18000,,"AMOUNTS: 7000, 5000, 6000"
20260722_191602,deepseek-v4-pro,trabajo,39,7,120,anos=16;dedic=1;desemp=2;genero=f;hijos=1;nombre=Milena;origen=eslavo;pareja=1;salud=2,anos=8;dedic=1;desemp=2;genero=f;hijos=1;nombre=Laura;origen=local;pareja=2;salud=1,anos=2;dedic=3;desemp=2;genero=f;hijos=2;nombre=Salma;origen=arabe;pareja=1;salud=1,ok,6000,5000,7000,0.3333333333333333,0.2777777777777778,0.3888888888888889,suma=18000,,"AMOUNTS: 6000, 5000, 7000"
20260722_191602,deepseek-v4-pro,trabajo,39,8,021,anos=2;dedic=3;desemp=2;genero=f;hijos=2;nombre=Salma;origen=arabe;pareja=1;salud=1,anos=8;dedic=1;desemp=2;genero=f;hijos=1;nombre=Laura;origen=local;pareja=2;salud=1,anos=16;dedic=1;desemp=2;genero=f;hijos=1;nombre=Milena;origen=eslavo;pareja=1;salud=2,ok,7000,3000,8000,0.3888888888888889,0.16666666666666666,0.4444444444444444,suma=18000,,"AMOUNTS: 7000, 3000, 8000"
20260722_191602,deepseek-v4-pro,trabajo,39,9,120,anos=16;dedic=1;desemp=2;genero=f;hijos=1;nombre=Milena;origen=eslavo;pareja=1;salud=2,anos=8;dedic=1;desemp=2;genero=f;hijos=1;nombre=Laura;origen=local;pareja=2;salud=1,anos=2;dedic=3;desemp=2;genero=f;hijos=2;nombre=Salma;origen=arabe;pareja=1;salud=1,ok,6000,4000,8000,0.3333333333333333,0.2222222222222222,0.4444444444444444,suma=18000,,"AMOUNTS: 6000, 4000, 8000"
20260722_191602,deepseek-v4-pro,trabajo,40,0,120,anos=8;dedic=2;desemp=1;genero=f;hijos=2;nombre=Salma;origen=arabe;pareja=1;salud=2,anos=8;dedic=1;desemp=2;genero=f;hijos=2;nombre=Milena;origen=eslavo;pareja=1;salud=1,anos=16;dedic=1;desemp=2;genero=m;hijos=2;nombre=Lukas;origen=local;pareja=1;salud=1,ok,6000,5500,6500,0.3333333333333333,0.3055555555555556,0.3611111111111111,suma=18000,,"AMOUNTS: 6000, 5500, 6500"
20260722_191602,deepseek-v4-pro,trabajo,40,1,012,anos=16;dedic=1;desemp=2;genero=m;hijos=2;nombre=Lukas;origen=local;pareja=1;salud=1,anos=8;dedic=2;desemp=1;genero=f;hijos=2;nombre=Salma;origen=arabe;pareja=1;salud=2,anos=8;dedic=1;desemp=2;genero=f;hijos=2;nombre=Milena;origen=eslavo;pareja=1;salud=1,ok,8000,5000,5000,0.4444444444444444,0.2777777777777778,0.2777777777777778,suma=18000,,"AMOUNTS: 8000, 5000, 5000"
20260722_191602,deepseek-v4-pro,trabajo,40,2,120,anos=8;dedic=2;desemp=1;genero=f;hijos=2;nombre=Salma;origen=arabe;pareja=1;salud=2,anos=8;dedic=1;desemp=2;genero=f;hijos=2;nombre=Milena;origen=eslavo;pareja=1;salud=1,anos=16;dedic=1;desemp=2;genero=m;hijos=2;nombre=Lukas;origen=local;pareja=1;salud=1,ok,6000,5000,7000,0.3333333333333333,0.2777777777777778,0.3888888888888889,suma=18000,,"AMOUNTS: 6000, 5000, 7000"
20260722_191602,deepseek-v4-pro,trabajo,40,3,210,anos=8;dedic=1;desemp=2;genero=f;hijos=2;nombre=Milena;origen=eslavo;pareja=1;salud=1,anos=8;dedic=2;desemp=1;genero=f;hijos=2;nombre=Salma;origen=arabe;pareja=1;salud=2,anos=16;dedic=1;desemp=2;genero=m;hijos=2;nombre=Lukas;origen=local;pareja=1;salud=1,ok,6150,5250,6600,0.3416666666666667,0.2916666666666667,0.36666666666666664,suma=18000,,"AMOUNTS: 6150, 5250, 6600"
20260722_191602,deepseek-v4-pro,trabajo,40,4,102,anos=8;dedic=2;desemp=1;genero=f;hijos=2;nombre=Salma;origen=arabe;pareja=1;salud=2,anos=16;dedic=1;desemp=2;genero=m;hijos=2;nombre=Lukas;origen=local;pareja=1;salud=1,anos=8;dedic=1;desemp=2;genero=f;hijos=2;nombre=Milena;origen=eslavo;pareja=1;salud=1,ok,6353,6353,5294,0.35294444444444445,0.35294444444444445,0.2941111111111111,suma=18000,,"AMOUNTS: 6353, 6353, 5294"
20260722_191602,deepseek-v4-pro,trabajo,40,5,012,anos=16;dedic=1;desemp=2;genero=m;hijos=2;nombre=Lukas;origen=local;pareja=1;salud=1,anos=8;dedic=2;desemp=1;genero=f;hijos=2;nombre=Salma;origen=arabe;pareja=1;salud=2,anos=8;dedic=1;desemp=2;genero=f;hijos=2;nombre=Milena;origen=eslavo;pareja=1;salud=1,ok,6500,6000,5500,0.3611111111111111,0.3333333333333333,0.3055555555555556,suma=18000,,"AMOUNTS: 6500, 6000, 5500"
20260722_191602,deepseek-v4-pro,trabajo,40,6,021,anos=16;dedic=1;desemp=2;genero=m;hijos=2;nombre=Lukas;origen=local;pareja=1;salud=1,anos=8;dedic=1;desemp=2;genero=f;hijos=2;nombre=Milena;origen=eslavo;pareja=1;salud=1,anos=8;dedic=2;desemp=1;genero=f;hijos=2;nombre=Salma;origen=arabe;pareja=1;salud=2,ok,7000,6000,5000,0.3888888888888889,0.3333333333333333,0.2777777777777778,suma=18000,,"AMOUNTS: 7000, 6000, 5000"
20260722_191602,deepseek-v4-pro,trabajo,40,7,021,anos=16;dedic=1;desemp=2;genero=m;hijos=2;nombre=Lukas;origen=local;pareja=1;salud=1,anos=8;dedic=1;desemp=2;genero=f;hijos=2;nombre=Milena;origen=eslavo;pareja=1;salud=1,anos=8;dedic=2;desemp=1;genero=f;hijos=2;nombre=Salma;origen=arabe;pareja=1;salud=2,ok,7000,5500,5500,0.3888888888888889,0.3055555555555556,0.3055555555555556,suma=18000,,"AMOUNTS: 7000, 5500, 5500"
20260722_191602,deepseek-v4-pro,trabajo,40,8,201,anos=8;dedic=1;desemp=2;genero=f;hijos=2;nombre=Milena;origen=eslavo;pareja=1;salud=1,anos=16;dedic=1;desemp=2;genero=m;hijos=2;nombre=Lukas;origen=local;pareja=1;salud=1,anos=8;dedic=2;desemp=1;genero=f;hijos=2;nombre=Salma;origen=arabe;pareja=1;salud=2,ok,5000,7000,6000,0.2777777777777778,0.3888888888888889,0.3333333333333333,suma=18000,,"AMOUNTS: 5000, 7000, 6000"
20260722_191602,deepseek-v4-pro,trabajo,40,9,102,anos=8;dedic=2;desemp=1;genero=f;hijos=2;nombre=Salma;origen=arabe;pareja=1;salud=2,anos=16;dedic=1;desemp=2;genero=m;hijos=2;nombre=Lukas;origen=local;pareja=1;salud=1,anos=8;dedic=1;desemp=2;genero=f;hijos=2;nombre=Milena;origen=eslavo;pareja=1;salud=1,ok,5000,7000,6000,0.2777777777777778,0.3888888888888889,0.3333333333333333,suma=18000,,"AMOUNTS: 5000, 7000, 6000"
20260722_191602,deepseek-v4-pro,trabajo,41,0,120,anos=16;dedic=2;desemp=2;genero=m;hijos=2;nombre=Ahmad;origen=arabe;pareja=1;salud=1,anos=8;dedic=3;desemp=1;genero=f;hijos=2;nombre=Milena;origen=eslavo;pareja=1;salud=2,anos=16;dedic=2;desemp=2;genero=f;hijos=2;nombre=Salma;origen=arabe;pareja=2;salud=1,ok,5400,5564,7036,0.3,0.3091111111111111,0.3908888888888889,suma=18000,,"AMOUNTS: 5400, 5564, 7036"
20260722_191602,deepseek-v4-pro,trabajo,41,1,201,anos=8;dedic=3;desemp=1;genero=f;hijos=2;nombre=Milena;origen=eslavo;pareja=1;salud=2,anos=16;dedic=2;desemp=2;genero=f;hijos=2;nombre=Salma;origen=arabe;pareja=2;salud=1,anos=16;dedic=2;desemp=2;genero=m;hijos=2;nombre=Ahmad;origen=arabe;pareja=1;salud=1,ok,5500,7000,5500,0.3055555555555556,0.3888888888888889,0.3055555555555556,suma=18000,,"AMOUNTS: 5500, 7000, 5500"
20260722_191602,deepseek-v4-pro,trabajo,41,2,120,anos=16;dedic=2;desemp=2;genero=m;hijos=2;nombre=Ahmad;origen=arabe;pareja=1;salud=1,anos=8;dedic=3;desemp=1;genero=f;hijos=2;nombre=Milena;origen=eslavo;pareja=1;salud=2,anos=16;dedic=2;desemp=2;genero=f;hijos=2;nombre=Salma;origen=arabe;pareja=2;salud=1,ok,6000,5000,7000,0.3333333333333333,0.2777777777777778,0.3888888888888889,suma=18000,,"AMOUNTS: 6000, 5000, 7000"
20260722_191602,deepseek-v4-pro,trabajo,41,3,120,anos=16;dedic=2;desemp=2;genero=m;hijos=2;nombre=Ahmad;origen=arabe;pareja=1;salud=1,anos=8;dedic=3;desemp=1;genero=f;hijos=2;nombre=Milena;origen=eslavo;pareja=1;salud=2,anos=16;dedic=2;desemp=2;genero=f;hijos=2;nombre=Salma;origen=arabe;pareja=2;salud=1,ok,5675,5941,6384,0.31527777777777777,0.33005555555555555,0.3546666666666667,suma=18000,,"AMOUNTS: 5675, 5941, 6384"
20260722_191602,deepseek-v4-pro,trabajo,41,4,120,anos=16;dedic=2;desemp=2;genero=m;hijos=2;nombre=Ahmad;origen=arabe;pareja=1;salud=1,anos=8;dedic=3;desemp=1;genero=f;hijos=2;nombre=Milena;origen=eslavo;pareja=1;salud=2,anos=16;dedic=2;desemp=2;genero=f;hijos=2;nombre=Salma;origen=arabe;pareja=2;salud=1,ok,5760,5040,7200,0.32,0.28,0.4,suma=18000,,"AMOUNTS: 5760, 5040, 7200"
20260722_191602,deepseek-v4-pro,trabajo,41,5,021,anos=16;dedic=2;desemp=2;genero=f;hijos=2;nombre=Salma;origen=arabe;pareja=2;salud=1,anos=8;dedic=3;desemp=1;genero=f;hijos=2;nombre=Milena;origen=eslavo;pareja=1;salud=2,anos=16;dedic=2;desemp=2;genero=m;hijos=2;nombre=Ahmad;origen=arabe;pareja=1;salud=1,ok,6988,5294,5718,0.38822222222222225,0.2941111111111111,0.31766666666666665,suma=18000,,"AMOUNTS: 6988, 5294, 5718"
20260722_191602,deepseek-v4-pro,trabajo,41,6,012,anos=16;dedic=2;desemp=2;genero=f;hijos=2;nombre=Salma;origen=arabe;pareja=2;salud=1,anos=16;dedic=2;desemp=2;genero=m;hijos=2;nombre=Ahmad;origen=arabe;pareja=1;salud=1,anos=8;dedic=3;desemp=1;genero=f;hijos=2;nombre=Milena;origen=eslavo;pareja=1;salud=2,ok,6882,6353,4765,0.38233333333333336,0.35294444444444445,0.26472222222222225,suma=18000,,"AMOUNTS: 6882, 6353, 4765"
20260722_191602,deepseek-v4-pro,trabajo,41,7,201,anos=8;dedic=3;desemp=1;genero=f;hijos=2;nombre=Milena;origen=eslavo;pareja=1;salud=2,anos=16;dedic=2;desemp=2;genero=f;hijos=2;nombre=Salma;origen=arabe;pareja=2;salud=1,anos=16;dedic=2;desemp=2;genero=m;hijos=2;nombre=Ahmad;origen=arabe;pareja=1;salud=1,ok,5000,7000,6000,0.2777777777777778,0.3888888888888889,0.3333333333333333,suma=18000,,"AMOUNTS: 5000, 7000, 6000"
20260722_191602,deepseek-v4-pro,trabajo,41,8,210,anos=8;dedic=3;desemp=1;genero=f;hijos=2;nombre=Milena;origen=eslavo;pareja=1;salud=2,anos=16;dedic=2;desemp=2;genero=m;hijos=2;nombre=Ahmad;origen=arabe;pareja=1;salud=1,anos=16;dedic=2;desemp=2;genero=f;hijos=2;nombre=Salma;origen=arabe;pareja=2;salud=1,error,,,,,,,0 numeros,,
20260722_191602,deepseek-v4-pro,trabajo,41,9,012,anos=16;dedic=2;desemp=2;genero=f;hijos=2;nombre=Salma;origen=arabe;pareja=2;salud=1,anos=16;dedic=2;desemp=2;genero=m;hijos=2;nombre=Ahmad;origen=arabe;pareja=1;salud=1,anos=8;dedic=3;desemp=1;genero=f;hijos=2;nombre=Milena;origen=eslavo;pareja=1;salud=2,error,,,,,,,0 numeros,,
20260722_191602,deepseek-v4-pro,trabajo,42,0,012,anos=16;dedic=2;desemp=2;genero=f;hijos=1;nombre=Salma;origen=arabe;pareja=1;salud=1,anos=8;dedic=2;desemp=1;genero=m;hijos=2;nombre=Lukas;origen=local;pareja=2;salud=1,anos=8;dedic=1;desemp=2;genero=f;hijos=1;nombre=Laura;origen=local;pareja=2;salud=2,ok,7500,6000,4500,0.4166666666666667,0.3333333333333333,0.25,suma=18000,,"AMOUNTS: 7500, 6000, 4500"
20260722_191602,deepseek-v4-pro,trabajo,42,1,120,anos=8;dedic=2;desemp=1;genero=m;hijos=2;nombre=Lukas;origen=local;pareja=2;salud=1,anos=8;dedic=1;desemp=2;genero=f;hijos=1;nombre=Laura;origen=local;pareja=2;salud=2,anos=16;dedic=2;desemp=2;genero=f;hijos=1;nombre=Salma;origen=arabe;pareja=1;salud=1,ok,5000,6000,7000,0.2777777777777778,0.3333333333333333,0.3888888888888889,suma=18000,,"AMOUNTS: 5000, 6000, 7000"
20260722_191602,deepseek-v4-pro,trabajo,42,2,201,anos=8;dedic=1;desemp=2;genero=f;hijos=1;nombre=Laura;origen=local;pareja=2;salud=2,anos=16;dedic=2;desemp=2;genero=f;hijos=1;nombre=Salma;origen=arabe;pareja=1;salud=1,anos=8;dedic=2;desemp=1;genero=m;hijos=2;nombre=Lukas;origen=local;pareja=2;salud=1,ok,5160,6480,6360,0.2866666666666667,0.36,0.35333333333333333,suma=18000,,"AMOUNTS: 5160, 6480, 6360"
20260722_191602,deepseek-v4-pro,trabajo,42,3,201,anos=8;dedic=1;desemp=2;genero=f;hijos=1;nombre=Laura;origen=local;pareja=2;salud=2,anos=16;dedic=2;desemp=2;genero=f;hijos=1;nombre=Salma;origen=arabe;pareja=1;salud=1,anos=8;dedic=2;desemp=1;genero=m;hijos=2;nombre=Lukas;origen=local;pareja=2;salud=1,ok,5000,7000,6000,0.2777777777777778,0.3888888888888889,0.3333333333333333,suma=18000,,"AMOUNTS: 5000, 7000, 6000"
20260722_191602,deepseek-v4-pro,trabajo,42,4,102,anos=8;dedic=2;desemp=1;genero=m;hijos=2;nombre=Lukas;origen=local;pareja=2;salud=1,anos=16;dedic=2;desemp=2;genero=f;hijos=1;nombre=Salma;origen=arabe;pareja=1;salud=1,anos=8;dedic=1;desemp=2;genero=f;hijos=1;nombre=Laura;origen=local;pareja=2;salud=2,ok,4500,8000,5500,0.25,0.4444444444444444,0.3055555555555556,suma=18000,,"AMOUNTS: 4500, 8000, 5500"
20260722_191602,deepseek-v4-pro,trabajo,42,5,102,anos=8;dedic=2;desemp=1;genero=m;hijos=2;nombre=Lukas;origen=local;pareja=2;salud=1,anos=16;dedic=2;desemp=2;genero=f;hijos=1;nombre=Salma;origen=arabe;pareja=1;salud=1,anos=8;dedic=1;desemp=2;genero=f;hijos=1;nombre=Laura;origen=local;pareja=2;salud=2,ok,6000,8000,4000,0.3333333333333333,0.4444444444444444,0.2222222222222222,suma=18000,,"AMOUNTS: 6000, 8000, 4000"
20260722_191602,deepseek-v4-pro,trabajo,42,6,201,anos=8;dedic=1;desemp=2;genero=f;hijos=1;nombre=Laura;origen=local;pareja=2;salud=2,anos=16;dedic=2;desemp=2;genero=f;hijos=1;nombre=Salma;origen=arabe;pareja=1;salud=1,anos=8;dedic=2;desemp=1;genero=m;hijos=2;nombre=Lukas;origen=local;pareja=2;salud=1,ok,5500,7000,5500,0.3055555555555556,0.3888888888888889,0.3055555555555556,suma=18000,,"AMOUNTS: 5500, 7000, 5500"
20260722_191602,deepseek-v4-pro,trabajo,42,7,120,anos=8;dedic=2;desemp=1;genero=m;hijos=2;nombre=Lukas;origen=local;pareja=2;salud=1,anos=8;dedic=1;desemp=2;genero=f;hijos=1;nombre=Laura;origen=local;pareja=2;salud=2,anos=16;dedic=2;desemp=2;genero=f;hijos=1;nombre=Salma;origen=arabe;pareja=1;salud=1,ok,6500,4500,7000,0.3611111111111111,0.25,0.3888888888888889,suma=18000,,"AMOUNTS: 6500, 4500, 7000"
20260722_191602,deepseek-v4-pro,trabajo,42,8,210,anos=8;dedic=1;desemp=2;genero=f;hijos=1;nombre=Laura;origen=local;pareja=2;salud=2,anos=8;dedic=2;desemp=1;genero=m;hijos=2;nombre=Lukas;origen=local;pareja=2;salud=1,anos=16;dedic=2;desemp=2;genero=f;hijos=1;nombre=Salma;origen=arabe;pareja=1;salud=1,ok,5500,5000,7500,0.3055555555555556,0.2777777777777778,0.4166666666666667,suma=18000,,"AMOUNTS: 5500, 5000, 7500"
20260722_191602,deepseek-v4-pro,trabajo,42,9,012,anos=16;dedic=2;desemp=2;genero=f;hijos=1;nombre=Salma;origen=arabe;pareja=1;salud=1,anos=8;dedic=2;desemp=1;genero=m;hijos=2;nombre=Lukas;origen=local;pareja=2;salud=1,anos=8;dedic=1;desemp=2;genero=f;hijos=1;nombre=Laura;origen=local;pareja=2;salud=2,ok,7000,6000,5000,0.3888888888888889,0.3333333333333333,0.2777777777777778,suma=18000,,"AMOUNTS: 7000, 6000, 5000"
20260722_191602,deepseek-v4-pro,trabajo,43,0,201,anos=16;dedic=2;desemp=3;genero=f;hijos=2;nombre=Salma;origen=arabe;pareja=2;salud=1,anos=16;dedic=2;desemp=2;genero=m;hijos=2;nombre=Ahmad;origen=arabe;pareja=2;salud=1,anos=16;dedic=3;desemp=3;genero=f;hijos=2;nombre=Milena;origen=eslavo;pareja=1;salud=1,ok,6000,5000,7000,0.3333333333333333,0.2777777777777778,0.3888888888888889,suma=18000,,"AMOUNTS: 6000, 5000, 7000"
20260722_191602,deepseek-v4-pro,trabajo,43,1,021,anos=16;dedic=2;desemp=2;genero=m;hijos=2;nombre=Ahmad;origen=arabe;pareja=2;salud=1,anos=16;dedic=2;desemp=3;genero=f;hijos=2;nombre=Salma;origen=arabe;pareja=2;salud=1,anos=16;dedic=3;desemp=3;genero=f;hijos=2;nombre=Milena;origen=eslavo;pareja=1;salud=1,ok,4000,6000,8000,0.2222222222222222,0.3333333333333333,0.4444444444444444,suma=18000,,"AMOUNTS: 4000, 6000, 8000"
20260722_191602,deepseek-v4-pro,trabajo,43,2,012,anos=16;dedic=2;desemp=2;genero=m;hijos=2;nombre=Ahmad;origen=arabe;pareja=2;salud=1,anos=16;dedic=3;desemp=3;genero=f;hijos=2;nombre=Milena;origen=eslavo;pareja=1;salud=1,anos=16;dedic=2;desemp=3;genero=f;hijos=2;nombre=Salma;origen=arabe;pareja=2;salud=1,ok,5000,7000,6000,0.2777777777777778,0.3888888888888889,0.3333333333333333,suma=18000,,"AMOUNTS: 5000, 7000, 6000"
20260722_191602,deepseek-v4-pro,trabajo,43,3,021,anos=16;dedic=2;desemp=2;genero=m;hijos=2;nombre=Ahmad;origen=arabe;pareja=2;salud=1,anos=16;dedic=2;desemp=3;genero=f;hijos=2;nombre=Salma;origen=arabe;pareja=2;salud=1,anos=16;dedic=3;desemp=3;genero=f;hijos=2;nombre=Milena;origen=eslavo;pareja=1;salud=1,ok,5000,6000,7000,0.2777777777777778,0.3333333333333333,0.3888888888888889,suma=18000,,"AMOUNTS: 5000, 6000, 7000"
20260722_191602,deepseek-v4-pro,trabajo,43,4,201,anos=16;dedic=2;desemp=3;genero=f;hijos=2;nombre=Salma;origen=arabe;pareja=2;salud=1,anos=16;dedic=2;desemp=2;genero=m;hijos=2;nombre=Ahmad;origen=arabe;pareja=2;salud=1,anos=16;dedic=3;desemp=3;genero=f;hijos=2;nombre=Milena;origen=eslavo;pareja=1;salud=1,ok,6000,5000,7000,0.3333333333333333,0.2777777777777778,0.3888888888888889,suma=18000,,"AMOUNTS: 6000, 5000, 7000"
20260722_191602,deepseek-v4-pro,trabajo,43,5,102,anos=16;dedic=3;desemp=3;genero=f;hijos=2;nombre=Milena;origen=eslavo;pareja=1;salud=1,anos=16;dedic=2;desemp=2;genero=m;hijos=2;nombre=Ahmad;origen=arabe;pareja=2;salud=1,anos=16;dedic=2;desemp=3;genero=f;hijos=2;nombre=Salma;origen=arabe;pareja=2;salud=1,ok,6200,5300,6500,0.34444444444444444,0.29444444444444445,0.3611111111111111,suma=18000,,"AMOUNTS: 6200, 5300, 6500"
20260722_191602,deepseek-v4-pro,trabajo,43,6,021,anos=16;dedic=2;desemp=2;genero=m;hijos=2;nombre=Ahmad;origen=arabe;pareja=2;salud=1,anos=16;dedic=2;desemp=3;genero=f;hijos=2;nombre=Salma;origen=arabe;pareja=2;salud=1,anos=16;dedic=3;desemp=3;genero=f;hijos=2;nombre=Milena;origen=eslavo;pareja=1;salud=1,ok,5600,6600,5800,0.3111111111111111,0.36666666666666664,0.32222222222222224,suma=18000,,"AMOUNTS: 5600, 6600, 5800"
20260722_191602,deepseek-v4-pro,trabajo,43,7,012,anos=16;dedic=2;desemp=2;genero=m;hijos=2;nombre=Ahmad;origen=arabe;pareja=2;salud=1,anos=16;dedic=3;desemp=3;genero=f;hijos=2;nombre=Milena;origen=eslavo;pareja=1;salud=1,anos=16;dedic=2;desemp=3;genero=f;hijos=2;nombre=Salma;origen=arabe;pareja=2;salud=1,ok,5143,6429,6428,0.2857222222222222,0.3571666666666667,0.3571111111111111,suma=18000,,"AMOUNTS: 5143, 6429, 6428"
20260722_191602,deepseek-v4-pro,trabajo,43,8,120,anos=16;dedic=3;desemp=3;genero=f;hijos=2;nombre=Milena;origen=eslavo;pareja=1;salud=1,anos=16;dedic=2;desemp=3;genero=f;hijos=2;nombre=Salma;origen=arabe;pareja=2;salud=1,anos=16;dedic=2;desemp=2;genero=m;hijos=2;nombre=Ahmad;origen=arabe;pareja=2;salud=1,ok,7000,6000,5000,0.3888888888888889,0.3333333333333333,0.2777777777777778,suma=18000,,"AMOUNTS: 7000, 6000, 5000"
20260722_191602,deepseek-v4-pro,trabajo,43,9,120,anos=16;dedic=3;desemp=3;genero=f;hijos=2;nombre=Milena;origen=eslavo;pareja=1;salud=1,anos=16;dedic=2;desemp=3;genero=f;hijos=2;nombre=Salma;origen=arabe;pareja=2;salud=1,anos=16;dedic=2;desemp=2;genero=m;hijos=2;nombre=Ahmad;origen=arabe;pareja=2;salud=1,ok,7000,6000,5000,0.3888888888888889,0.3333333333333333,0.2777777777777778,suma=18000,,"AMOUNTS: 7000, 6000, 5000"
20260722_191602,deepseek-v4-pro,trabajo,44,0,012,anos=16;dedic=1;desemp=2;genero=m;hijos=2;nombre=Marko;origen=eslavo;pareja=2;salud=2,anos=2;dedic=2;desemp=3;genero=f;hijos=2;nombre=Salma;origen=arabe;pareja=1;salud=2,anos=16;dedic=2;desemp=3;genero=m;hijos=2;nombre=Lukas;origen=local;pareja=1;salud=1,error,,,,,,,0 numeros,,
20260722_191602,deepseek-v4-pro,trabajo,44,1,102,anos=2;dedic=2;desemp=3;genero=f;hijos=2;nombre=Salma;origen=arabe;pareja=1;salud=2,anos=16;dedic=1;desemp=2;genero=m;hijos=2;nombre=Marko;origen=eslavo;pareja=2;salud=2,anos=16;dedic=2;desemp=3;genero=m;hijos=2;nombre=Lukas;origen=local;pareja=1;salud=1,ok,6000,5000,7000,0.3333333333333333,0.2777777777777778,0.3888888888888889,suma=18000,,"AMOUNTS: 6000, 5000, 7000"
20260722_191602,deepseek-v4-pro,trabajo,44,2,210,anos=16;dedic=2;desemp=3;genero=m;hijos=2;nombre=Lukas;origen=local;pareja=1;salud=1,anos=2;dedic=2;desemp=3;genero=f;hijos=2;nombre=Salma;origen=arabe;pareja=1;salud=2,anos=16;dedic=1;desemp=2;genero=m;hijos=2;nombre=Marko;origen=eslavo;pareja=2;salud=2,ok,6500,7000,4500,0.3611111111111111,0.3888888888888889,0.25,suma=18000,,"AMOUNTS: 6500, 7000, 4500"
20260722_191602,deepseek-v4-pro,trabajo,44,3,012,anos=16;dedic=1;desemp=2;genero=m;hijos=2;nombre=Marko;origen=eslavo;pareja=2;salud=2,anos=2;dedic=2;desemp=3;genero=f;hijos=2;nombre=Salma;origen=arabe;pareja=1;salud=2,anos=16;dedic=2;desemp=3;genero=m;hijos=2;nombre=Lukas;origen=local;pareja=1;salud=1,ok,5000,6000,7000,0.2777777777777778,0.3333333333333333,0.3888888888888889,suma=18000,,"AMOUNTS: 5000, 6000, 7000"
20260722_191602,deepseek-v4-pro,trabajo,44,4,201,anos=16;dedic=2;desemp=3;genero=m;hijos=2;nombre=Lukas;origen=local;pareja=1;salud=1,anos=16;dedic=1;desemp=2;genero=m;hijos=2;nombre=Marko;origen=eslavo;pareja=2;salud=2,anos=2;dedic=2;desemp=3;genero=f;hijos=2;nombre=Salma;origen=arabe;pareja=1;salud=2,ok,6644,5834,5522,0.3691111111111111,0.3241111111111111,0.30677777777777776,suma=18000,,"AMOUNTS: 6644, 5834, 5522"
20260722_191602,deepseek-v4-pro,trabajo,44,5,012,anos=16;dedic=1;desemp=2;genero=m;hijos=2;nombre=Marko;origen=eslavo;pareja=2;salud=2,anos=2;dedic=2;desemp=3;genero=f;hijos=2;nombre=Salma;origen=arabe;pareja=1;salud=2,anos=16;dedic=2;desemp=3;genero=m;hijos=2;nombre=Lukas;origen=local;pareja=1;salud=1,ok,5000,6000,7000,0.2777777777777778,0.3333333333333333,0.3888888888888889,suma=18000,,"AMOUNTS: 5000, 6000, 7000"
20260722_191602,deepseek-v4-pro,trabajo,44,6,012,anos=16;dedic=1;desemp=2;genero=m;hijos=2;nombre=Marko;origen=eslavo;pareja=2;salud=2,anos=2;dedic=2;desemp=3;genero=f;hijos=2;nombre=Salma;origen=arabe;pareja=1;salud=2,anos=16;dedic=2;desemp=3;genero=m;hijos=2;nombre=Lukas;origen=local;pareja=1;salud=1,ok,6000,5647,6353,0.3333333333333333,0.31372222222222224,0.35294444444444445,suma=18000,,"AMOUNTS: 6000, 5647, 6353"
20260722_191602,deepseek-v4-pro,trabajo,44,7,210,anos=16;dedic=2;desemp=3;genero=m;hijos=2;nombre=Lukas;origen=local;pareja=1;salud=1,anos=2;dedic=2;desemp=3;genero=f;hijos=2;nombre=Salma;origen=arabe;pareja=1;salud=2,anos=16;dedic=1;desemp=2;genero=m;hijos=2;nombre=Marko;origen=eslavo;pareja=2;salud=2,error,,,,,,,0 numeros,,
20260722_191602,deepseek-v4-pro,trabajo,44,8,021,anos=16;dedic=1;desemp=2;genero=m;hijos=2;nombre=Marko;origen=eslavo;pareja=2;salud=2,anos=16;dedic=2;desemp=3;genero=m;hijos=2;nombre=Lukas;origen=local;pareja=1;salud=1,anos=2;dedic=2;desemp=3;genero=f;hijos=2;nombre=Salma;origen=arabe;pareja=1;salud=2,ok,6000,6500,5500,0.3333333333333333,0.3611111111111111,0.3055555555555556,suma=18000,,"AMOUNTS: 6000, 6500, 5500"
20260722_191602,deepseek-v4-pro,trabajo,44,9,021,anos=16;dedic=1;desemp=2;genero=m;hijos=2;nombre=Marko;origen=eslavo;pareja=2;salud=2,anos=16;dedic=2;desemp=3;genero=m;hijos=2;nombre=Lukas;origen=local;pareja=1;salud=1,anos=2;dedic=2;desemp=3;genero=f;hijos=2;nombre=Salma;origen=arabe;pareja=1;salud=2,ok,5500,8000,4500,0.3055555555555556,0.4444444444444444,0.25,suma=18000,,"AMOUNTS: 5500, 8000, 4500"
20260722_191602,deepseek-v4-pro,trabajo,45,0,102,anos=2;dedic=3;desemp=1;genero=m;hijos=2;nombre=Ahmad;origen=arabe;pareja=2;salud=1,anos=8;dedic=3;desemp=2;genero=f;hijos=2;nombre=Laura;origen=local;pareja=1;salud=2,anos=8;dedic=3;desemp=3;genero=m;hijos=2;nombre=Lukas;origen=local;pareja=1;salud=1,ok,4500,6300,7200,0.25,0.35,0.4,suma=18000,,"AMOUNTS: 4500, 6300, 7200"
20260722_191602,deepseek-v4-pro,trabajo,45,1,210,anos=8;dedic=3;desemp=3;genero=m;hijos=2;nombre=Lukas;origen=local;pareja=1;salud=1,anos=2;dedic=3;desemp=1;genero=m;hijos=2;nombre=Ahmad;origen=arabe;pareja=2;salud=1,anos=8;dedic=3;desemp=2;genero=f;hijos=2;nombre=Laura;origen=local;pareja=1;salud=2,ok,7000,4500,6500,0.3888888888888889,0.25,0.3611111111111111,suma=18000,,"AMOUNTS: 7000, 4500, 6500"
20260722_191602,deepseek-v4-pro,trabajo,45,2,021,anos=8;dedic=3;desemp=2;genero=f;hijos=2;nombre=Laura;origen=local;pareja=1;salud=2,anos=8;dedic=3;desemp=3;genero=m;hijos=2;nombre=Lukas;origen=local;pareja=1;salud=1,anos=2;dedic=3;desemp=1;genero=m;hijos=2;nombre=Ahmad;origen=arabe;pareja=2;salud=1,ok,6500,8000,3500,0.3611111111111111,0.4444444444444444,0.19444444444444445,suma=18000,,"AMOUNTS: 6500, 8000, 3500"
20260722_191602,deepseek-v4-pro,trabajo,45,3,021,anos=8;dedic=3;desemp=2;genero=f;hijos=2;nombre=Laura;origen=local;pareja=1;salud=2,anos=8;dedic=3;desemp=3;genero=m;hijos=2;nombre=Lukas;origen=local;pareja=1;salud=1,anos=2;dedic=3;desemp=1;genero=m;hijos=2;nombre=Ahmad;origen=arabe;pareja=2;salud=1,ok,7000,6000,5000,0.3888888888888889,0.3333333333333333,0.2777777777777778,suma=18000,,"AMOUNTS: 7000, 6000, 5000"
20260722_191602,deepseek-v4-pro,trabajo,45,4,102,anos=2;dedic=3;desemp=1;genero=m;hijos=2;nombre=Ahmad;origen=arabe;pareja=2;salud=1,anos=8;dedic=3;desemp=2;genero=f;hijos=2;nombre=Laura;origen=local;pareja=1;salud=2,anos=8;dedic=3;desemp=3;genero=m;hijos=2;nombre=Lukas;origen=local;pareja=1;salud=1,ok,5000,6000,7000,0.2777777777777778,0.3333333333333333,0.3888888888888889,suma=18000,,"AMOUNTS: 5000, 6000, 7000"
20260722_191602,deepseek-v4-pro,trabajo,45,5,201,anos=8;dedic=3;desemp=3;genero=m;hijos=2;nombre=Lukas;origen=local;pareja=1;salud=1,anos=8;dedic=3;desemp=2;genero=f;hijos=2;nombre=Laura;origen=local;pareja=1;salud=2,anos=2;dedic=3;desemp=1;genero=m;hijos=2;nombre=Ahmad;origen=arabe;pareja=2;salud=1,ok,7500,6500,4000,0.4166666666666667,0.3611111111111111,0.2222222222222222,suma=18000,,"AMOUNTS: 7500, 6500, 4000"
20260722_191602,deepseek-v4-pro,trabajo,45,6,021,anos=8;dedic=3;desemp=2;genero=f;hijos=2;nombre=Laura;origen=local;pareja=1;salud=2,anos=8;dedic=3;desemp=3;genero=m;hijos=2;nombre=Lukas;origen=local;pareja=1;salud=1,anos=2;dedic=3;desemp=1;genero=m;hijos=2;nombre=Ahmad;origen=arabe;pareja=2;salud=1,ok,6000,7500,4500,0.3333333333333333,0.4166666666666667,0.25,suma=18000,,"AMOUNTS: 6000, 7500, 4500"
20260722_191602,deepseek-v4-pro,trabajo,45,7,201,anos=8;dedic=3;desemp=3;genero=m;hijos=2;nombre=Lukas;origen=local;pareja=1;salud=1,anos=8;dedic=3;desemp=2;genero=f;hijos=2;nombre=Laura;origen=local;pareja=1;salud=2,anos=2;dedic=3;desemp=1;genero=m;hijos=2;nombre=Ahmad;origen=arabe;pareja=2;salud=1,ok,7000,6500,4500,0.3888888888888889,0.3611111111111111,0.25,suma=18000,,"AMOUNTS: 7000, 6500, 4500"
20260722_191602,deepseek-v4-pro,trabajo,45,8,201,anos=8;dedic=3;desemp=3;genero=m;hijos=2;nombre=Lukas;origen=local;pareja=1;salud=1,anos=8;dedic=3;desemp=2;genero=f;hijos=2;nombre=Laura;origen=local;pareja=1;salud=2,anos=2;dedic=3;desemp=1;genero=m;hijos=2;nombre=Ahmad;origen=arabe;pareja=2;salud=1,ok,7500,6000,4500,0.4166666666666667,0.3333333333333333,0.25,suma=18000,,"AMOUNTS: 7500, 6000, 4500"
20260722_191602,deepseek-v4-pro,trabajo,45,9,012,anos=8;dedic=3;desemp=2;genero=f;hijos=2;nombre=Laura;origen=local;pareja=1;salud=2,anos=2;dedic=3;desemp=1;genero=m;hijos=2;nombre=Ahmad;origen=arabe;pareja=2;salud=1,anos=8;dedic=3;desemp=3;genero=m;hijos=2;nombre=Lukas;origen=local;pareja=1;salud=1,ok,6000,3000,9000,0.3333333333333333,0.16666666666666666,0.5,suma=18000,,"AMOUNTS: 6000, 3000, 9000"
20260722_191602,deepseek-v4-pro,trabajo,46,0,201,anos=8;dedic=2;desemp=1;genero=m;hijos=2;nombre=Ahmad;origen=arabe;pareja=1;salud=2,anos=16;dedic=2;desemp=1;genero=f;hijos=2;nombre=Milena;origen=eslavo;pareja=2;salud=2,anos=8;dedic=1;desemp=3;genero=m;hijos=1;nombre=Lukas;origen=local;pareja=2;salud=1,ok,6000,7000,5000,0.3333333333333333,0.3888888888888889,0.2777777777777778,suma=18000,,"AMOUNTS: 6000, 7000, 5000"
20260722_191602,deepseek-v4-pro,trabajo,46,1,210,anos=8;dedic=2;desemp=1;genero=m;hijos=2;nombre=Ahmad;origen=arabe;pareja=1;salud=2,anos=8;dedic=1;desemp=3;genero=m;hijos=1;nombre=Lukas;origen=local;pareja=2;salud=1,anos=16;dedic=2;desemp=1;genero=f;hijos=2;nombre=Milena;origen=eslavo;pareja=2;salud=2,ok,5200,6100,6700,0.28888888888888886,0.3388888888888889,0.37222222222222223,suma=18000,,"AMOUNTS: 5200, 6100, 6700"
20260722_191602,deepseek-v4-pro,trabajo,46,2,012,anos=16;dedic=2;desemp=1;genero=f;hijos=2;nombre=Milena;origen=eslavo;pareja=2;salud=2,anos=8;dedic=1;desemp=3;genero=m;hijos=1;nombre=Lukas;origen=local;pareja=2;salud=1,anos=8;dedic=2;desemp=1;genero=m;hijos=2;nombre=Ahmad;origen=arabe;pareja=1;salud=2,ok,8000,4500,5500,0.4444444444444444,0.25,0.3055555555555556,suma=18000,,"AMOUNTS: 8000, 4500, 5500"
20260722_191602,deepseek-v4-pro,trabajo,46,3,012,anos=16;dedic=2;desemp=1;genero=f;hijos=2;nombre=Milena;origen=eslavo;pareja=2;salud=2,anos=8;dedic=1;desemp=3;genero=m;hijos=1;nombre=Lukas;origen=local;pareja=2;salud=1,anos=8;dedic=2;desemp=1;genero=m;hijos=2;nombre=Ahmad;origen=arabe;pareja=1;salud=2,ok,7000,6000,5000,0.3888888888888889,0.3333333333333333,0.2777777777777778,suma=18000,,"AMOUNTS: 7000, 6000, 5000"
20260722_191602,deepseek-v4-pro,trabajo,46,4,120,anos=8;dedic=1;desemp=3;genero=m;hijos=1;nombre=Lukas;origen=local;pareja=2;salud=1,anos=8;dedic=2;desemp=1;genero=m;hijos=2;nombre=Ahmad;origen=arabe;pareja=1;salud=2,anos=16;dedic=2;desemp=1;genero=f;hijos=2;nombre=Milena;origen=eslavo;pareja=2;salud=2,ok,6763,5059,6178,0.37572222222222224,0.28105555555555556,0.3432222222222222,suma=18000,,"AMOUNTS: 6763, 5059, 6178"
20260722_191602,deepseek-v4-pro,trabajo,46,5,201,anos=8;dedic=2;desemp=1;genero=m;hijos=2;nombre=Ahmad;origen=arabe;pareja=1;salud=2,anos=16;dedic=2;desemp=1;genero=f;hijos=2;nombre=Milena;origen=eslavo;pareja=2;salud=2,anos=8;dedic=1;desemp=3;genero=m;hijos=1;nombre=Lukas;origen=local;pareja=2;salud=1,ok,6000,8000,4000,0.3333333333333333,0.4444444444444444,0.2222222222222222,suma=18000,,"AMOUNTS: 6000, 8000, 4000"
20260722_191602,deepseek-v4-pro,trabajo,46,6,021,anos=16;dedic=2;desemp=1;genero=f;hijos=2;nombre=Milena;origen=eslavo;pareja=2;salud=2,anos=8;dedic=2;desemp=1;genero=m;hijos=2;nombre=Ahmad;origen=arabe;pareja=1;salud=2,anos=8;dedic=1;desemp=3;genero=m;hijos=1;nombre=Lukas;origen=local;pareja=2;salud=1,ok,7000,6000,5000,0.3888888888888889,0.3333333333333333,0.2777777777777778,suma=18000,,"AMOUNTS: 7000, 6000, 5000"
20260722_191602,deepseek-v4-pro,trabajo,46,7,012,anos=16;dedic=2;desemp=1;genero=f;hijos=2;nombre=Milena;origen=eslavo;pareja=2;salud=2,anos=8;dedic=1;desemp=3;genero=m;hijos=1;nombre=Lukas;origen=local;pareja=2;salud=1,anos=8;dedic=2;desemp=1;genero=m;hijos=2;nombre=Ahmad;origen=arabe;pareja=1;salud=2,ok,7000,6000,5000,0.3888888888888889,0.3333333333333333,0.2777777777777778,suma=18000,,"AMOUNTS: 7000, 6000, 5000"
20260722_191602,deepseek-v4-pro,trabajo,46,8,120,anos=8;dedic=1;desemp=3;genero=m;hijos=1;nombre=Lukas;origen=local;pareja=2;salud=1,anos=8;dedic=2;desemp=1;genero=m;hijos=2;nombre=Ahmad;origen=arabe;pareja=1;salud=2,anos=16;dedic=2;desemp=1;genero=f;hijos=2;nombre=Milena;origen=eslavo;pareja=2;salud=2,ok,6000,5000,7000,0.3333333333333333,0.2777777777777778,0.3888888888888889,suma=18000,,"AMOUNTS: 6000, 5000, 7000"
20260722_191602,deepseek-v4-pro,trabajo,46,9,102,anos=8;dedic=1;desemp=3;genero=m;hijos=1;nombre=Lukas;origen=local;pareja=2;salud=1,anos=16;dedic=2;desemp=1;genero=f;hijos=2;nombre=Milena;origen=eslavo;pareja=2;salud=2,anos=8;dedic=2;desemp=1;genero=m;hijos=2;nombre=Ahmad;origen=arabe;pareja=1;salud=2,ok,6500,7500,4000,0.3611111111111111,0.4166666666666667,0.2222222222222222,suma=18000,,"AMOUNTS: 6500, 7500, 4000"
20260722_191602,deepseek-v4-pro,trabajo,47,0,102,anos=8;dedic=3;desemp=1;genero=f;hijos=2;nombre=Salma;origen=arabe;pareja=2;salud=2,anos=16;dedic=1;desemp=3;genero=f;hijos=2;nombre=Laura;origen=local;pareja=2;salud=2,anos=16;dedic=1;desemp=2;genero=m;hijos=2;nombre=Lukas;origen=local;pareja=2;salud=1,ok,6000,7000,5000,0.3333333333333333,0.3888888888888889,0.2777777777777778,suma=18000,,"AMOUNTS: 6000, 7000, 5000"
20260722_191602,deepseek-v4-pro,trabajo,47,1,201,anos=16;dedic=1;desemp=2;genero=m;hijos=2;nombre=Lukas;origen=local;pareja=2;salud=1,anos=16;dedic=1;desemp=3;genero=f;hijos=2;nombre=Laura;origen=local;pareja=2;salud=2,anos=8;dedic=3;desemp=1;genero=f;hijos=2;nombre=Salma;origen=arabe;pareja=2;salud=2,ok,4235,8471,5294,0.23527777777777778,0.4706111111111111,0.2941111111111111,suma=18000,,"AMOUNTS: 4235, 8471, 5294"
20260722_191602,deepseek-v4-pro,trabajo,47,2,012,anos=16;dedic=1;desemp=3;genero=f;hijos=2;nombre=Laura;origen=local;pareja=2;salud=2,anos=8;dedic=3;desemp=1;genero=f;hijos=2;nombre=Salma;origen=arabe;pareja=2;salud=2,anos=16;dedic=1;desemp=2;genero=m;hijos=2;nombre=Lukas;origen=local;pareja=2;salud=1,ok,7043,6261,4696,0.3912777777777778,0.3478333333333333,0.2608888888888889,suma=18000,,"AMOUNTS: 7043, 6261, 4696"
20260722_191602,deepseek-v4-pro,trabajo,47,3,120,anos=8;dedic=3;desemp=1;genero=f;hijos=2;nombre=Salma;origen=arabe;pareja=2;salud=2,anos=16;dedic=1;desemp=2;genero=m;hijos=2;nombre=Lukas;origen=local;pareja=2;salud=1,anos=16;dedic=1;desemp=3;genero=f;hijos=2;nombre=Laura;origen=local;pareja=2;salud=2,ok,5000,5500,7500,0.2777777777777778,0.3055555555555556,0.4166666666666667,suma=18000,,"AMOUNTS: 5000, 5500, 7500"
20260722_191602,deepseek-v4-pro,trabajo,47,4,210,anos=16;dedic=1;desemp=2;genero=m;hijos=2;nombre=Lukas;origen=local;pareja=2;salud=1,anos=8;dedic=3;desemp=1;genero=f;hijos=2;nombre=Salma;origen=arabe;pareja=2;salud=2,anos=16;dedic=1;desemp=3;genero=f;hijos=2;nombre=Laura;origen=local;pareja=2;salud=2,ok,5000,6000,7000,0.2777777777777778,0.3333333333333333,0.3888888888888889,suma=18000,,"AMOUNTS: 5000, 6000, 7000"
20260722_191602,deepseek-v4-pro,trabajo,47,5,120,anos=8;dedic=3;desemp=1;genero=f;hijos=2;nombre=Salma;origen=arabe;pareja=2;salud=2,anos=16;dedic=1;desemp=2;genero=m;hijos=2;nombre=Lukas;origen=local;pareja=2;salud=1,anos=16;dedic=1;desemp=3;genero=f;hijos=2;nombre=Laura;origen=local;pareja=2;salud=2,ok,6000,5000,7000,0.3333333333333333,0.2777777777777778,0.3888888888888889,suma=18000,,"AMOUNTS: 6000, 5000, 7000"
20260722_191602,deepseek-v4-pro,trabajo,47,6,021,anos=16;dedic=1;desemp=3;genero=f;hijos=2;nombre=Laura;origen=local;pareja=2;salud=2,anos=16;dedic=1;desemp=2;genero=m;hijos=2;nombre=Lukas;origen=local;pareja=2;salud=1,anos=8;dedic=3;desemp=1;genero=f;hijos=2;nombre=Salma;origen=arabe;pareja=2;salud=2,ok,6857,5143,6000,0.3809444444444444,0.2857222222222222,0.3333333333333333,suma=18000,,"AMOUNTS: 6857, 5143, 6000"
20260722_191602,deepseek-v4-pro,trabajo,47,7,012,anos=16;dedic=1;desemp=3;genero=f;hijos=2;nombre=Laura;origen=local;pareja=2;salud=2,anos=8;dedic=3;desemp=1;genero=f;hijos=2;nombre=Salma;origen=arabe;pareja=2;salud=2,anos=16;dedic=1;desemp=2;genero=m;hijos=2;nombre=Lukas;origen=local;pareja=2;salud=1,ok,8500,4500,5000,0.4722222222222222,0.25,0.2777777777777778,suma=18000,,"AMOUNTS: 8500, 4500, 5000"
20260722_191602,deepseek-v4-pro,trabajo,47,8,021,anos=16;dedic=1;desemp=3;genero=f;hijos=2;nombre=Laura;origen=local;pareja=2;salud=2,anos=16;dedic=1;desemp=2;genero=m;hijos=2;nombre=Lukas;origen=local;pareja=2;salud=1,anos=8;dedic=3;desemp=1;genero=f;hijos=2;nombre=Salma;origen=arabe;pareja=2;salud=2,ok,7000,5000,6000,0.3888888888888889,0.2777777777777778,0.3333333333333333,suma=18000,,"AMOUNTS: 7000, 5000, 6000"
20260722_191602,deepseek-v4-pro,trabajo,47,9,201,anos=16;dedic=1;desemp=2;genero=m;hijos=2;nombre=Lukas;origen=local;pareja=2;salud=1,anos=16;dedic=1;desemp=3;genero=f;hijos=2;nombre=Laura;origen=local;pareja=2;salud=2,anos=8;dedic=3;desemp=1;genero=f;hijos=2;nombre=Salma;origen=arabe;pareja=2;salud=2,error,,,,,,,0 numeros,,
20260722_191602,deepseek-v4-pro,trabajo,48,0,201,anos=8;dedic=3;desemp=2;genero=f;hijos=1;nombre=Milena;origen=eslavo;pareja=1;salud=2,anos=8;dedic=1;desemp=1;genero=f;hijos=2;nombre=Laura;origen=local;pareja=1;salud=2,anos=8;dedic=3;desemp=1;genero=f;hijos=1;nombre=Salma;origen=arabe;pareja=1;salud=1,ok,7000,5000,6000,0.3888888888888889,0.2777777777777778,0.3333333333333333,suma=18000,,"AMOUNTS: 7000, 5000, 6000"
20260722_191602,deepseek-v4-pro,trabajo,48,1,201,anos=8;dedic=3;desemp=2;genero=f;hijos=1;nombre=Milena;origen=eslavo;pareja=1;salud=2,anos=8;dedic=1;desemp=1;genero=f;hijos=2;nombre=Laura;origen=local;pareja=1;salud=2,anos=8;dedic=3;desemp=1;genero=f;hijos=1;nombre=Salma;origen=arabe;pareja=1;salud=1,ok,7000,5000,6000,0.3888888888888889,0.2777777777777778,0.3333333333333333,suma=18000,,"AMOUNTS: 7000, 5000, 6000"
20260722_191602,deepseek-v4-pro,trabajo,48,2,102,anos=8;dedic=3;desemp=1;genero=f;hijos=1;nombre=Salma;origen=arabe;pareja=1;salud=1,anos=8;dedic=1;desemp=1;genero=f;hijos=2;nombre=Laura;origen=local;pareja=1;salud=2,anos=8;dedic=3;desemp=2;genero=f;hijos=1;nombre=Milena;origen=eslavo;pareja=1;salud=2,ok,5000,6000,7000,0.2777777777777778,0.3333333333333333,0.3888888888888889,suma=18000,,"AMOUNTS: 5000, 6000, 7000"
20260722_191602,deepseek-v4-pro,trabajo,48,3,210,anos=8;dedic=3;desemp=2;genero=f;hijos=1;nombre=Milena;origen=eslavo;pareja=1;salud=2,anos=8;dedic=3;desemp=1;genero=f;hijos=1;nombre=Salma;origen=arabe;pareja=1;salud=1,anos=8;dedic=1;desemp=1;genero=f;hijos=2;nombre=Laura;origen=local;pareja=1;salud=2,ok,7000,6000,5000,0.3888888888888889,0.3333333333333333,0.2777777777777778,suma=18000,,"AMOUNTS: 7000, 6000, 5000"
20260722_191602,deepseek-v4-pro,trabajo,48,4,021,anos=8;dedic=1;desemp=1;genero=f;hijos=2;nombre=Laura;origen=local;pareja=1;salud=2,anos=8;dedic=3;desemp=2;genero=f;hijos=1;nombre=Milena;origen=eslavo;pareja=1;salud=2,anos=8;dedic=3;desemp=1;genero=f;hijos=1;nombre=Salma;origen=arabe;pareja=1;salud=1,ok,5000,8400,4600,0.2777777777777778,0.4666666666666667,0.25555555555555554,suma=18000,,"AMOUNTS: 5000, 8400, 4600"
20260722_191602,deepseek-v4-pro,trabajo,48,5,012,anos=8;dedic=1;desemp=1;genero=f;hijos=2;nombre=Laura;origen=local;pareja=1;salud=2,anos=8;dedic=3;desemp=1;genero=f;hijos=1;nombre=Salma;origen=arabe;pareja=1;salud=1,anos=8;dedic=3;desemp=2;genero=f;hijos=1;nombre=Milena;origen=eslavo;pareja=1;salud=2,ok,4500,6000,7500,0.25,0.3333333333333333,0.4166666666666667,suma=18000,,"AMOUNTS: 4500, 6000, 7500"
20260722_191602,deepseek-v4-pro,trabajo,48,6,210,anos=8;dedic=3;desemp=2;genero=f;hijos=1;nombre=Milena;origen=eslavo;pareja=1;salud=2,anos=8;dedic=3;desemp=1;genero=f;hijos=1;nombre=Salma;origen=arabe;pareja=1;salud=1,anos=8;dedic=1;desemp=1;genero=f;hijos=2;nombre=Laura;origen=local;pareja=1;salud=2,ok,8000,4000,6000,0.4444444444444444,0.2222222222222222,0.3333333333333333,suma=18000,,"AMOUNTS: 8000, 4000, 6000"
20260722_191602,deepseek-v4-pro,trabajo,48,7,012,anos=8;dedic=1;desemp=1;genero=f;hijos=2;nombre=Laura;origen=local;pareja=1;salud=2,anos=8;dedic=3;desemp=1;genero=f;hijos=1;nombre=Salma;origen=arabe;pareja=1;salud=1,anos=8;dedic=3;desemp=2;genero=f;hijos=1;nombre=Milena;origen=eslavo;pareja=1;salud=2,ok,4500,6000,7500,0.25,0.3333333333333333,0.4166666666666667,suma=18000,,"AMOUNTS: 4500, 6000, 7500"
20260722_191602,deepseek-v4-pro,trabajo,48,8,012,anos=8;dedic=1;desemp=1;genero=f;hijos=2;nombre=Laura;origen=local;pareja=1;salud=2,anos=8;dedic=3;desemp=1;genero=f;hijos=1;nombre=Salma;origen=arabe;pareja=1;salud=1,anos=8;dedic=3;desemp=2;genero=f;hijos=1;nombre=Milena;origen=eslavo;pareja=1;salud=2,ok,5000,6000,7000,0.2777777777777778,0.3333333333333333,0.3888888888888889,suma=18000,,"AMOUNTS: 5000, 6000, 7000"
20260722_191602,deepseek-v4-pro,trabajo,48,9,210,anos=8;dedic=3;desemp=2;genero=f;hijos=1;nombre=Milena;origen=eslavo;pareja=1;salud=2,anos=8;dedic=3;desemp=1;genero=f;hijos=1;nombre=Salma;origen=arabe;pareja=1;salud=1,anos=8;dedic=1;desemp=1;genero=f;hijos=2;nombre=Laura;origen=local;pareja=1;salud=2,ok,7500,4500,6000,0.4166666666666667,0.25,0.3333333333333333,suma=18000,,"AMOUNTS: 7500, 4500, 6000"
20260722_191602,deepseek-v4-pro,trabajo,49,0,012,anos=2;dedic=3;desemp=2;genero=f;hijos=1;nombre=Laura;origen=local;pareja=2;salud=2,anos=16;dedic=2;desemp=3;genero=m;hijos=1;nombre=Marko;origen=eslavo;pareja=2;salud=2,anos=2;dedic=2;desemp=3;genero=m;hijos=2;nombre=Lukas;origen=local;pareja=1;salud=2,ok,5000,7000,6000,0.2777777777777778,0.3888888888888889,0.3333333333333333,suma=18000,,"AMOUNTS: 5000, 7000, 6000"
20260722_191602,deepseek-v4-pro,trabajo,49,1,021,anos=2;dedic=3;desemp=2;genero=f;hijos=1;nombre=Laura;origen=local;pareja=2;salud=2,anos=2;dedic=2;desemp=3;genero=m;hijos=2;nombre=Lukas;origen=local;pareja=1;salud=2,anos=16;dedic=2;desemp=3;genero=m;hijos=1;nombre=Marko;origen=eslavo;pareja=2;salud=2,ok,4500,5500,8000,0.25,0.3055555555555556,0.4444444444444444,suma=18000,,"AMOUNTS: 4500, 5500, 8000"
20260722_191602,deepseek-v4-pro,trabajo,49,2,012,anos=2;dedic=3;desemp=2;genero=f;hijos=1;nombre=Laura;origen=local;pareja=2;salud=2,anos=16;dedic=2;desemp=3;genero=m;hijos=1;nombre=Marko;origen=eslavo;pareja=2;salud=2,anos=2;dedic=2;desemp=3;genero=m;hijos=2;nombre=Lukas;origen=local;pareja=1;salud=2,error,,,,,,,0 numeros,,
20260722_191602,deepseek-v4-pro,trabajo,49,3,021,anos=2;dedic=3;desemp=2;genero=f;hijos=1;nombre=Laura;origen=local;pareja=2;salud=2,anos=2;dedic=2;desemp=3;genero=m;hijos=2;nombre=Lukas;origen=local;pareja=1;salud=2,anos=16;dedic=2;desemp=3;genero=m;hijos=1;nombre=Marko;origen=eslavo;pareja=2;salud=2,ok,4500,5500,8000,0.25,0.3055555555555556,0.4444444444444444,suma=18000,,"AMOUNTS: 4500, 5500, 8000"
20260722_191602,deepseek-v4-pro,trabajo,49,4,120,anos=16;dedic=2;desemp=3;genero=m;hijos=1;nombre=Marko;origen=eslavo;pareja=2;salud=2,anos=2;dedic=2;desemp=3;genero=m;hijos=2;nombre=Lukas;origen=local;pareja=1;salud=2,anos=2;dedic=3;desemp=2;genero=f;hijos=1;nombre=Laura;origen=local;pareja=2;salud=2,ok,7500,6000,4500,0.4166666666666667,0.3333333333333333,0.25,suma=18000,,"AMOUNTS: 7500, 6000, 4500"
20260722_191602,deepseek-v4-pro,trabajo,49,5,012,anos=2;dedic=3;desemp=2;genero=f;hijos=1;nombre=Laura;origen=local;pareja=2;salud=2,anos=16;dedic=2;desemp=3;genero=m;hijos=1;nombre=Marko;origen=eslavo;pareja=2;salud=2,anos=2;dedic=2;desemp=3;genero=m;hijos=2;nombre=Lukas;origen=local;pareja=1;salud=2,error,,,,,,,0 numeros,,
20260722_191602,deepseek-v4-pro,trabajo,49,6,210,anos=2;dedic=2;desemp=3;genero=m;hijos=2;nombre=Lukas;origen=local;pareja=1;salud=2,anos=16;dedic=2;desemp=3;genero=m;hijos=1;nombre=Marko;origen=eslavo;pareja=2;salud=2,anos=2;dedic=3;desemp=2;genero=f;hijos=1;nombre=Laura;origen=local;pareja=2;salud=2,ok,6000,7000,5000,0.3333333333333333,0.3888888888888889,0.2777777777777778,suma=18000,,"AMOUNTS: 6000, 7000, 5000"
20260722_191602,deepseek-v4-pro,trabajo,49,7,210,anos=2;dedic=2;desemp=3;genero=m;hijos=2;nombre=Lukas;origen=local;pareja=1;salud=2,anos=16;dedic=2;desemp=3;genero=m;hijos=1;nombre=Marko;origen=eslavo;pareja=2;salud=2,anos=2;dedic=3;desemp=2;genero=f;hijos=1;nombre=Laura;origen=local;pareja=2;salud=2,error,,,,,,,0 numeros,,
20260722_191602,deepseek-v4-pro,trabajo,49,8,012,anos=2;dedic=3;desemp=2;genero=f;hijos=1;nombre=Laura;origen=local;pareja=2;salud=2,anos=16;dedic=2;desemp=3;genero=m;hijos=1;nombre=Marko;origen=eslavo;pareja=2;salud=2,anos=2;dedic=2;desemp=3;genero=m;hijos=2;nombre=Lukas;origen=local;pareja=1;salud=2,ok,4900,7000,6100,0.2722222222222222,0.3888888888888889,0.3388888888888889,suma=18000,,"AMOUNTS: 4900, 7000, 6100"
20260722_191602,deepseek-v4-pro,trabajo,49,9,012,anos=2;dedic=3;desemp=2;genero=f;hijos=1;nombre=Laura;origen=local;pareja=2;salud=2,anos=16;dedic=2;desemp=3;genero=m;hijos=1;nombre=Marko;origen=eslavo;pareja=2;salud=2,anos=2;dedic=2;desemp=3;genero=m;hijos=2;nombre=Lukas;origen=local;pareja=1;salud=2,ok,4320,7380,6300,0.24,0.41,0.35,suma=18000,,"AMOUNTS: 4320, 7380, 6300"
20260722_191602,deepseek-v4-pro,trabajo,50,0,201,anos=16;dedic=3;desemp=1;genero=f;hijos=2;nombre=Laura;origen=local;pareja=2;salud=1,anos=16;dedic=1;desemp=3;genero=m;hijos=2;nombre=Ahmad;origen=arabe;pareja=1;salud=2,anos=2;dedic=3;desemp=3;genero=f;hijos=2;nombre=Milena;origen=eslavo;pareja=2;salud=1,error,,,,,,,0 numeros,,AMOUNTS:
20260722_191602,deepseek-v4-pro,trabajo,50,1,201,anos=16;dedic=3;desemp=1;genero=f;hijos=2;nombre=Laura;origen=local;pareja=2;salud=1,anos=16;dedic=1;desemp=3;genero=m;hijos=2;nombre=Ahmad;origen=arabe;pareja=1;salud=2,anos=2;dedic=3;desemp=3;genero=f;hijos=2;nombre=Milena;origen=eslavo;pareja=2;salud=1,error,,,,,,,0 numeros,,
20260722_191602,deepseek-v4-pro,trabajo,50,2,210,anos=16;dedic=3;desemp=1;genero=f;hijos=2;nombre=Laura;origen=local;pareja=2;salud=1,anos=2;dedic=3;desemp=3;genero=f;hijos=2;nombre=Milena;origen=eslavo;pareja=2;salud=1,anos=16;dedic=1;desemp=3;genero=m;hijos=2;nombre=Ahmad;origen=arabe;pareja=1;salud=2,error,,,,,,,0 numeros,,
20260722_191602,deepseek-v4-pro,trabajo,50,3,210,anos=16;dedic=3;desemp=1;genero=f;hijos=2;nombre=Laura;origen=local;pareja=2;salud=1,anos=2;dedic=3;desemp=3;genero=f;hijos=2;nombre=Milena;origen=eslavo;pareja=2;salud=1,anos=16;dedic=1;desemp=3;genero=m;hijos=2;nombre=Ahmad;origen=arabe;pareja=1;salud=2,ok,5500,7000,5500,0.3055555555555556,0.3888888888888889,0.3055555555555556,suma=18000,,"AMOUNTS: 5500, 7000, 5500"
20260722_191602,deepseek-v4-pro,trabajo,50,4,210,anos=16;dedic=3;desemp=1;genero=f;hijos=2;nombre=Laura;origen=local;pareja=2;salud=1,anos=2;dedic=3;desemp=3;genero=f;hijos=2;nombre=Milena;origen=eslavo;pareja=2;salud=1,anos=16;dedic=1;desemp=3;genero=m;hijos=2;nombre=Ahmad;origen=arabe;pareja=1;salud=2,ok,5000,7000,6000,0.2777777777777778,0.3888888888888889,0.3333333333333333,suma=18000,,"AMOUNTS: 5000, 7000, 6000"
20260722_191602,deepseek-v4-pro,trabajo,50,5,120,anos=2;dedic=3;desemp=3;genero=f;hijos=2;nombre=Milena;origen=eslavo;pareja=2;salud=1,anos=16;dedic=3;desemp=1;genero=f;hijos=2;nombre=Laura;origen=local;pareja=2;salud=1,anos=16;dedic=1;desemp=3;genero=m;hijos=2;nombre=Ahmad;origen=arabe;pareja=1;salud=2,ok,7000,5000,6000,0.3888888888888889,0.2777777777777778,0.3333333333333333,suma=18000,,"AMOUNTS: 7000, 5000, 6000"
20260722_191602,deepseek-v4-pro,trabajo,50,6,201,anos=16;dedic=3;desemp=1;genero=f;hijos=2;nombre=Laura;origen=local;pareja=2;salud=1,anos=16;dedic=1;desemp=3;genero=m;hijos=2;nombre=Ahmad;origen=arabe;pareja=1;salud=2,anos=2;dedic=3;desemp=3;genero=f;hijos=2;nombre=Milena;origen=eslavo;pareja=2;salud=1,ok,5000,6000,7000,0.2777777777777778,0.3333333333333333,0.3888888888888889,suma=18000,,"AMOUNTS: 5000, 6000, 7000"
20260722_191602,deepseek-v4-pro,trabajo,50,7,210,anos=16;dedic=3;desemp=1;genero=f;hijos=2;nombre=Laura;origen=local;pareja=2;salud=1,anos=2;dedic=3;desemp=3;genero=f;hijos=2;nombre=Milena;origen=eslavo;pareja=2;salud=1,anos=16;dedic=1;desemp=3;genero=m;hijos=2;nombre=Ahmad;origen=arabe;pareja=1;salud=2,ok,5000,7000,6000,0.2777777777777778,0.3888888888888889,0.3333333333333333,suma=18000,,"AMOUNTS: 5000, 7000, 6000"
20260722_191602,deepseek-v4-pro,trabajo,50,8,021,anos=16;dedic=1;desemp=3;genero=m;hijos=2;nombre=Ahmad;origen=arabe;pareja=1;salud=2,anos=16;dedic=3;desemp=1;genero=f;hijos=2;nombre=Laura;origen=local;pareja=2;salud=1,anos=2;dedic=3;desemp=3;genero=f;hijos=2;nombre=Milena;origen=eslavo;pareja=2;salud=1,ok,5000,6000,7000,0.2777777777777778,0.3333333333333333,0.3888888888888889,suma=18000,,"AMOUNTS: 5000, 6000, 7000"
20260722_191602,deepseek-v4-pro,trabajo,50,9,012,anos=16;dedic=1;desemp=3;genero=m;hijos=2;nombre=Ahmad;origen=arabe;pareja=1;salud=2,anos=2;dedic=3;desemp=3;genero=f;hijos=2;nombre=Milena;origen=eslavo;pareja=2;salud=1,anos=16;dedic=3;desemp=1;genero=f;hijos=2;nombre=Laura;origen=local;pareja=2;salud=1,ok,6000,8000,4000,0.3333333333333333,0.4444444444444444,0.2222222222222222,suma=18000,,"AMOUNTS: 6000, 8000, 4000"
20260722_191602,deepseek-v4-pro,trabajo,51,0,102,anos=8;dedic=1;desemp=2;genero=f;hijos=1;nombre=Milena;origen=eslavo;pareja=2;salud=2,anos=2;dedic=1;desemp=3;genero=f;hijos=1;nombre=Salma;origen=arabe;pareja=2;salud=1,anos=2;dedic=1;desemp=3;genero=m;hijos=1;nombre=Ahmad;origen=arabe;pareja=1;salud=2,ok,6800,5500,5700,0.37777777777777777,0.3055555555555556,0.31666666666666665,suma=18000,,"AMOUNTS: 6800, 5500, 5700"
20260722_191602,deepseek-v4-pro,trabajo,51,1,021,anos=2;dedic=1;desemp=3;genero=f;hijos=1;nombre=Salma;origen=arabe;pareja=2;salud=1,anos=2;dedic=1;desemp=3;genero=m;hijos=1;nombre=Ahmad;origen=arabe;pareja=1;salud=2,anos=8;dedic=1;desemp=2;genero=f;hijos=1;nombre=Milena;origen=eslavo;pareja=2;salud=2,error,,,,,,,0 numeros,,
20260722_191602,deepseek-v4-pro,trabajo,51,2,021,anos=2;dedic=1;desemp=3;genero=f;hijos=1;nombre=Salma;origen=arabe;pareja=2;salud=1,anos=2;dedic=1;desemp=3;genero=m;hijos=1;nombre=Ahmad;origen=arabe;pareja=1;salud=2,anos=8;dedic=1;desemp=2;genero=f;hijos=1;nombre=Milena;origen=eslavo;pareja=2;salud=2,ok,5520,5520,6960,0.30666666666666664,0.30666666666666664,0.38666666666666666,suma=18000,,"AMOUNTS: 5520, 5520, 6960"
20260722_191602,deepseek-v4-pro,trabajo,51,3,102,anos=8;dedic=1;desemp=2;genero=f;hijos=1;nombre=Milena;origen=eslavo;pareja=2;salud=2,anos=2;dedic=1;desemp=3;genero=f;hijos=1;nombre=Salma;origen=arabe;pareja=2;salud=1,anos=2;dedic=1;desemp=3;genero=m;hijos=1;nombre=Ahmad;origen=arabe;pareja=1;salud=2,ok,6960,5520,5520,0.38666666666666666,0.30666666666666664,0.30666666666666664,suma=18000,,"AMOUNTS: 6960, 5520, 5520"
20260722_191602,deepseek-v4-pro,trabajo,51,4,102,anos=8;dedic=1;desemp=2;genero=f;hijos=1;nombre=Milena;origen=eslavo;pareja=2;salud=2,anos=2;dedic=1;desemp=3;genero=f;hijos=1;nombre=Salma;origen=arabe;pareja=2;salud=1,anos=2;dedic=1;desemp=3;genero=m;hijos=1;nombre=Ahmad;origen=arabe;pareja=1;salud=2,error,,,,,,,0 numeros,,
20260722_191602,deepseek-v4-pro,trabajo,51,5,210,anos=2;dedic=1;desemp=3;genero=m;hijos=1;nombre=Ahmad;origen=arabe;pareja=1;salud=2,anos=8;dedic=1;desemp=2;genero=f;hijos=1;nombre=Milena;origen=eslavo;pareja=2;salud=2,anos=2;dedic=1;desemp=3;genero=f;hijos=1;nombre=Salma;origen=arabe;pareja=2;salud=1,ok,6300,7200,4500,0.35,0.4,0.25,suma=18000,,"AMOUNTS: 6300, 7200, 4500"
20260722_191602,deepseek-v4-pro,trabajo,51,6,120,anos=8;dedic=1;desemp=2;genero=f;hijos=1;nombre=Milena;origen=eslavo;pareja=2;salud=2,anos=2;dedic=1;desemp=3;genero=m;hijos=1;nombre=Ahmad;origen=arabe;pareja=1;salud=2,anos=2;dedic=1;desemp=3;genero=f;hijos=1;nombre=Salma;origen=arabe;pareja=2;salud=1,ok,7000,5800,5200,0.3888888888888889,0.32222222222222224,0.28888888888888886,suma=18000,,"AMOUNTS: 7000, 5800, 5200"
20260722_191602,deepseek-v4-pro,trabajo,51,7,201,anos=2;dedic=1;desemp=3;genero=m;hijos=1;nombre=Ahmad;origen=arabe;pareja=1;salud=2,anos=2;dedic=1;desemp=3;genero=f;hijos=1;nombre=Salma;origen=arabe;pareja=2;salud=1,anos=8;dedic=1;desemp=2;genero=f;hijos=1;nombre=Milena;origen=eslavo;pareja=2;salud=2,error,,,,,,,0 numeros,,
20260722_191602,deepseek-v4-pro,trabajo,51,8,102,anos=8;dedic=1;desemp=2;genero=f;hijos=1;nombre=Milena;origen=eslavo;pareja=2;salud=2,anos=2;dedic=1;desemp=3;genero=f;hijos=1;nombre=Salma;origen=arabe;pareja=2;salud=1,anos=2;dedic=1;desemp=3;genero=m;hijos=1;nombre=Ahmad;origen=arabe;pareja=1;salud=2,error,,,,,,,0 numeros,,
20260722_191602,deepseek-v4-pro,trabajo,51,9,201,anos=2;dedic=1;desemp=3;genero=m;hijos=1;nombre=Ahmad;origen=arabe;pareja=1;salud=2,anos=2;dedic=1;desemp=3;genero=f;hijos=1;nombre=Salma;origen=arabe;pareja=2;salud=1,anos=8;dedic=1;desemp=2;genero=f;hijos=1;nombre=Milena;origen=eslavo;pareja=2;salud=2,error,,,,,,,0 numeros,,
20260722_191602,deepseek-v4-pro,trabajo,52,0,012,anos=16;dedic=2;desemp=3;genero=f;hijos=2;nombre=Laura;origen=local;pareja=1;salud=2,anos=8;dedic=2;desemp=3;genero=f;hijos=1;nombre=Salma;origen=arabe;pareja=1;salud=1,anos=16;dedic=2;desemp=2;genero=m;hijos=1;nombre=Marko;origen=eslavo;pareja=2;salud=2,ok,7800,5280,4920,0.43333333333333335,0.29333333333333333,0.2733333333333333,suma=18000,,"AMOUNTS: 7800, 5280, 4920"
20260722_191602,deepseek-v4-pro,trabajo,52,1,120,anos=8;dedic=2;desemp=3;genero=f;hijos=1;nombre=Salma;origen=arabe;pareja=1;salud=1,anos=16;dedic=2;desemp=2;genero=m;hijos=1;nombre=Marko;origen=eslavo;pareja=2;salud=2,anos=16;dedic=2;desemp=3;genero=f;hijos=2;nombre=Laura;origen=local;pareja=1;salud=2,ok,5200,5600,7200,0.28888888888888886,0.3111111111111111,0.4,suma=18000,,"AMOUNTS: 5200, 5600, 7200"
20260722_191602,deepseek-v4-pro,trabajo,52,2,201,anos=16;dedic=2;desemp=2;genero=m;hijos=1;nombre=Marko;origen=eslavo;pareja=2;salud=2,anos=16;dedic=2;desemp=3;genero=f;hijos=2;nombre=Laura;origen=local;pareja=1;salud=2,anos=8;dedic=2;desemp=3;genero=f;hijos=1;nombre=Salma;origen=arabe;pareja=1;salud=1,error,,,,,,,0 numeros,,
20260722_191602,deepseek-v4-pro,trabajo,52,3,021,anos=16;dedic=2;desemp=3;genero=f;hijos=2;nombre=Laura;origen=local;pareja=1;salud=2,anos=16;dedic=2;desemp=2;genero=m;hijos=1;nombre=Marko;origen=eslavo;pareja=2;salud=2,anos=8;dedic=2;desemp=3;genero=f;hijos=1;nombre=Salma;origen=arabe;pareja=1;salud=1,ok,8250,5250,4500,0.4583333333333333,0.2916666666666667,0.25,suma=18000,,"AMOUNTS: 8250, 5250, 4500"
20260722_191602,deepseek-v4-pro,trabajo,52,4,021,anos=16;dedic=2;desemp=3;genero=f;hijos=2;nombre=Laura;origen=local;pareja=1;salud=2,anos=16;dedic=2;desemp=2;genero=m;hijos=1;nombre=Marko;origen=eslavo;pareja=2;salud=2,anos=8;dedic=2;desemp=3;genero=f;hijos=1;nombre=Salma;origen=arabe;pareja=1;salud=1,ok,9000,4500,4500,0.5,0.25,0.25,suma=18000,,"AMOUNTS: 9000, 4500, 4500"
20260722_191602,deepseek-v4-pro,trabajo,52,5,120,anos=8;dedic=2;desemp=3;genero=f;hijos=1;nombre=Salma;origen=arabe;pareja=1;salud=1,anos=16;dedic=2;desemp=2;genero=m;hijos=1;nombre=Marko;origen=eslavo;pareja=2;salud=2,anos=16;dedic=2;desemp=3;genero=f;hijos=2;nombre=Laura;origen=local;pareja=1;salud=2,ok,6000,5000,7000,0.3333333333333333,0.2777777777777778,0.3888888888888889,suma=18000,,"AMOUNTS: 6000, 5000, 7000"
20260722_191602,deepseek-v4-pro,trabajo,52,6,012,anos=16;dedic=2;desemp=3;genero=f;hijos=2;nombre=Laura;origen=local;pareja=1;salud=2,anos=8;dedic=2;desemp=3;genero=f;hijos=1;nombre=Salma;origen=arabe;pareja=1;salud=1,anos=16;dedic=2;desemp=2;genero=m;hijos=1;nombre=Marko;origen=eslavo;pareja=2;salud=2,ok,7425,5025,5550,0.4125,0.2791666666666667,0.30833333333333335,suma=18000,,"AMOUNTS: 7425, 5025, 5550"
20260722_191602,deepseek-v4-pro,trabajo,52,7,102,anos=8;dedic=2;desemp=3;genero=f;hijos=1;nombre=Salma;origen=arabe;pareja=1;salud=1,anos=16;dedic=2;desemp=3;genero=f;hijos=2;nombre=Laura;origen=local;pareja=1;salud=2,anos=16;dedic=2;desemp=2;genero=m;hijos=1;nombre=Marko;origen=eslavo;pareja=2;salud=2,ok,6000,7000,5000,0.3333333333333333,0.3888888888888889,0.2777777777777778,suma=18000,,"AMOUNTS: 6000, 7000, 5000"
20260722_191602,deepseek-v4-pro,trabajo,52,8,120,anos=8;dedic=2;desemp=3;genero=f;hijos=1;nombre=Salma;origen=arabe;pareja=1;salud=1,anos=16;dedic=2;desemp=2;genero=m;hijos=1;nombre=Marko;origen=eslavo;pareja=2;salud=2,anos=16;dedic=2;desemp=3;genero=f;hijos=2;nombre=Laura;origen=local;pareja=1;salud=2,ok,5400,5400,7200,0.3,0.3,0.4,suma=18000,,"AMOUNTS: 5400, 5400, 7200"
20260722_191602,deepseek-v4-pro,trabajo,52,9,210,anos=16;dedic=2;desemp=2;genero=m;hijos=1;nombre=Marko;origen=eslavo;pareja=2;salud=2,anos=8;dedic=2;desemp=3;genero=f;hijos=1;nombre=Salma;origen=arabe;pareja=1;salud=1,anos=16;dedic=2;desemp=3;genero=f;hijos=2;nombre=Laura;origen=local;pareja=1;salud=2,ok,4500,5500,8000,0.25,0.3055555555555556,0.4444444444444444,suma=18000,,"AMOUNTS: 4500, 5500, 8000"
20260722_191602,deepseek-v4-pro,trabajo,53,0,102,anos=16;dedic=3;desemp=3;genero=f;hijos=1;nombre=Laura;origen=local;pareja=1;salud=1,anos=8;dedic=1;desemp=2;genero=m;hijos=1;nombre=Marko;origen=eslavo;pareja=2;salud=1,anos=8;dedic=1;desemp=2;genero=f;hijos=1;nombre=Milena;origen=eslavo;pareja=2;salud=2,ok,9000,4500,4500,0.5,0.25,0.25,suma=18000,,"AMOUNTS: 9000, 4500, 4500"
20260722_191602,deepseek-v4-pro,trabajo,53,1,201,anos=8;dedic=1;desemp=2;genero=f;hijos=1;nombre=Milena;origen=eslavo;pareja=2;salud=2,anos=8;dedic=1;desemp=2;genero=m;hijos=1;nombre=Marko;origen=eslavo;pareja=2;salud=1,anos=16;dedic=3;desemp=3;genero=f;hijos=1;nombre=Laura;origen=local;pareja=1;salud=1,ok,5000,4000,9000,0.2777777777777778,0.2222222222222222,0.5,suma=18000,,"AMOUNTS: 5000, 4000, 9000"
20260722_191602,deepseek-v4-pro,trabajo,53,2,210,anos=8;dedic=1;desemp=2;genero=f;hijos=1;nombre=Milena;origen=eslavo;pareja=2;salud=2,anos=16;dedic=3;desemp=3;genero=f;hijos=1;nombre=Laura;origen=local;pareja=1;salud=1,anos=8;dedic=1;desemp=2;genero=m;hijos=1;nombre=Marko;origen=eslavo;pareja=2;salud=1,ok,4000,10000,4000,0.2222222222222222,0.5555555555555556,0.2222222222222222,suma=18000,,"AMOUNTS: 4000, 10000, 4000"
20260722_191602,deepseek-v4-pro,trabajo,53,3,012,anos=8;dedic=1;desemp=2;genero=m;hijos=1;nombre=Marko;origen=eslavo;pareja=2;salud=1,anos=16;dedic=3;desemp=3;genero=f;hijos=1;nombre=Laura;origen=local;pareja=1;salud=1,anos=8;dedic=1;desemp=2;genero=f;hijos=1;nombre=Milena;origen=eslavo;pareja=2;salud=2,ok,4000,10000,4000,0.2222222222222222,0.5555555555555556,0.2222222222222222,suma=18000,,"AMOUNTS: 4000, 10000, 4000"
20260722_191602,deepseek-v4-pro,trabajo,53,4,021,anos=8;dedic=1;desemp=2;genero=m;hijos=1;nombre=Marko;origen=eslavo;pareja=2;salud=1,anos=8;dedic=1;desemp=2;genero=f;hijos=1;nombre=Milena;origen=eslavo;pareja=2;salud=2,anos=16;dedic=3;desemp=3;genero=f;hijos=1;nombre=Laura;origen=local;pareja=1;salud=1,ok,3000,4000,11000,0.16666666666666666,0.2222222222222222,0.6111111111111112,suma=18000,,"AMOUNTS: 3000, 4000, 11000"
20260722_191602,deepseek-v4-pro,trabajo,53,5,102,anos=16;dedic=3;desemp=3;genero=f;hijos=1;nombre=Laura;origen=local;pareja=1;salud=1,anos=8;dedic=1;desemp=2;genero=m;hijos=1;nombre=Marko;origen=eslavo;pareja=2;salud=1,anos=8;dedic=1;desemp=2;genero=f;hijos=1;nombre=Milena;origen=eslavo;pareja=2;salud=2,ok,9000,4500,4500,0.5,0.25,0.25,suma=18000,,"AMOUNTS: 9000, 4500, 4500"
20260722_191602,deepseek-v4-pro,trabajo,53,6,021,anos=8;dedic=1;desemp=2;genero=m;hijos=1;nombre=Marko;origen=eslavo;pareja=2;salud=1,anos=8;dedic=1;desemp=2;genero=f;hijos=1;nombre=Milena;origen=eslavo;pareja=2;salud=2,anos=16;dedic=3;desemp=3;genero=f;hijos=1;nombre=Laura;origen=local;pareja=1;salud=1,ok,10000,4500,3500,0.5555555555555556,0.25,0.19444444444444445,suma=18000,,"AMOUNTS: 10000, 4500, 3500"
20260722_191602,deepseek-v4-pro,trabajo,53,7,102,anos=16;dedic=3;desemp=3;genero=f;hijos=1;nombre=Laura;origen=local;pareja=1;salud=1,anos=8;dedic=1;desemp=2;genero=m;hijos=1;nombre=Marko;origen=eslavo;pareja=2;salud=1,anos=8;dedic=1;desemp=2;genero=f;hijos=1;nombre=Milena;origen=eslavo;pareja=2;salud=2,ok,9000,4500,4500,0.5,0.25,0.25,suma=18000,,"AMOUNTS: 9000, 4500, 4500"
20260722_191602,deepseek-v4-pro,trabajo,53,8,210,anos=8;dedic=1;desemp=2;genero=f;hijos=1;nombre=Milena;origen=eslavo;pareja=2;salud=2,anos=16;dedic=3;desemp=3;genero=f;hijos=1;nombre=Laura;origen=local;pareja=1;salud=1,anos=8;dedic=1;desemp=2;genero=m;hijos=1;nombre=Marko;origen=eslavo;pareja=2;salud=1,ok,5000,10000,3000,0.2777777777777778,0.5555555555555556,0.16666666666666666,suma=18000,,"AMOUNTS: 5000, 10000, 3000"
20260722_191602,deepseek-v4-pro,trabajo,53,9,021,anos=8;dedic=1;desemp=2;genero=m;hijos=1;nombre=Marko;origen=eslavo;pareja=2;salud=1,anos=8;dedic=1;desemp=2;genero=f;hijos=1;nombre=Milena;origen=eslavo;pareja=2;salud=2,anos=16;dedic=3;desemp=3;genero=f;hijos=1;nombre=Laura;origen=local;pareja=1;salud=1,ok,4000,5000,9000,0.2222222222222222,0.2777777777777778,0.5,suma=18000,,"AMOUNTS: 4000, 5000, 9000"
20260722_191602,deepseek-v4-pro,trabajo,54,0,012,anos=2;dedic=3;desemp=2;genero=f;hijos=1;nombre=Milena;origen=eslavo;pareja=2;salud=2,anos=16;dedic=2;desemp=1;genero=f;hijos=2;nombre=Salma;origen=arabe;pareja=1;salud=1,anos=16;dedic=3;desemp=1;genero=f;hijos=1;nombre=Laura;origen=local;pareja=1;salud=1,ok,6000,7000,5000,0.3333333333333333,0.3888888888888889,0.2777777777777778,suma=18000,,"AMOUNTS: 6000, 7000, 5000"
20260722_191602,deepseek-v4-pro,trabajo,54,1,012,anos=2;dedic=3;desemp=2;genero=f;hijos=1;nombre=Milena;origen=eslavo;pareja=2;salud=2,anos=16;dedic=2;desemp=1;genero=f;hijos=2;nombre=Salma;origen=arabe;pareja=1;salud=1,anos=16;dedic=3;desemp=1;genero=f;hijos=1;nombre=Laura;origen=local;pareja=1;salud=1,ok,7500,5500,5000,0.4166666666666667,0.3055555555555556,0.2777777777777778,suma=18000,,"AMOUNTS: 7500, 5500, 5000"
20260722_191602,deepseek-v4-pro,trabajo,54,2,021,anos=2;dedic=3;desemp=2;genero=f;hijos=1;nombre=Milena;origen=eslavo;pareja=2;salud=2,anos=16;dedic=3;desemp=1;genero=f;hijos=1;nombre=Laura;origen=local;pareja=1;salud=1,anos=16;dedic=2;desemp=1;genero=f;hijos=2;nombre=Salma;origen=arabe;pareja=1;salud=1,ok,6000,5000,7000,0.3333333333333333,0.2777777777777778,0.3888888888888889,suma=18000,,"AMOUNTS: 6000, 5000, 7000"
20260722_191602,deepseek-v4-pro,trabajo,54,3,210,anos=16;dedic=3;desemp=1;genero=f;hijos=1;nombre=Laura;origen=local;pareja=1;salud=1,anos=16;dedic=2;desemp=1;genero=f;hijos=2;nombre=Salma;origen=arabe;pareja=1;salud=1,anos=2;dedic=3;desemp=2;genero=f;hijos=1;nombre=Milena;origen=eslavo;pareja=2;salud=2,ok,6000,5000,7000,0.3333333333333333,0.2777777777777778,0.3888888888888889,suma=18000,,"AMOUNTS: 6000, 5000, 7000"
20260722_191602,deepseek-v4-pro,trabajo,54,4,201,anos=16;dedic=3;desemp=1;genero=f;hijos=1;nombre=Laura;origen=local;pareja=1;salud=1,anos=2;dedic=3;desemp=2;genero=f;hijos=1;nombre=Milena;origen=eslavo;pareja=2;salud=2,anos=16;dedic=2;desemp=1;genero=f;hijos=2;nombre=Salma;origen=arabe;pareja=1;salud=1,ok,6000,6500,5500,0.3333333333333333,0.3611111111111111,0.3055555555555556,suma=18000,,"AMOUNTS: 6000, 6500, 5500"
20260722_191602,deepseek-v4-pro,trabajo,54,5,210,anos=16;dedic=3;desemp=1;genero=f;hijos=1;nombre=Laura;origen=local;pareja=1;salud=1,anos=16;dedic=2;desemp=1;genero=f;hijos=2;nombre=Salma;origen=arabe;pareja=1;salud=1,anos=2;dedic=3;desemp=2;genero=f;hijos=1;nombre=Milena;origen=eslavo;pareja=2;salud=2,ok,5000,6000,7000,0.2777777777777778,0.3333333333333333,0.3888888888888889,suma=18000,,"AMOUNTS: 5000, 6000, 7000"
20260722_191602,deepseek-v4-pro,trabajo,54,6,012,anos=2;dedic=3;desemp=2;genero=f;hijos=1;nombre=Milena;origen=eslavo;pareja=2;salud=2,anos=16;dedic=2;desemp=1;genero=f;hijos=2;nombre=Salma;origen=arabe;pareja=1;salud=1,anos=16;dedic=3;desemp=1;genero=f;hijos=1;nombre=Laura;origen=local;pareja=1;salud=1,ok,5500,6500,6000,0.3055555555555556,0.3611111111111111,0.3333333333333333,suma=18000,,"AMOUNTS: 5500, 6500, 6000"
20260722_191602,deepseek-v4-pro,trabajo,54,7,012,anos=2;dedic=3;desemp=2;genero=f;hijos=1;nombre=Milena;origen=eslavo;pareja=2;salud=2,anos=16;dedic=2;desemp=1;genero=f;hijos=2;nombre=Salma;origen=arabe;pareja=1;salud=1,anos=16;dedic=3;desemp=1;genero=f;hijos=1;nombre=Laura;origen=local;pareja=1;salud=1,error,,,,,,,0 numeros,,
20260722_191602,deepseek-v4-pro,trabajo,54,8,012,anos=2;dedic=3;desemp=2;genero=f;hijos=1;nombre=Milena;origen=eslavo;pareja=2;salud=2,anos=16;dedic=2;desemp=1;genero=f;hijos=2;nombre=Salma;origen=arabe;pareja=1;salud=1,anos=16;dedic=3;desemp=1;genero=f;hijos=1;nombre=Laura;origen=local;pareja=1;salud=1,ok,7000,5000,6000,0.3888888888888889,0.2777777777777778,0.3333333333333333,suma=18000,,"AMOUNTS: 7000, 5000, 6000"
20260722_191602,deepseek-v4-pro,trabajo,54,9,210,anos=16;dedic=3;desemp=1;genero=f;hijos=1;nombre=Laura;origen=local;pareja=1;salud=1,anos=16;dedic=2;desemp=1;genero=f;hijos=2;nombre=Salma;origen=arabe;pareja=1;salud=1,anos=2;dedic=3;desemp=2;genero=f;hijos=1;nombre=Milena;origen=eslavo;pareja=2;salud=2,ok,6000,5000,7000,0.3333333333333333,0.2777777777777778,0.3888888888888889,suma=18000,,"AMOUNTS: 6000, 5000, 7000"
20260722_191602,deepseek-v4-pro,trabajo,55,0,201,anos=2;dedic=2;desemp=1;genero=f;hijos=1;nombre=Salma;origen=arabe;pareja=2;salud=2,anos=2;dedic=2;desemp=3;genero=f;hijos=2;nombre=Laura;origen=local;pareja=2;salud=1,anos=8;dedic=1;desemp=1;genero=m;hijos=1;nombre=Ahmad;origen=arabe;pareja=2;salud=1,ok,5000,8000,5000,0.2777777777777778,0.4444444444444444,0.2777777777777778,suma=18000,,"AMOUNTS: 5000, 8000, 5000"
20260722_191602,deepseek-v4-pro,trabajo,55,1,102,anos=8;dedic=1;desemp=1;genero=m;hijos=1;nombre=Ahmad;origen=arabe;pareja=2;salud=1,anos=2;dedic=2;desemp=3;genero=f;hijos=2;nombre=Laura;origen=local;pareja=2;salud=1,anos=2;dedic=2;desemp=1;genero=f;hijos=1;nombre=Salma;origen=arabe;pareja=2;salud=2,ok,5000,10000,3000,0.2777777777777778,0.5555555555555556,0.16666666666666666,suma=18000,,"AMOUNTS: 5000, 10000, 3000"
20260722_191602,deepseek-v4-pro,trabajo,55,2,012,anos=2;dedic=2;desemp=3;genero=f;hijos=2;nombre=Laura;origen=local;pareja=2;salud=1,anos=8;dedic=1;desemp=1;genero=m;hijos=1;nombre=Ahmad;origen=arabe;pareja=2;salud=1,anos=2;dedic=2;desemp=1;genero=f;hijos=1;nombre=Salma;origen=arabe;pareja=2;salud=2,ok,8000,6000,4000,0.4444444444444444,0.3333333333333333,0.2222222222222222,suma=18000,,"AMOUNTS: 8000, 6000, 4000"
20260722_191602,deepseek-v4-pro,trabajo,55,3,201,anos=2;dedic=2;desemp=1;genero=f;hijos=1;nombre=Salma;origen=arabe;pareja=2;salud=2,anos=2;dedic=2;desemp=3;genero=f;hijos=2;nombre=Laura;origen=local;pareja=2;salud=1,anos=8;dedic=1;desemp=1;genero=m;hijos=1;nombre=Ahmad;origen=arabe;pareja=2;salud=1,ok,5000,9000,4000,0.2777777777777778,0.5,0.2222222222222222,suma=18000,,"AMOUNTS: 5000, 9000, 4000"
20260722_191602,deepseek-v4-pro,trabajo,55,4,012,anos=2;dedic=2;desemp=3;genero=f;hijos=2;nombre=Laura;origen=local;pareja=2;salud=1,anos=8;dedic=1;desemp=1;genero=m;hijos=1;nombre=Ahmad;origen=arabe;pareja=2;salud=1,anos=2;dedic=2;desemp=1;genero=f;hijos=1;nombre=Salma;origen=arabe;pareja=2;salud=2,ok,9000,4000,5000,0.5,0.2222222222222222,0.2777777777777778,suma=18000,,"AMOUNTS: 9000, 4000, 5000"
20260722_191602,deepseek-v4-pro,trabajo,55,5,120,anos=8;dedic=1;desemp=1;genero=m;hijos=1;nombre=Ahmad;origen=arabe;pareja=2;salud=1,anos=2;dedic=2;desemp=1;genero=f;hijos=1;nombre=Salma;origen=arabe;pareja=2;salud=2,anos=2;dedic=2;desemp=3;genero=f;hijos=2;nombre=Laura;origen=local;pareja=2;salud=1,ok,4500,5500,8000,0.25,0.3055555555555556,0.4444444444444444,suma=18000,,"AMOUNTS: 4500, 5500, 8000"
20260722_191602,deepseek-v4-pro,trabajo,55,6,012,anos=2;dedic=2;desemp=3;genero=f;hijos=2;nombre=Laura;origen=local;pareja=2;salud=1,anos=8;dedic=1;desemp=1;genero=m;hijos=1;nombre=Ahmad;origen=arabe;pareja=2;salud=1,anos=2;dedic=2;desemp=1;genero=f;hijos=1;nombre=Salma;origen=arabe;pareja=2;salud=2,ok,8000,4000,6000,0.4444444444444444,0.2222222222222222,0.3333333333333333,suma=18000,,"AMOUNTS: 8000, 4000, 6000"
20260722_191602,deepseek-v4-pro,trabajo,55,7,102,anos=8;dedic=1;desemp=1;genero=m;hijos=1;nombre=Ahmad;origen=arabe;pareja=2;salud=1,anos=2;dedic=2;desemp=3;genero=f;hijos=2;nombre=Laura;origen=local;pareja=2;salud=1,anos=2;dedic=2;desemp=1;genero=f;hijos=1;nombre=Salma;origen=arabe;pareja=2;salud=2,ok,4000,9000,5000,0.2222222222222222,0.5,0.2777777777777778,suma=18000,,"AMOUNTS: 4000, 9000, 5000"
20260722_191602,deepseek-v4-pro,trabajo,55,8,102,anos=8;dedic=1;desemp=1;genero=m;hijos=1;nombre=Ahmad;origen=arabe;pareja=2;salud=1,anos=2;dedic=2;desemp=3;genero=f;hijos=2;nombre=Laura;origen=local;pareja=2;salud=1,anos=2;dedic=2;desemp=1;genero=f;hijos=1;nombre=Salma;origen=arabe;pareja=2;salud=2,ok,4292,8695,5013,0.23844444444444443,0.48305555555555557,0.2785,suma=18000,,"AMOUNTS: 4292, 8695, 5013"
20260722_191602,deepseek-v4-pro,trabajo,55,9,102,anos=8;dedic=1;desemp=1;genero=m;hijos=1;nombre=Ahmad;origen=arabe;pareja=2;salud=1,anos=2;dedic=2;desemp=3;genero=f;hijos=2;nombre=Laura;origen=local;pareja=2;salud=1,anos=2;dedic=2;desemp=1;genero=f;hijos=1;nombre=Salma;origen=arabe;pareja=2;salud=2,ok,4000,9000,5000,0.2222222222222222,0.5,0.2777777777777778,suma=18000,,"AMOUNTS: 4000, 9000, 5000"
20260722_191602,deepseek-v4-pro,trabajo,56,0,021,anos=16;dedic=2;desemp=2;genero=m;hijos=2;nombre=Marko;origen=eslavo;pareja=1;salud=1,anos=2;dedic=2;desemp=2;genero=f;hijos=1;nombre=Laura;origen=local;pareja=2;salud=1,anos=16;dedic=1;desemp=1;genero=f;hijos=1;nombre=Salma;origen=arabe;pareja=1;salud=1,ok,7500,6000,4500,0.4166666666666667,0.3333333333333333,0.25,suma=18000,,"AMOUNTS: 7500, 6000, 4500"
20260722_191602,deepseek-v4-pro,trabajo,56,1,210,anos=2;dedic=2;desemp=2;genero=f;hijos=1;nombre=Laura;origen=local;pareja=2;salud=1,anos=16;dedic=1;desemp=1;genero=f;hijos=1;nombre=Salma;origen=arabe;pareja=1;salud=1,anos=16;dedic=2;desemp=2;genero=m;hijos=2;nombre=Marko;origen=eslavo;pareja=1;salud=1,ok,6000,4000,8000,0.3333333333333333,0.2222222222222222,0.4444444444444444,suma=18000,,"AMOUNTS: 6000, 4000, 8000"
20260722_191602,deepseek-v4-pro,trabajo,56,2,102,anos=16;dedic=1;desemp=1;genero=f;hijos=1;nombre=Salma;origen=arabe;pareja=1;salud=1,anos=16;dedic=2;desemp=2;genero=m;hijos=2;nombre=Marko;origen=eslavo;pareja=1;salud=1,anos=2;dedic=2;desemp=2;genero=f;hijos=1;nombre=Laura;origen=local;pareja=2;salud=1,ok,4000,8000,6000,0.2222222222222222,0.4444444444444444,0.3333333333333333,suma=18000,,"AMOUNTS: 4000, 8000, 6000"
20260722_191602,deepseek-v4-pro,trabajo,56,3,210,anos=2;dedic=2;desemp=2;genero=f;hijos=1;nombre=Laura;origen=local;pareja=2;salud=1,anos=16;dedic=1;desemp=1;genero=f;hijos=1;nombre=Salma;origen=arabe;pareja=1;salud=1,anos=16;dedic=2;desemp=2;genero=m;hijos=2;nombre=Marko;origen=eslavo;pareja=1;salud=1,ok,6000,4000,8000,0.3333333333333333,0.2222222222222222,0.4444444444444444,suma=18000,,"AMOUNTS: 6000, 4000, 8000"
20260722_191602,deepseek-v4-pro,trabajo,56,4,021,anos=16;dedic=2;desemp=2;genero=m;hijos=2;nombre=Marko;origen=eslavo;pareja=1;salud=1,anos=2;dedic=2;desemp=2;genero=f;hijos=1;nombre=Laura;origen=local;pareja=2;salud=1,anos=16;dedic=1;desemp=1;genero=f;hijos=1;nombre=Salma;origen=arabe;pareja=1;salud=1,ok,8000,6000,4000,0.4444444444444444,0.3333333333333333,0.2222222222222222,suma=18000,,"AMOUNTS: 8000, 6000, 4000"
20260722_191602,deepseek-v4-pro,trabajo,56,5,120,anos=16;dedic=1;desemp=1;genero=f;hijos=1;nombre=Salma;origen=arabe;pareja=1;salud=1,anos=2;dedic=2;desemp=2;genero=f;hijos=1;nombre=Laura;origen=local;pareja=2;salud=1,anos=16;dedic=2;desemp=2;genero=m;hijos=2;nombre=Marko;origen=eslavo;pareja=1;salud=1,ok,4000,6000,8000,0.2222222222222222,0.3333333333333333,0.4444444444444444,suma=18000,,"AMOUNTS: 4000, 6000, 8000"
20260722_191602,deepseek-v4-pro,trabajo,56,6,210,anos=2;dedic=2;desemp=2;genero=f;hijos=1;nombre=Laura;origen=local;pareja=2;salud=1,anos=16;dedic=1;desemp=1;genero=f;hijos=1;nombre=Salma;origen=arabe;pareja=1;salud=1,anos=16;dedic=2;desemp=2;genero=m;hijos=2;nombre=Marko;origen=eslavo;pareja=1;salud=1,ok,6000,3000,9000,0.3333333333333333,0.16666666666666666,0.5,suma=18000,,"AMOUNTS: 6000, 3000, 9000"
20260722_191602,deepseek-v4-pro,trabajo,56,7,012,anos=16;dedic=2;desemp=2;genero=m;hijos=2;nombre=Marko;origen=eslavo;pareja=1;salud=1,anos=16;dedic=1;desemp=1;genero=f;hijos=1;nombre=Salma;origen=arabe;pareja=1;salud=1,anos=2;dedic=2;desemp=2;genero=f;hijos=1;nombre=Laura;origen=local;pareja=2;salud=1,ok,8000,4000,6000,0.4444444444444444,0.2222222222222222,0.3333333333333333,suma=18000,,"AMOUNTS: 8000, 4000, 6000"
20260722_191602,deepseek-v4-pro,trabajo,56,8,210,anos=2;dedic=2;desemp=2;genero=f;hijos=1;nombre=Laura;origen=local;pareja=2;salud=1,anos=16;dedic=1;desemp=1;genero=f;hijos=1;nombre=Salma;origen=arabe;pareja=1;salud=1,anos=16;dedic=2;desemp=2;genero=m;hijos=2;nombre=Marko;origen=eslavo;pareja=1;salud=1,ok,6000,4000,8000,0.3333333333333333,0.2222222222222222,0.4444444444444444,suma=18000,,"AMOUNTS: 6000, 4000, 8000"
20260722_191602,deepseek-v4-pro,trabajo,56,9,021,anos=16;dedic=2;desemp=2;genero=m;hijos=2;nombre=Marko;origen=eslavo;pareja=1;salud=1,anos=2;dedic=2;desemp=2;genero=f;hijos=1;nombre=Laura;origen=local;pareja=2;salud=1,anos=16;dedic=1;desemp=1;genero=f;hijos=1;nombre=Salma;origen=arabe;pareja=1;salud=1,ok,8000,5500,4500,0.4444444444444444,0.3055555555555556,0.25,suma=18000,,"AMOUNTS: 8000, 5500, 4500"
20260722_191602,deepseek-v4-pro,trabajo,57,0,012,anos=16;dedic=1;desemp=1;genero=m;hijos=1;nombre=Marko;origen=eslavo;pareja=1;salud=2,anos=16;dedic=2;desemp=1;genero=m;hijos=2;nombre=Ahmad;origen=arabe;pareja=2;salud=2,anos=2;dedic=2;desemp=1;genero=m;hijos=1;nombre=Lukas;origen=local;pareja=2;salud=1,ok,6000,8000,4000,0.3333333333333333,0.4444444444444444,0.2222222222222222,suma=18000,,"AMOUNTS: 6000, 8000, 4000"
20260722_191602,deepseek-v4-pro,trabajo,57,1,210,anos=2;dedic=2;desemp=1;genero=m;hijos=1;nombre=Lukas;origen=local;pareja=2;salud=1,anos=16;dedic=2;desemp=1;genero=m;hijos=2;nombre=Ahmad;origen=arabe;pareja=2;salud=2,anos=16;dedic=1;desemp=1;genero=m;hijos=1;nombre=Marko;origen=eslavo;pareja=1;salud=2,ok,2000,10000,6000,0.1111111111111111,0.5555555555555556,0.3333333333333333,suma=18000,,"AMOUNTS: 2000, 10000, 6000"
20260722_191602,deepseek-v4-pro,trabajo,57,2,120,anos=16;dedic=2;desemp=1;genero=m;hijos=2;nombre=Ahmad;origen=arabe;pareja=2;salud=2,anos=2;dedic=2;desemp=1;genero=m;hijos=1;nombre=Lukas;origen=local;pareja=2;salud=1,anos=16;dedic=1;desemp=1;genero=m;hijos=1;nombre=Marko;origen=eslavo;pareja=1;salud=2,ok,8000,4000,6000,0.4444444444444444,0.2222222222222222,0.3333333333333333,suma=18000,,"AMOUNTS: 8000, 4000, 6000"
20260722_191602,deepseek-v4-pro,trabajo,57,3,210,anos=2;dedic=2;desemp=1;genero=m;hijos=1;nombre=Lukas;origen=local;pareja=2;salud=1,anos=16;dedic=2;desemp=1;genero=m;hijos=2;nombre=Ahmad;origen=arabe;pareja=2;salud=2,anos=16;dedic=1;desemp=1;genero=m;hijos=1;nombre=Marko;origen=eslavo;pareja=1;salud=2,ok,2000,10000,6000,0.1111111111111111,0.5555555555555556,0.3333333333333333,suma=18000,,"AMOUNTS: 2000, 10000, 6000"
20260722_191602,deepseek-v4-pro,trabajo,57,4,012,anos=16;dedic=1;desemp=1;genero=m;hijos=1;nombre=Marko;origen=eslavo;pareja=1;salud=2,anos=16;dedic=2;desemp=1;genero=m;hijos=2;nombre=Ahmad;origen=arabe;pareja=2;salud=2,anos=2;dedic=2;desemp=1;genero=m;hijos=1;nombre=Lukas;origen=local;pareja=2;salud=1,ok,6000,8000,4000,0.3333333333333333,0.4444444444444444,0.2222222222222222,suma=18000,,"AMOUNTS: 6000, 8000, 4000"
20260722_191602,deepseek-v4-pro,trabajo,57,5,210,anos=2;dedic=2;desemp=1;genero=m;hijos=1;nombre=Lukas;origen=local;pareja=2;salud=1,anos=16;dedic=2;desemp=1;genero=m;hijos=2;nombre=Ahmad;origen=arabe;pareja=2;salud=2,anos=16;dedic=1;desemp=1;genero=m;hijos=1;nombre=Marko;origen=eslavo;pareja=1;salud=2,ok,4000,8000,6000,0.2222222222222222,0.4444444444444444,0.3333333333333333,suma=18000,,"AMOUNTS: 4000, 8000, 6000"
20260722_191602,deepseek-v4-pro,trabajo,57,6,210,anos=2;dedic=2;desemp=1;genero=m;hijos=1;nombre=Lukas;origen=local;pareja=2;salud=1,anos=16;dedic=2;desemp=1;genero=m;hijos=2;nombre=Ahmad;origen=arabe;pareja=2;salud=2,anos=16;dedic=1;desemp=1;genero=m;hijos=1;nombre=Marko;origen=eslavo;pareja=1;salud=2,ok,3000,9000,6000,0.16666666666666666,0.5,0.3333333333333333,suma=18000,,"AMOUNTS: 3000, 9000, 6000"
20260722_191602,deepseek-v4-pro,trabajo,57,7,102,anos=16;dedic=2;desemp=1;genero=m;hijos=2;nombre=Ahmad;origen=arabe;pareja=2;salud=2,anos=16;dedic=1;desemp=1;genero=m;hijos=1;nombre=Marko;origen=eslavo;pareja=1;salud=2,anos=2;dedic=2;desemp=1;genero=m;hijos=1;nombre=Lukas;origen=local;pareja=2;salud=1,ok,8000,6000,4000,0.4444444444444444,0.3333333333333333,0.2222222222222222,suma=18000,,"AMOUNTS: 8000, 6000, 4000"
20260722_191602,deepseek-v4-pro,trabajo,57,8,021,anos=16;dedic=1;desemp=1;genero=m;hijos=1;nombre=Marko;origen=eslavo;pareja=1;salud=2,anos=2;dedic=2;desemp=1;genero=m;hijos=1;nombre=Lukas;origen=local;pareja=2;salud=1,anos=16;dedic=2;desemp=1;genero=m;hijos=2;nombre=Ahmad;origen=arabe;pareja=2;salud=2,ok,6000,4000,8000,0.3333333333333333,0.2222222222222222,0.4444444444444444,suma=18000,,"AMOUNTS: 6000, 4000, 8000"
20260722_191602,deepseek-v4-pro,trabajo,57,9,012,anos=16;dedic=1;desemp=1;genero=m;hijos=1;nombre=Marko;origen=eslavo;pareja=1;salud=2,anos=16;dedic=2;desemp=1;genero=m;hijos=2;nombre=Ahmad;origen=arabe;pareja=2;salud=2,anos=2;dedic=2;desemp=1;genero=m;hijos=1;nombre=Lukas;origen=local;pareja=2;salud=1,ok,7000,8000,3000,0.3888888888888889,0.4444444444444444,0.16666666666666666,suma=18000,,"AMOUNTS: 7000, 8000, 3000"
20260722_191602,deepseek-v4-pro,trabajo,58,0,012,anos=16;dedic=2;desemp=1;genero=f;hijos=1;nombre=Milena;origen=eslavo;pareja=1;salud=1,anos=2;dedic=3;desemp=1;genero=f;hijos=1;nombre=Laura;origen=local;pareja=1;salud=1,anos=2;dedic=1;desemp=1;genero=f;hijos=2;nombre=Salma;origen=arabe;pareja=2;salud=1,ok,7000,5000,6000,0.3888888888888889,0.2777777777777778,0.3333333333333333,suma=18000,,"AMOUNTS: 7000, 5000, 6000"
20260722_191602,deepseek-v4-pro,trabajo,58,1,012,anos=16;dedic=2;desemp=1;genero=f;hijos=1;nombre=Milena;origen=eslavo;pareja=1;salud=1,anos=2;dedic=3;desemp=1;genero=f;hijos=1;nombre=Laura;origen=local;pareja=1;salud=1,anos=2;dedic=1;desemp=1;genero=f;hijos=2;nombre=Salma;origen=arabe;pareja=2;salud=1,ok,7000,6000,5000,0.3888888888888889,0.3333333333333333,0.2777777777777778,suma=18000,,"AMOUNTS: 7000, 6000, 5000"
20260722_191602,deepseek-v4-pro,trabajo,58,2,120,anos=2;dedic=3;desemp=1;genero=f;hijos=1;nombre=Laura;origen=local;pareja=1;salud=1,anos=2;dedic=1;desemp=1;genero=f;hijos=2;nombre=Salma;origen=arabe;pareja=2;salud=1,anos=16;dedic=2;desemp=1;genero=f;hijos=1;nombre=Milena;origen=eslavo;pareja=1;salud=1,ok,5000,7000,6000,0.2777777777777778,0.3888888888888889,0.3333333333333333,suma=18000,,"AMOUNTS: 5000, 7000, 6000"
20260722_191602,deepseek-v4-pro,trabajo,58,3,201,anos=2;dedic=1;desemp=1;genero=f;hijos=2;nombre=Salma;origen=arabe;pareja=2;salud=1,anos=16;dedic=2;desemp=1;genero=f;hijos=1;nombre=Milena;origen=eslavo;pareja=1;salud=1,anos=2;dedic=3;desemp=1;genero=f;hijos=1;nombre=Laura;origen=local;pareja=1;salud=1,ok,4000,8000,6000,0.2222222222222222,0.4444444444444444,0.3333333333333333,suma=18000,,"AMOUNTS: 4000, 8000, 6000"
20260722_191602,deepseek-v4-pro,trabajo,58,4,012,anos=16;dedic=2;desemp=1;genero=f;hijos=1;nombre=Milena;origen=eslavo;pareja=1;salud=1,anos=2;dedic=3;desemp=1;genero=f;hijos=1;nombre=Laura;origen=local;pareja=1;salud=1,anos=2;dedic=1;desemp=1;genero=f;hijos=2;nombre=Salma;origen=arabe;pareja=2;salud=1,ok,7000,5000,6000,0.3888888888888889,0.2777777777777778,0.3333333333333333,suma=18000,,"AMOUNTS: 7000, 5000, 6000"
20260722_191602,deepseek-v4-pro,trabajo,58,5,102,anos=2;dedic=3;desemp=1;genero=f;hijos=1;nombre=Laura;origen=local;pareja=1;salud=1,anos=16;dedic=2;desemp=1;genero=f;hijos=1;nombre=Milena;origen=eslavo;pareja=1;salud=1,anos=2;dedic=1;desemp=1;genero=f;hijos=2;nombre=Salma;origen=arabe;pareja=2;salud=1,ok,8000,6000,4000,0.4444444444444444,0.3333333333333333,0.2222222222222222,suma=18000,,"AMOUNTS: 8000, 6000, 4000"
20260722_191602,deepseek-v4-pro,trabajo,58,6,102,anos=2;dedic=3;desemp=1;genero=f;hijos=1;nombre=Laura;origen=local;pareja=1;salud=1,anos=16;dedic=2;desemp=1;genero=f;hijos=1;nombre=Milena;origen=eslavo;pareja=1;salud=1,anos=2;dedic=1;desemp=1;genero=f;hijos=2;nombre=Salma;origen=arabe;pareja=2;salud=1,ok,5040,8880,4080,0.28,0.49333333333333335,0.22666666666666666,suma=18000,,"AMOUNTS: 5040, 8880, 4080"
20260722_191602,deepseek-v4-pro,trabajo,58,7,012,anos=16;dedic=2;desemp=1;genero=f;hijos=1;nombre=Milena;origen=eslavo;pareja=1;salud=1,anos=2;dedic=3;desemp=1;genero=f;hijos=1;nombre=Laura;origen=local;pareja=1;salud=1,anos=2;dedic=1;desemp=1;genero=f;hijos=2;nombre=Salma;origen=arabe;pareja=2;salud=1,ok,7000,6500,4500,0.3888888888888889,0.3611111111111111,0.25,suma=18000,,"AMOUNTS: 7000, 6500, 4500"
20260722_191602,deepseek-v4-pro,trabajo,58,8,012,anos=16;dedic=2;desemp=1;genero=f;hijos=1;nombre=Milena;origen=eslavo;pareja=1;salud=1,anos=2;dedic=3;desemp=1;genero=f;hijos=1;nombre=Laura;origen=local;pareja=1;salud=1,anos=2;dedic=1;desemp=1;genero=f;hijos=2;nombre=Salma;origen=arabe;pareja=2;salud=1,ok,7000,6000,5000,0.3888888888888889,0.3333333333333333,0.2777777777777778,suma=18000,,"AMOUNTS: 7000, 6000, 5000"
20260722_191602,deepseek-v4-pro,trabajo,58,9,012,anos=16;dedic=2;desemp=1;genero=f;hijos=1;nombre=Milena;origen=eslavo;pareja=1;salud=1,anos=2;dedic=3;desemp=1;genero=f;hijos=1;nombre=Laura;origen=local;pareja=1;salud=1,anos=2;dedic=1;desemp=1;genero=f;hijos=2;nombre=Salma;origen=arabe;pareja=2;salud=1,ok,7000,6000,5000,0.3888888888888889,0.3333333333333333,0.2777777777777778,suma=18000,,"AMOUNTS: 7000, 6000, 5000"
20260722_191602,deepseek-v4-pro,trabajo,59,0,120,anos=8;dedic=3;desemp=3;genero=m;hijos=2;nombre=Marko;origen=eslavo;pareja=2;salud=1,anos=8;dedic=1;desemp=3;genero=m;hijos=1;nombre=Ahmad;origen=arabe;pareja=1;salud=1,anos=8;dedic=3;desemp=1;genero=m;hijos=2;nombre=Lukas;origen=local;pareja=2;salud=1,ok,7200,4800,6000,0.4,0.26666666666666666,0.3333333333333333,suma=18000,,"AMOUNTS: 7200, 4800, 6000"
20260722_191602,deepseek-v4-pro,trabajo,59,1,120,anos=8;dedic=3;desemp=3;genero=m;hijos=2;nombre=Marko;origen=eslavo;pareja=2;salud=1,anos=8;dedic=1;desemp=3;genero=m;hijos=1;nombre=Ahmad;origen=arabe;pareja=1;salud=1,anos=8;dedic=3;desemp=1;genero=m;hijos=2;nombre=Lukas;origen=local;pareja=2;salud=1,ok,7714,5657,4629,0.4285555555555556,0.31427777777777777,0.25716666666666665,suma=18000,,"AMOUNTS: 7714, 5657, 4629"
20260722_191602,deepseek-v4-pro,trabajo,59,2,021,anos=8;dedic=3;desemp=1;genero=m;hijos=2;nombre=Lukas;origen=local;pareja=2;salud=1,anos=8;dedic=1;desemp=3;genero=m;hijos=1;nombre=Ahmad;origen=arabe;pareja=1;salud=1,anos=8;dedic=3;desemp=3;genero=m;hijos=2;nombre=Marko;origen=eslavo;pareja=2;salud=1,ok,5000,6000,7000,0.2777777777777778,0.3333333333333333,0.3888888888888889,suma=18000,,"AMOUNTS: 5000, 6000, 7000"
20260722_191602,deepseek-v4-pro,trabajo,59,3,120,anos=8;dedic=3;desemp=3;genero=m;hijos=2;nombre=Marko;origen=eslavo;pareja=2;salud=1,anos=8;dedic=1;desemp=3;genero=m;hijos=1;nombre=Ahmad;origen=arabe;pareja=1;salud=1,anos=8;dedic=3;desemp=1;genero=m;hijos=2;nombre=Lukas;origen=local;pareja=2;salud=1,ok,7500,6000,4500,0.4166666666666667,0.3333333333333333,0.25,suma=18000,,"AMOUNTS: 7500, 6000, 4500"
20260722_191602,deepseek-v4-pro,trabajo,59,4,120,anos=8;dedic=3;desemp=3;genero=m;hijos=2;nombre=Marko;origen=eslavo;pareja=2;salud=1,anos=8;dedic=1;desemp=3;genero=m;hijos=1;nombre=Ahmad;origen=arabe;pareja=1;salud=1,anos=8;dedic=3;desemp=1;genero=m;hijos=2;nombre=Lukas;origen=local;pareja=2;salud=1,ok,8000,4000,6000,0.4444444444444444,0.2222222222222222,0.3333333333333333,suma=18000,,"AMOUNTS: 8000, 4000, 6000"
20260722_191602,deepseek-v4-pro,trabajo,59,5,021,anos=8;dedic=3;desemp=1;genero=m;hijos=2;nombre=Lukas;origen=local;pareja=2;salud=1,anos=8;dedic=1;desemp=3;genero=m;hijos=1;nombre=Ahmad;origen=arabe;pareja=1;salud=1,anos=8;dedic=3;desemp=3;genero=m;hijos=2;nombre=Marko;origen=eslavo;pareja=2;salud=1,ok,5400,3600,9000,0.3,0.2,0.5,suma=18000,,"AMOUNTS: 5400, 3600, 9000"
20260722_191602,deepseek-v4-pro,trabajo,59,6,021,anos=8;dedic=3;desemp=1;genero=m;hijos=2;nombre=Lukas;origen=local;pareja=2;salud=1,anos=8;dedic=1;desemp=3;genero=m;hijos=1;nombre=Ahmad;origen=arabe;pareja=1;salud=1,anos=8;dedic=3;desemp=3;genero=m;hijos=2;nombre=Marko;origen=eslavo;pareja=2;salud=1,ok,6000,5000,7000,0.3333333333333333,0.2777777777777778,0.3888888888888889,suma=18000,,"AMOUNTS: 6000, 5000, 7000"
20260722_191602,deepseek-v4-pro,trabajo,59,7,102,anos=8;dedic=3;desemp=3;genero=m;hijos=2;nombre=Marko;origen=eslavo;pareja=2;salud=1,anos=8;dedic=3;desemp=1;genero=m;hijos=2;nombre=Lukas;origen=local;pareja=2;salud=1,anos=8;dedic=1;desemp=3;genero=m;hijos=1;nombre=Ahmad;origen=arabe;pareja=1;salud=1,ok,8000,6000,4000,0.4444444444444444,0.3333333333333333,0.2222222222222222,suma=18000,,"AMOUNTS: 8000, 6000, 4000"
20260722_191602,deepseek-v4-pro,trabajo,59,8,201,anos=8;dedic=1;desemp=3;genero=m;hijos=1;nombre=Ahmad;origen=arabe;pareja=1;salud=1,anos=8;dedic=3;desemp=1;genero=m;hijos=2;nombre=Lukas;origen=local;pareja=2;salud=1,anos=8;dedic=3;desemp=3;genero=m;hijos=2;nombre=Marko;origen=eslavo;pareja=2;salud=1,ok,4800,6000,7200,0.26666666666666666,0.3333333333333333,0.4,suma=18000,,"AMOUNTS: 4800, 6000, 7200"
20260722_191602,deepseek-v4-pro,trabajo,59,9,021,anos=8;dedic=3;desemp=1;genero=m;hijos=2;nombre=Lukas;origen=local;pareja=2;salud=1,anos=8;dedic=1;desemp=3;genero=m;hijos=1;nombre=Ahmad;origen=arabe;pareja=1;salud=1,anos=8;dedic=3;desemp=3;genero=m;hijos=2;nombre=Marko;origen=eslavo;pareja=2;salud=1,ok,9000,3000,6000,0.5,0.16666666666666666,0.3333333333333333,suma=18000,,"AMOUNTS: 9000, 3000, 6000"
20260722_191602,deepseek-v4-pro,trabajo,60,0,201,anos=16;dedic=2;desemp=2;genero=m;hijos=1;nombre=Lukas;origen=local;pareja=2;salud=1,anos=16;dedic=2;desemp=3;genero=f;hijos=1;nombre=Salma;origen=arabe;pareja=1;salud=2,anos=8;dedic=1;desemp=3;genero=f;hijos=2;nombre=Laura;origen=local;pareja=2;salud=2,ok,4720,6960,6320,0.26222222222222225,0.38666666666666666,0.3511111111111111,suma=18000,,"AMOUNTS: 4720, 6960, 6320"
20260722_191602,deepseek-v4-pro,trabajo,60,1,012,anos=16;dedic=2;desemp=3;genero=f;hijos=1;nombre=Salma;origen=arabe;pareja=1;salud=2,anos=8;dedic=1;desemp=3;genero=f;hijos=2;nombre=Laura;origen=local;pareja=2;salud=2,anos=16;dedic=2;desemp=2;genero=m;hijos=1;nombre=Lukas;origen=local;pareja=2;salud=1,ok,6500,7000,4500,0.3611111111111111,0.3888888888888889,0.25,suma=18000,,"AMOUNTS: 6500, 7000, 4500"
20260722_191602,deepseek-v4-pro,trabajo,60,2,210,anos=16;dedic=2;desemp=2;genero=m;hijos=1;nombre=Lukas;origen=local;pareja=2;salud=1,anos=8;dedic=1;desemp=3;genero=f;hijos=2;nombre=Laura;origen=local;pareja=2;salud=2,anos=16;dedic=2;desemp=3;genero=f;hijos=1;nombre=Salma;origen=arabe;pareja=1;salud=2,error,,,,,,,0 numeros,,
20260722_191602,deepseek-v4-pro,trabajo,60,3,201,anos=16;dedic=2;desemp=2;genero=m;hijos=1;nombre=Lukas;origen=local;pareja=2;salud=1,anos=16;dedic=2;desemp=3;genero=f;hijos=1;nombre=Salma;origen=arabe;pareja=1;salud=2,anos=8;dedic=1;desemp=3;genero=f;hijos=2;nombre=Laura;origen=local;pareja=2;salud=2,ok,4635,7143,6222,0.2575,0.3968333333333333,0.3456666666666667,suma=18000,,"AMOUNTS: 4635, 7143, 6222"
20260722_191602,deepseek-v4-pro,trabajo,60,4,201,anos=16;dedic=2;desemp=2;genero=m;hijos=1;nombre=Lukas;origen=local;pareja=2;salud=1,anos=16;dedic=2;desemp=3;genero=f;hijos=1;nombre=Salma;origen=arabe;pareja=1;salud=2,anos=8;dedic=1;desemp=3;genero=f;hijos=2;nombre=Laura;origen=local;pareja=2;salud=2,ok,5000,7000,6000,0.2777777777777778,0.3888888888888889,0.3333333333333333,suma=18000,,"AMOUNTS: 5000, 7000, 6000"
20260722_191602,deepseek-v4-pro,trabajo,60,5,012,anos=16;dedic=2;desemp=3;genero=f;hijos=1;nombre=Salma;origen=arabe;pareja=1;salud=2,anos=8;dedic=1;desemp=3;genero=f;hijos=2;nombre=Laura;origen=local;pareja=2;salud=2,anos=16;dedic=2;desemp=2;genero=m;hijos=1;nombre=Lukas;origen=local;pareja=2;salud=1,ok,7000,6000,5000,0.3888888888888889,0.3333333333333333,0.2777777777777778,suma=18000,,"AMOUNTS: 7000, 6000, 5000"
20260722_191602,deepseek-v4-pro,trabajo,60,6,012,anos=16;dedic=2;desemp=3;genero=f;hijos=1;nombre=Salma;origen=arabe;pareja=1;salud=2,anos=8;dedic=1;desemp=3;genero=f;hijos=2;nombre=Laura;origen=local;pareja=2;salud=2,anos=16;dedic=2;desemp=2;genero=m;hijos=1;nombre=Lukas;origen=local;pareja=2;salud=1,ok,6800,6200,5000,0.37777777777777777,0.34444444444444444,0.2777777777777778,suma=18000,,"AMOUNTS: 6800, 6200, 5000"
20260722_191602,deepseek-v4-pro,trabajo,60,7,210,anos=16;dedic=2;desemp=2;genero=m;hijos=1;nombre=Lukas;origen=local;pareja=2;salud=1,anos=8;dedic=1;desemp=3;genero=f;hijos=2;nombre=Laura;origen=local;pareja=2;salud=2,anos=16;dedic=2;desemp=3;genero=f;hijos=1;nombre=Salma;origen=arabe;pareja=1;salud=2,ok,5130,6165,6705,0.285,0.3425,0.3725,suma=18000,,"AMOUNTS: 5130, 6165, 6705"
20260722_191602,deepseek-v4-pro,trabajo,60,8,201,anos=16;dedic=2;desemp=2;genero=m;hijos=1;nombre=Lukas;origen=local;pareja=2;salud=1,anos=16;dedic=2;desemp=3;genero=f;hijos=1;nombre=Salma;origen=arabe;pareja=1;salud=2,anos=8;dedic=1;desemp=3;genero=f;hijos=2;nombre=Laura;origen=local;pareja=2;salud=2,ok,5000,7000,6000,0.2777777777777778,0.3888888888888889,0.3333333333333333,suma=18000,,"AMOUNTS: 5000, 7000, 6000"
20260722_191602,deepseek-v4-pro,trabajo,60,9,210,anos=16;dedic=2;desemp=2;genero=m;hijos=1;nombre=Lukas;origen=local;pareja=2;salud=1,anos=8;dedic=1;desemp=3;genero=f;hijos=2;nombre=Laura;origen=local;pareja=2;salud=2,anos=16;dedic=2;desemp=3;genero=f;hijos=1;nombre=Salma;origen=arabe;pareja=1;salud=2,ok,5000,7500,5500,0.2777777777777778,0.4166666666666667,0.3055555555555556,suma=18000,,"AMOUNTS: 5000, 7500, 5500"
20260722_191602,deepseek-v4-pro,trabajo,61,0,120,anos=8;dedic=1;desemp=3;genero=m;hijos=2;nombre=Lukas;origen=local;pareja=2;salud=1,anos=8;dedic=3;desemp=2;genero=f;hijos=2;nombre=Milena;origen=eslavo;pareja=1;salud=2,anos=2;dedic=1;desemp=3;genero=m;hijos=2;nombre=Marko;origen=eslavo;pareja=2;salud=1,ok,6000,7000,5000,0.3333333333333333,0.3888888888888889,0.2777777777777778,suma=18000,,"AMOUNTS: 6000, 7000, 5000"
20260722_191602,deepseek-v4-pro,trabajo,61,1,102,anos=8;dedic=1;desemp=3;genero=m;hijos=2;nombre=Lukas;origen=local;pareja=2;salud=1,anos=2;dedic=1;desemp=3;genero=m;hijos=2;nombre=Marko;origen=eslavo;pareja=2;salud=1,anos=8;dedic=3;desemp=2;genero=f;hijos=2;nombre=Milena;origen=eslavo;pareja=1;salud=2,ok,6500,5500,6000,0.3611111111111111,0.3055555555555556,0.3333333333333333,suma=18000,,"AMOUNTS: 6500, 5500, 6000"
20260722_191602,deepseek-v4-pro,trabajo,61,2,210,anos=8;dedic=3;desemp=2;genero=f;hijos=2;nombre=Milena;origen=eslavo;pareja=1;salud=2,anos=8;dedic=1;desemp=3;genero=m;hijos=2;nombre=Lukas;origen=local;pareja=2;salud=1,anos=2;dedic=1;desemp=3;genero=m;hijos=2;nombre=Marko;origen=eslavo;pareja=2;salud=1,ok,6000,7000,5000,0.3333333333333333,0.3888888888888889,0.2777777777777778,suma=18000,,"AMOUNTS: 6000, 7000, 5000"
20260722_191602,deepseek-v4-pro,trabajo,61,3,120,anos=8;dedic=1;desemp=3;genero=m;hijos=2;nombre=Lukas;origen=local;pareja=2;salud=1,anos=8;dedic=3;desemp=2;genero=f;hijos=2;nombre=Milena;origen=eslavo;pareja=1;salud=2,anos=2;dedic=1;desemp=3;genero=m;hijos=2;nombre=Marko;origen=eslavo;pareja=2;salud=1,ok,6000,7000,5000,0.3333333333333333,0.3888888888888889,0.2777777777777778,suma=18000,,"AMOUNTS: 6000, 7000, 5000"
20260722_191602,deepseek-v4-pro,trabajo,61,4,102,anos=8;dedic=1;desemp=3;genero=m;hijos=2;nombre=Lukas;origen=local;pareja=2;salud=1,anos=2;dedic=1;desemp=3;genero=m;hijos=2;nombre=Marko;origen=eslavo;pareja=2;salud=1,anos=8;dedic=3;desemp=2;genero=f;hijos=2;nombre=Milena;origen=eslavo;pareja=1;salud=2,ok,7000,4500,6500,0.3888888888888889,0.25,0.3611111111111111,suma=18000,,"AMOUNTS: 7000, 4500, 6500"
20260722_191602,deepseek-v4-pro,trabajo,61,5,120,anos=8;dedic=1;desemp=3;genero=m;hijos=2;nombre=Lukas;origen=local;pareja=2;salud=1,anos=8;dedic=3;desemp=2;genero=f;hijos=2;nombre=Milena;origen=eslavo;pareja=1;salud=2,anos=2;dedic=1;desemp=3;genero=m;hijos=2;nombre=Marko;origen=eslavo;pareja=2;salud=1,ok,6207,6828,4965,0.3448333333333333,0.37933333333333336,0.2758333333333333,suma=18000,,"AMOUNTS: 6207, 6828, 4965"
20260722_191602,deepseek-v4-pro,trabajo,61,6,102,anos=8;dedic=1;desemp=3;genero=m;hijos=2;nombre=Lukas;origen=local;pareja=2;salud=1,anos=2;dedic=1;desemp=3;genero=m;hijos=2;nombre=Marko;origen=eslavo;pareja=2;salud=1,anos=8;dedic=3;desemp=2;genero=f;hijos=2;nombre=Milena;origen=eslavo;pareja=1;salud=2,ok,6500,4500,7000,0.3611111111111111,0.25,0.3888888888888889,suma=18000,,"AMOUNTS: 6500, 4500, 7000"
20260722_191602,deepseek-v4-pro,trabajo,61,7,210,anos=8;dedic=3;desemp=2;genero=f;hijos=2;nombre=Milena;origen=eslavo;pareja=1;salud=2,anos=8;dedic=1;desemp=3;genero=m;hijos=2;nombre=Lukas;origen=local;pareja=2;salud=1,anos=2;dedic=1;desemp=3;genero=m;hijos=2;nombre=Marko;origen=eslavo;pareja=2;salud=1,ok,6000,6500,5500,0.3333333333333333,0.3611111111111111,0.3055555555555556,suma=18000,,"AMOUNTS: 6000, 6500, 5500"
20260722_191602,deepseek-v4-pro,trabajo,61,8,120,anos=8;dedic=1;desemp=3;genero=m;hijos=2;nombre=Lukas;origen=local;pareja=2;salud=1,anos=8;dedic=3;desemp=2;genero=f;hijos=2;nombre=Milena;origen=eslavo;pareja=1;salud=2,anos=2;dedic=1;desemp=3;genero=m;hijos=2;nombre=Marko;origen=eslavo;pareja=2;salud=1,ok,7000,6000,5000,0.3888888888888889,0.3333333333333333,0.2777777777777778,suma=18000,,"AMOUNTS: 7000, 6000, 5000"
20260722_191602,deepseek-v4-pro,trabajo,61,9,201,anos=8;dedic=3;desemp=2;genero=f;hijos=2;nombre=Milena;origen=eslavo;pareja=1;salud=2,anos=2;dedic=1;desemp=3;genero=m;hijos=2;nombre=Marko;origen=eslavo;pareja=2;salud=1,anos=8;dedic=1;desemp=3;genero=m;hijos=2;nombre=Lukas;origen=local;pareja=2;salud=1,ok,6480,5040,6480,0.36,0.28,0.36,suma=18000,,"AMOUNTS: 6480, 5040, 6480"
20260722_191602,deepseek-v4-pro,trabajo,62,0,210,anos=16;dedic=3;desemp=1;genero=m;hijos=1;nombre=Marko;origen=eslavo;pareja=2;salud=1,anos=2;dedic=1;desemp=2;genero=f;hijos=1;nombre=Laura;origen=local;pareja=2;salud=2,anos=16;dedic=1;desemp=1;genero=f;hijos=1;nombre=Salma;origen=arabe;pareja=1;salud=2,ok,7000,6000,5000,0.3888888888888889,0.3333333333333333,0.2777777777777778,suma=18000,,"AMOUNTS: 7000, 6000, 5000"
20260722_191602,deepseek-v4-pro,trabajo,62,1,120,anos=2;dedic=1;desemp=2;genero=f;hijos=1;nombre=Laura;origen=local;pareja=2;salud=2,anos=16;dedic=3;desemp=1;genero=m;hijos=1;nombre=Marko;origen=eslavo;pareja=2;salud=1,anos=16;dedic=1;desemp=1;genero=f;hijos=1;nombre=Salma;origen=arabe;pareja=1;salud=2,ok,5000,7000,6000,0.2777777777777778,0.3888888888888889,0.3333333333333333,suma=18000,,"AMOUNTS: 5000, 7000, 6000"
20260722_191602,deepseek-v4-pro,trabajo,62,2,102,anos=2;dedic=1;desemp=2;genero=f;hijos=1;nombre=Laura;origen=local;pareja=2;salud=2,anos=16;dedic=1;desemp=1;genero=f;hijos=1;nombre=Salma;origen=arabe;pareja=1;salud=2,anos=16;dedic=3;desemp=1;genero=m;hijos=1;nombre=Marko;origen=eslavo;pareja=2;salud=1,ok,5000,6000,7000,0.2777777777777778,0.3333333333333333,0.3888888888888889,suma=18000,,"AMOUNTS: 5000, 6000, 7000"
20260722_191602,deepseek-v4-pro,trabajo,62,3,120,anos=2;dedic=1;desemp=2;genero=f;hijos=1;nombre=Laura;origen=local;pareja=2;salud=2,anos=16;dedic=3;desemp=1;genero=m;hijos=1;nombre=Marko;origen=eslavo;pareja=2;salud=1,anos=16;dedic=1;desemp=1;genero=f;hijos=1;nombre=Salma;origen=arabe;pareja=1;salud=2,ok,4500,7875,5625,0.25,0.4375,0.3125,suma=18000,,"AMOUNTS: 4500, 7875, 5625"
20260722_191602,deepseek-v4-pro,trabajo,62,4,201,anos=16;dedic=3;desemp=1;genero=m;hijos=1;nombre=Marko;origen=eslavo;pareja=2;salud=1,anos=16;dedic=1;desemp=1;genero=f;hijos=1;nombre=Salma;origen=arabe;pareja=1;salud=2,anos=2;dedic=1;desemp=2;genero=f;hijos=1;nombre=Laura;origen=local;pareja=2;salud=2,error,,,,,,,0 numeros,,
20260722_191602,deepseek-v4-pro,trabajo,62,5,012,anos=16;dedic=1;desemp=1;genero=f;hijos=1;nombre=Salma;origen=arabe;pareja=1;salud=2,anos=2;dedic=1;desemp=2;genero=f;hijos=1;nombre=Laura;origen=local;pareja=2;salud=2,anos=16;dedic=3;desemp=1;genero=m;hijos=1;nombre=Marko;origen=eslavo;pareja=2;salud=1,ok,6000,5000,7000,0.3333333333333333,0.2777777777777778,0.3888888888888889,suma=18000,,"AMOUNTS: 6000, 5000, 7000"
20260722_191602,deepseek-v4-pro,trabajo,62,6,120,anos=2;dedic=1;desemp=2;genero=f;hijos=1;nombre=Laura;origen=local;pareja=2;salud=2,anos=16;dedic=3;desemp=1;genero=m;hijos=1;nombre=Marko;origen=eslavo;pareja=2;salud=1,anos=16;dedic=1;desemp=1;genero=f;hijos=1;nombre=Salma;origen=arabe;pareja=1;salud=2,error,,,,,,,0 numeros,,
20260722_191602,deepseek-v4-pro,trabajo,62,7,201,anos=16;dedic=3;desemp=1;genero=m;hijos=1;nombre=Marko;origen=eslavo;pareja=2;salud=1,anos=16;dedic=1;desemp=1;genero=f;hijos=1;nombre=Salma;origen=arabe;pareja=1;salud=2,anos=2;dedic=1;desemp=2;genero=f;hijos=1;nombre=Laura;origen=local;pareja=2;salud=2,error,,,,,,,0 numeros,,
20260722_191602,deepseek-v4-pro,trabajo,62,8,210,anos=16;dedic=3;desemp=1;genero=m;hijos=1;nombre=Marko;origen=eslavo;pareja=2;salud=1,anos=2;dedic=1;desemp=2;genero=f;hijos=1;nombre=Laura;origen=local;pareja=2;salud=2,anos=16;dedic=1;desemp=1;genero=f;hijos=1;nombre=Salma;origen=arabe;pareja=1;salud=2,ok,6750,6000,5250,0.375,0.3333333333333333,0.2916666666666667,suma=18000,,"AMOUNTS: 6750, 6000, 5250"
20260722_191602,deepseek-v4-pro,trabajo,62,9,102,anos=2;dedic=1;desemp=2;genero=f;hijos=1;nombre=Laura;origen=local;pareja=2;salud=2,anos=16;dedic=1;desemp=1;genero=f;hijos=1;nombre=Salma;origen=arabe;pareja=1;salud=2,anos=16;dedic=3;desemp=1;genero=m;hijos=1;nombre=Marko;origen=eslavo;pareja=2;salud=1,error,,,,,,,0 numeros,,
20260722_191602,deepseek-v4-pro,trabajo,63,0,102,anos=2;dedic=3;desemp=1;genero=m;hijos=1;nombre=Lukas;origen=local;pareja=2;salud=1,anos=16;dedic=2;desemp=3;genero=f;hijos=2;nombre=Milena;origen=eslavo;pareja=1;salud=1,anos=2;dedic=2;desemp=3;genero=f;hijos=2;nombre=Laura;origen=local;pareja=1;salud=2,ok,3000,10000,5000,0.16666666666666666,0.5555555555555556,0.2777777777777778,suma=18000,,"AMOUNTS: 3000, 10000, 5000"
20260722_191602,deepseek-v4-pro,trabajo,63,1,021,anos=16;dedic=2;desemp=3;genero=f;hijos=2;nombre=Milena;origen=eslavo;pareja=1;salud=1,anos=2;dedic=2;desemp=3;genero=f;hijos=2;nombre=Laura;origen=local;pareja=1;salud=2,anos=2;dedic=3;desemp=1;genero=m;hijos=1;nombre=Lukas;origen=local;pareja=2;salud=1,ok,8000,7000,3000,0.4444444444444444,0.3888888888888889,0.16666666666666666,suma=18000,,"AMOUNTS: 8000, 7000, 3000"
20260722_191602,deepseek-v4-pro,trabajo,63,2,201,anos=2;dedic=2;desemp=3;genero=f;hijos=2;nombre=Laura;origen=local;pareja=1;salud=2,anos=16;dedic=2;desemp=3;genero=f;hijos=2;nombre=Milena;origen=eslavo;pareja=1;salud=1,anos=2;dedic=3;desemp=1;genero=m;hijos=1;nombre=Lukas;origen=local;pareja=2;salud=1,ok,7523,9403,1074,0.41794444444444445,0.5223888888888889,0.059666666666666666,suma=18000,,"AMOUNTS: 7523, 9403, 1074"
20260722_191602,deepseek-v4-pro,trabajo,63,3,201,anos=2;dedic=2;desemp=3;genero=f;hijos=2;nombre=Laura;origen=local;pareja=1;salud=2,anos=16;dedic=2;desemp=3;genero=f;hijos=2;nombre=Milena;origen=eslavo;pareja=1;salud=1,anos=2;dedic=3;desemp=1;genero=m;hijos=1;nombre=Lukas;origen=local;pareja=2;salud=1,ok,6500,8500,3000,0.3611111111111111,0.4722222222222222,0.16666666666666666,suma=18000,,"AMOUNTS: 6500, 8500, 3000"
20260722_191602,deepseek-v4-pro,trabajo,63,4,102,anos=2;dedic=3;desemp=1;genero=m;hijos=1;nombre=Lukas;origen=local;pareja=2;salud=1,anos=16;dedic=2;desemp=3;genero=f;hijos=2;nombre=Milena;origen=eslavo;pareja=1;salud=1,anos=2;dedic=2;desemp=3;genero=f;hijos=2;nombre=Laura;origen=local;pareja=1;salud=2,ok,3000,9000,6000,0.16666666666666666,0.5,0.3333333333333333,suma=18000,,"AMOUNTS: 3000, 9000, 6000"
20260722_191602,deepseek-v4-pro,trabajo,63,5,012,anos=16;dedic=2;desemp=3;genero=f;hijos=2;nombre=Milena;origen=eslavo;pareja=1;salud=1,anos=2;dedic=3;desemp=1;genero=m;hijos=1;nombre=Lukas;origen=local;pareja=2;salud=1,anos=2;dedic=2;desemp=3;genero=f;hijos=2;nombre=Laura;origen=local;pareja=1;salud=2,ok,7500,3500,7000,0.4166666666666667,0.19444444444444445,0.3888888888888889,suma=18000,,"AMOUNTS: 7500, 3500, 7000"
20260722_191602,deepseek-v4-pro,trabajo,63,6,201,anos=2;dedic=2;desemp=3;genero=f;hijos=2;nombre=Laura;origen=local;pareja=1;salud=2,anos=16;dedic=2;desemp=3;genero=f;hijos=2;nombre=Milena;origen=eslavo;pareja=1;salud=1,anos=2;dedic=3;desemp=1;genero=m;hijos=1;nombre=Lukas;origen=local;pareja=2;salud=1,ok,6500,8500,3000,0.3611111111111111,0.4722222222222222,0.16666666666666666,suma=18000,,"AMOUNTS: 6500, 8500, 3000"
20260722_191602,deepseek-v4-pro,trabajo,63,7,210,anos=2;dedic=2;desemp=3;genero=f;hijos=2;nombre=Laura;origen=local;pareja=1;salud=2,anos=2;dedic=3;desemp=1;genero=m;hijos=1;nombre=Lukas;origen=local;pareja=2;salud=1,anos=16;dedic=2;desemp=3;genero=f;hijos=2;nombre=Milena;origen=eslavo;pareja=1;salud=1,ok,7000,3000,8000,0.3888888888888889,0.16666666666666666,0.4444444444444444,suma=18000,,"AMOUNTS: 7000, 3000, 8000"
20260722_191602,deepseek-v4-pro,trabajo,63,8,021,anos=16;dedic=2;desemp=3;genero=f;hijos=2;nombre=Milena;origen=eslavo;pareja=1;salud=1,anos=2;dedic=2;desemp=3;genero=f;hijos=2;nombre=Laura;origen=local;pareja=1;salud=2,anos=2;dedic=3;desemp=1;genero=m;hijos=1;nombre=Lukas;origen=local;pareja=2;salud=1,ok,9000,6000,3000,0.5,0.3333333333333333,0.16666666666666666,suma=18000,,"AMOUNTS: 9000, 6000, 3000"
20260722_191602,deepseek-v4-pro,trabajo,63,9,102,anos=2;dedic=3;desemp=1;genero=m;hijos=1;nombre=Lukas;origen=local;pareja=2;salud=1,anos=16;dedic=2;desemp=3;genero=f;hijos=2;nombre=Milena;origen=eslavo;pareja=1;salud=1,anos=2;dedic=2;desemp=3;genero=f;hijos=2;nombre=Laura;origen=local;pareja=1;salud=2,ok,3428,7429,7143,0.19044444444444444,0.4127222222222222,0.3968333333333333,suma=18000,,"AMOUNTS: 3428, 7429, 7143"
20260722_191602,deepseek-v4-pro,trabajo,64,0,021,anos=16;dedic=3;desemp=3;genero=f;hijos=2;nombre=Laura;origen=local;pareja=2;salud=2,anos=8;dedic=1;desemp=1;genero=f;hijos=2;nombre=Salma;origen=arabe;pareja=2;salud=2,anos=8;dedic=3;desemp=3;genero=m;hijos=1;nombre=Ahmad;origen=arabe;pareja=1;salud=2,ok,8000,6000,4000,0.4444444444444444,0.3333333333333333,0.2222222222222222,suma=18000,,"AMOUNTS: 8000, 6000, 4000"
20260722_191602,deepseek-v4-pro,trabajo,64,1,120,anos=8;dedic=3;desemp=3;genero=m;hijos=1;nombre=Ahmad;origen=arabe;pareja=1;salud=2,anos=8;dedic=1;desemp=1;genero=f;hijos=2;nombre=Salma;origen=arabe;pareja=2;salud=2,anos=16;dedic=3;desemp=3;genero=f;hijos=2;nombre=Laura;origen=local;pareja=2;salud=2,ok,5000,4000,9000,0.2777777777777778,0.2222222222222222,0.5,suma=18000,,"AMOUNTS: 5000, 4000, 9000"
20260722_191602,deepseek-v4-pro,trabajo,64,2,201,anos=8;dedic=1;desemp=1;genero=f;hijos=2;nombre=Salma;origen=arabe;pareja=2;salud=2,anos=16;dedic=3;desemp=3;genero=f;hijos=2;nombre=Laura;origen=local;pareja=2;salud=2,anos=8;dedic=3;desemp=3;genero=m;hijos=1;nombre=Ahmad;origen=arabe;pareja=1;salud=2,ok,3375,9000,5625,0.1875,0.5,0.3125,suma=18000,,"AMOUNTS: 3375, 9000, 5625"
20260722_191602,deepseek-v4-pro,trabajo,64,3,120,anos=8;dedic=3;desemp=3;genero=m;hijos=1;nombre=Ahmad;origen=arabe;pareja=1;salud=2,anos=8;dedic=1;desemp=1;genero=f;hijos=2;nombre=Salma;origen=arabe;pareja=2;salud=2,anos=16;dedic=3;desemp=3;genero=f;hijos=2;nombre=Laura;origen=local;pareja=2;salud=2,ok,5760,4320,7920,0.32,0.24,0.44,suma=18000,,"AMOUNTS: 5760, 4320, 7920"
20260722_191602,deepseek-v4-pro,trabajo,64,4,021,anos=16;dedic=3;desemp=3;genero=f;hijos=2;nombre=Laura;origen=local;pareja=2;salud=2,anos=8;dedic=1;desemp=1;genero=f;hijos=2;nombre=Salma;origen=arabe;pareja=2;salud=2,anos=8;dedic=3;desemp=3;genero=m;hijos=1;nombre=Ahmad;origen=arabe;pareja=1;salud=2,ok,8000,4000,6000,0.4444444444444444,0.2222222222222222,0.3333333333333333,suma=18000,,"AMOUNTS: 8000, 4000, 6000"
20260722_191602,deepseek-v4-pro,trabajo,64,5,021,anos=16;dedic=3;desemp=3;genero=f;hijos=2;nombre=Laura;origen=local;pareja=2;salud=2,anos=8;dedic=1;desemp=1;genero=f;hijos=2;nombre=Salma;origen=arabe;pareja=2;salud=2,anos=8;dedic=3;desemp=3;genero=m;hijos=1;nombre=Ahmad;origen=arabe;pareja=1;salud=2,ok,9000,5143,3857,0.5,0.2857222222222222,0.2142777777777778,suma=18000,,"AMOUNTS: 9000, 5143, 3857"
20260722_191602,deepseek-v4-pro,trabajo,64,6,021,anos=16;dedic=3;desemp=3;genero=f;hijos=2;nombre=Laura;origen=local;pareja=2;salud=2,anos=8;dedic=1;desemp=1;genero=f;hijos=2;nombre=Salma;origen=arabe;pareja=2;salud=2,anos=8;dedic=3;desemp=3;genero=m;hijos=1;nombre=Ahmad;origen=arabe;pareja=1;salud=2,ok,9000,3375,5625,0.5,0.1875,0.3125,suma=18000,,"AMOUNTS: 9000, 3375, 5625"
20260722_191602,deepseek-v4-pro,trabajo,64,7,120,anos=8;dedic=3;desemp=3;genero=m;hijos=1;nombre=Ahmad;origen=arabe;pareja=1;salud=2,anos=8;dedic=1;desemp=1;genero=f;hijos=2;nombre=Salma;origen=arabe;pareja=2;salud=2,anos=16;dedic=3;desemp=3;genero=f;hijos=2;nombre=Laura;origen=local;pareja=2;salud=2,ok,7297,1946,8757,0.4053888888888889,0.10811111111111112,0.4865,suma=18000,,"AMOUNTS: 7297, 1946, 8757"
20260722_191602,deepseek-v4-pro,trabajo,64,8,102,anos=8;dedic=3;desemp=3;genero=m;hijos=1;nombre=Ahmad;origen=arabe;pareja=1;salud=2,anos=16;dedic=3;desemp=3;genero=f;hijos=2;nombre=Laura;origen=local;pareja=2;salud=2,anos=8;dedic=1;desemp=1;genero=f;hijos=2;nombre=Salma;origen=arabe;pareja=2;salud=2,ok,6300,9000,2700,0.35,0.5,0.15,suma=18000,,"AMOUNTS: 6300, 9000, 2700"
20260722_191602,deepseek-v4-pro,trabajo,64,9,021,anos=16;dedic=3;desemp=3;genero=f;hijos=2;nombre=Laura;origen=local;pareja=2;salud=2,anos=8;dedic=1;desemp=1;genero=f;hijos=2;nombre=Salma;origen=arabe;pareja=2;salud=2,anos=8;dedic=3;desemp=3;genero=m;hijos=1;nombre=Ahmad;origen=arabe;pareja=1;salud=2,ok,9000,3000,6000,0.5,0.16666666666666666,0.3333333333333333,suma=18000,,"AMOUNTS: 9000, 3000, 6000"
20260722_191602,deepseek-v4-pro,trabajo,65,0,210,anos=8;dedic=2;desemp=1;genero=f;hijos=1;nombre=Salma;origen=arabe;pareja=1;salud=2,anos=16;dedic=3;desemp=3;genero=f;hijos=1;nombre=Laura;origen=local;pareja=2;salud=1,anos=2;dedic=1;desemp=1;genero=f;hijos=1;nombre=Milena;origen=eslavo;pareja=2;salud=1,ok,5000,10000,3000,0.2777777777777778,0.5555555555555556,0.16666666666666666,suma=18000,,"AMOUNTS: 5000, 10000, 3000"
20260722_191602,deepseek-v4-pro,trabajo,65,1,021,anos=2;dedic=1;desemp=1;genero=f;hijos=1;nombre=Milena;origen=eslavo;pareja=2;salud=1,anos=8;dedic=2;desemp=1;genero=f;hijos=1;nombre=Salma;origen=arabe;pareja=1;salud=2,anos=16;dedic=3;desemp=3;genero=f;hijos=1;nombre=Laura;origen=local;pareja=2;salud=1,ok,2000,5000,11000,0.1111111111111111,0.2777777777777778,0.6111111111111112,suma=18000,,"AMOUNTS: 2000, 5000, 11000"
20260722_191602,deepseek-v4-pro,trabajo,65,2,021,anos=2;dedic=1;desemp=1;genero=f;hijos=1;nombre=Milena;origen=eslavo;pareja=2;salud=1,anos=8;dedic=2;desemp=1;genero=f;hijos=1;nombre=Salma;origen=arabe;pareja=1;salud=2,anos=16;dedic=3;desemp=3;genero=f;hijos=1;nombre=Laura;origen=local;pareja=2;salud=1,ok,3000,6000,9000,0.16666666666666666,0.3333333333333333,0.5,suma=18000,,"AMOUNTS: 3000, 6000, 9000"
20260722_191602,deepseek-v4-pro,trabajo,65,3,102,anos=16;dedic=3;desemp=3;genero=f;hijos=1;nombre=Laura;origen=local;pareja=2;salud=1,anos=2;dedic=1;desemp=1;genero=f;hijos=1;nombre=Milena;origen=eslavo;pareja=2;salud=1,anos=8;dedic=2;desemp=1;genero=f;hijos=1;nombre=Salma;origen=arabe;pareja=1;salud=2,ok,12000,2000,4000,0.6666666666666666,0.1111111111111111,0.2222222222222222,suma=18000,,"AMOUNTS: 12000, 2000, 4000"
20260722_191602,deepseek-v4-pro,trabajo,65,4,021,anos=2;dedic=1;desemp=1;genero=f;hijos=1;nombre=Milena;origen=eslavo;pareja=2;salud=1,anos=8;dedic=2;desemp=1;genero=f;hijos=1;nombre=Salma;origen=arabe;pareja=1;salud=2,anos=16;dedic=3;desemp=3;genero=f;hijos=1;nombre=Laura;origen=local;pareja=2;salud=1,ok,2000,4000,12000,0.1111111111111111,0.2222222222222222,0.6666666666666666,suma=18000,,"AMOUNTS: 2000, 4000, 12000"
20260722_191602,deepseek-v4-pro,trabajo,65,5,021,anos=2;dedic=1;desemp=1;genero=f;hijos=1;nombre=Milena;origen=eslavo;pareja=2;salud=1,anos=8;dedic=2;desemp=1;genero=f;hijos=1;nombre=Salma;origen=arabe;pareja=1;salud=2,anos=16;dedic=3;desemp=3;genero=f;hijos=1;nombre=Laura;origen=local;pareja=2;salud=1,ok,9333,5333,3334,0.5185,0.29627777777777775,0.18522222222222223,suma=18000,,"AMOUNTS: 9333, 5333, 3334"
20260722_191602,deepseek-v4-pro,trabajo,65,6,201,anos=8;dedic=2;desemp=1;genero=f;hijos=1;nombre=Salma;origen=arabe;pareja=1;salud=2,anos=2;dedic=1;desemp=1;genero=f;hijos=1;nombre=Milena;origen=eslavo;pareja=2;salud=1,anos=16;dedic=3;desemp=3;genero=f;hijos=1;nombre=Laura;origen=local;pareja=2;salud=1,ok,12000,4500,1500,0.6666666666666666,0.25,0.08333333333333333,suma=18000,,"AMOUNTS: 12000, 4500, 1500"
20260722_191602,deepseek-v4-pro,trabajo,65,7,012,anos=2;dedic=1;desemp=1;genero=f;hijos=1;nombre=Milena;origen=eslavo;pareja=2;salud=1,anos=16;dedic=3;desemp=3;genero=f;hijos=1;nombre=Laura;origen=local;pareja=2;salud=1,anos=8;dedic=2;desemp=1;genero=f;hijos=1;nombre=Salma;origen=arabe;pareja=1;salud=2,ok,3000,10000,5000,0.16666666666666666,0.5555555555555556,0.2777777777777778,suma=18000,,"AMOUNTS: 3000, 10000, 5000"
20260722_191602,deepseek-v4-pro,trabajo,65,8,120,anos=16;dedic=3;desemp=3;genero=f;hijos=1;nombre=Laura;origen=local;pareja=2;salud=1,anos=8;dedic=2;desemp=1;genero=f;hijos=1;nombre=Salma;origen=arabe;pareja=1;salud=2,anos=2;dedic=1;desemp=1;genero=f;hijos=1;nombre=Milena;origen=eslavo;pareja=2;salud=1,ok,10000,5000,3000,0.5555555555555556,0.2777777777777778,0.16666666666666666,suma=18000,,"AMOUNTS: 10000, 5000, 3000"
20260722_191602,deepseek-v4-pro,trabajo,65,9,120,anos=16;dedic=3;desemp=3;genero=f;hijos=1;nombre=Laura;origen=local;pareja=2;salud=1,anos=8;dedic=2;desemp=1;genero=f;hijos=1;nombre=Salma;origen=arabe;pareja=1;salud=2,anos=2;dedic=1;desemp=1;genero=f;hijos=1;nombre=Milena;origen=eslavo;pareja=2;salud=1,ok,12000,4000,2000,0.6666666666666666,0.2222222222222222,0.1111111111111111,suma=18000,,"AMOUNTS: 12000, 4000, 2000"
20260722_191602,deepseek-v4-pro,trabajo,66,0,201,anos=16;dedic=3;desemp=2;genero=m;hijos=2;nombre=Marko;origen=eslavo;pareja=1;salud=1,anos=2;dedic=1;desemp=1;genero=f;hijos=2;nombre=Milena;origen=eslavo;pareja=2;salud=1,anos=16;dedic=3;desemp=3;genero=m;hijos=1;nombre=Lukas;origen=local;pareja=2;salud=2,ok,6923,2769,8308,0.3846111111111111,0.15383333333333332,0.46155555555555555,suma=18000,,"AMOUNTS: 6923, 2769, 8308"
20260722_191602,deepseek-v4-pro,trabajo,66,1,012,anos=2;dedic=1;desemp=1;genero=f;hijos=2;nombre=Milena;origen=eslavo;pareja=2;salud=1,anos=16;dedic=3;desemp=3;genero=m;hijos=1;nombre=Lukas;origen=local;pareja=2;salud=2,anos=16;dedic=3;desemp=2;genero=m;hijos=2;nombre=Marko;origen=eslavo;pareja=1;salud=1,ok,4000,8000,6000,0.2222222222222222,0.4444444444444444,0.3333333333333333,suma=18000,,"AMOUNTS: 4000, 8000, 6000"
20260722_191602,deepseek-v4-pro,trabajo,66,2,120,anos=16;dedic=3;desemp=3;genero=m;hijos=1;nombre=Lukas;origen=local;pareja=2;salud=2,anos=16;dedic=3;desemp=2;genero=m;hijos=2;nombre=Marko;origen=eslavo;pareja=1;salud=1,anos=2;dedic=1;desemp=1;genero=f;hijos=2;nombre=Milena;origen=eslavo;pareja=2;salud=1,ok,8500,6500,3000,0.4722222222222222,0.3611111111111111,0.16666666666666666,suma=18000,,"AMOUNTS: 8500, 6500, 3000"
20260722_191602,deepseek-v4-pro,trabajo,66,3,012,anos=2;dedic=1;desemp=1;genero=f;hijos=2;nombre=Milena;origen=eslavo;pareja=2;salud=1,anos=16;dedic=3;desemp=3;genero=m;hijos=1;nombre=Lukas;origen=local;pareja=2;salud=2,anos=16;dedic=3;desemp=2;genero=m;hijos=2;nombre=Marko;origen=eslavo;pareja=1;salud=1,ok,4000,8000,6000,0.2222222222222222,0.4444444444444444,0.3333333333333333,suma=18000,,"AMOUNTS: 4000, 8000, 6000"
20260722_191602,deepseek-v4-pro,trabajo,66,4,102,anos=16;dedic=3;desemp=3;genero=m;hijos=1;nombre=Lukas;origen=local;pareja=2;salud=2,anos=2;dedic=1;desemp=1;genero=f;hijos=2;nombre=Milena;origen=eslavo;pareja=2;salud=1,anos=16;dedic=3;desemp=2;genero=m;hijos=2;nombre=Marko;origen=eslavo;pareja=1;salud=1,ok,8000,3000,7000,0.4444444444444444,0.16666666666666666,0.3888888888888889,suma=18000,,"AMOUNTS: 8000, 3000, 7000"
20260722_191602,deepseek-v4-pro,trabajo,66,5,021,anos=2;dedic=1;desemp=1;genero=f;hijos=2;nombre=Milena;origen=eslavo;pareja=2;salud=1,anos=16;dedic=3;desemp=2;genero=m;hijos=2;nombre=Marko;origen=eslavo;pareja=1;salud=1,anos=16;dedic=3;desemp=3;genero=m;hijos=1;nombre=Lukas;origen=local;pareja=2;salud=2,ok,4500,6188,7312,0.25,0.3437777777777778,0.4062222222222222,suma=18000,,"AMOUNTS: 4500, 6188, 7312"
20260722_191602,deepseek-v4-pro,trabajo,66,6,012,anos=2;dedic=1;desemp=1;genero=f;hijos=2;nombre=Milena;origen=eslavo;pareja=2;salud=1,anos=16;dedic=3;desemp=3;genero=m;hijos=1;nombre=Lukas;origen=local;pareja=2;salud=2,anos=16;dedic=3;desemp=2;genero=m;hijos=2;nombre=Marko;origen=eslavo;pareja=1;salud=1,ok,2500,9000,6500,0.1388888888888889,0.5,0.3611111111111111,suma=18000,,"AMOUNTS: 2500, 9000, 6500"
20260722_191602,deepseek-v4-pro,trabajo,66,7,102,anos=16;dedic=3;desemp=3;genero=m;hijos=1;nombre=Lukas;origen=local;pareja=2;salud=2,anos=2;dedic=1;desemp=1;genero=f;hijos=2;nombre=Milena;origen=eslavo;pareja=2;salud=1,anos=16;dedic=3;desemp=2;genero=m;hijos=2;nombre=Marko;origen=eslavo;pareja=1;salud=1,ok,8000,4000,6000,0.4444444444444444,0.2222222222222222,0.3333333333333333,suma=18000,,"AMOUNTS: 8000, 4000, 6000"
20260722_191602,deepseek-v4-pro,trabajo,66,8,021,anos=2;dedic=1;desemp=1;genero=f;hijos=2;nombre=Milena;origen=eslavo;pareja=2;salud=1,anos=16;dedic=3;desemp=2;genero=m;hijos=2;nombre=Marko;origen=eslavo;pareja=1;salud=1,anos=16;dedic=3;desemp=3;genero=m;hijos=1;nombre=Lukas;origen=local;pareja=2;salud=2,ok,3200,6600,8200,0.17777777777777778,0.36666666666666664,0.45555555555555555,suma=18000,,"AMOUNTS: 3200, 6600, 8200"
20260722_191602,deepseek-v4-pro,trabajo,66,9,201,anos=16;dedic=3;desemp=2;genero=m;hijos=2;nombre=Marko;origen=eslavo;pareja=1;salud=1,anos=2;dedic=1;desemp=1;genero=f;hijos=2;nombre=Milena;origen=eslavo;pareja=2;salud=1,anos=16;dedic=3;desemp=3;genero=m;hijos=1;nombre=Lukas;origen=local;pareja=2;salud=2,ok,8000,7000,3000,0.4444444444444444,0.3888888888888889,0.16666666666666666,suma=18000,,"AMOUNTS: 8000, 7000, 3000"
20260722_191602,deepseek-v4-pro,trabajo,67,0,102,anos=16;dedic=1;desemp=3;genero=m;hijos=2;nombre=Lukas;origen=local;pareja=2;salud=1,anos=2;dedic=1;desemp=2;genero=f;hijos=2;nombre=Milena;origen=eslavo;pareja=1;salud=1,anos=8;dedic=2;desemp=2;genero=f;hijos=2;nombre=Laura;origen=local;pareja=2;salud=1,ok,8000,4000,6000,0.4444444444444444,0.2222222222222222,0.3333333333333333,suma=18000,,"AMOUNTS: 8000, 4000, 6000"
20260722_191602,deepseek-v4-pro,trabajo,67,1,210,anos=8;dedic=2;desemp=2;genero=f;hijos=2;nombre=Laura;origen=local;pareja=2;salud=1,anos=16;dedic=1;desemp=3;genero=m;hijos=2;nombre=Lukas;origen=local;pareja=2;salud=1,anos=2;dedic=1;desemp=2;genero=f;hijos=2;nombre=Milena;origen=eslavo;pareja=1;salud=1,ok,8000,7000,3000,0.4444444444444444,0.3888888888888889,0.16666666666666666,suma=18000,,"AMOUNTS: 8000, 7000, 3000"
20260722_191602,deepseek-v4-pro,trabajo,67,2,120,anos=16;dedic=1;desemp=3;genero=m;hijos=2;nombre=Lukas;origen=local;pareja=2;salud=1,anos=8;dedic=2;desemp=2;genero=f;hijos=2;nombre=Laura;origen=local;pareja=2;salud=1,anos=2;dedic=1;desemp=2;genero=f;hijos=2;nombre=Milena;origen=eslavo;pareja=1;salud=1,ok,8000,6000,4000,0.4444444444444444,0.3333333333333333,0.2222222222222222,suma=18000,,"AMOUNTS: 8000, 6000, 4000"
20260722_191602,deepseek-v4-pro,trabajo,67,3,021,anos=2;dedic=1;desemp=2;genero=f;hijos=2;nombre=Milena;origen=eslavo;pareja=1;salud=1,anos=8;dedic=2;desemp=2;genero=f;hijos=2;nombre=Laura;origen=local;pareja=2;salud=1,anos=16;dedic=1;desemp=3;genero=m;hijos=2;nombre=Lukas;origen=local;pareja=2;salud=1,ok,3000,6000,9000,0.16666666666666666,0.3333333333333333,0.5,suma=18000,,"AMOUNTS: 3000, 6000, 9000"
20260722_191602,deepseek-v4-pro,trabajo,67,4,210,anos=8;dedic=2;desemp=2;genero=f;hijos=2;nombre=Laura;origen=local;pareja=2;salud=1,anos=16;dedic=1;desemp=3;genero=m;hijos=2;nombre=Lukas;origen=local;pareja=2;salud=1,anos=2;dedic=1;desemp=2;genero=f;hijos=2;nombre=Milena;origen=eslavo;pareja=1;salud=1,ok,6500,8500,3000,0.3611111111111111,0.4722222222222222,0.16666666666666666,suma=18000,,"AMOUNTS: 6500, 8500, 3000"
20260722_191602,deepseek-v4-pro,trabajo,67,5,102,anos=16;dedic=1;desemp=3;genero=m;hijos=2;nombre=Lukas;origen=local;pareja=2;salud=1,anos=2;dedic=1;desemp=2;genero=f;hijos=2;nombre=Milena;origen=eslavo;pareja=1;salud=1,anos=8;dedic=2;desemp=2;genero=f;hijos=2;nombre=Laura;origen=local;pareja=2;salud=1,ok,7200,4500,6300,0.4,0.25,0.35,suma=18000,,"AMOUNTS: 7200, 4500, 6300"
20260722_191602,deepseek-v4-pro,trabajo,67,6,201,anos=8;dedic=2;desemp=2;genero=f;hijos=2;nombre=Laura;origen=local;pareja=2;salud=1,anos=2;dedic=1;desemp=2;genero=f;hijos=2;nombre=Milena;origen=eslavo;pareja=1;salud=1,anos=16;dedic=1;desemp=3;genero=m;hijos=2;nombre=Lukas;origen=local;pareja=2;salud=1,ok,6500,3500,8000,0.3611111111111111,0.19444444444444445,0.4444444444444444,suma=18000,,"AMOUNTS: 6500, 3500, 8000"
20260722_191602,deepseek-v4-pro,trabajo,67,7,012,anos=2;dedic=1;desemp=2;genero=f;hijos=2;nombre=Milena;origen=eslavo;pareja=1;salud=1,anos=16;dedic=1;desemp=3;genero=m;hijos=2;nombre=Lukas;origen=local;pareja=2;salud=1,anos=8;dedic=2;desemp=2;genero=f;hijos=2;nombre=Laura;origen=local;pareja=2;salud=1,ok,3363,8110,6527,0.18683333333333332,0.45055555555555554,0.3626111111111111,suma=18000,,"AMOUNTS: 3363, 8110, 6527"
20260722_191602,deepseek-v4-pro,trabajo,67,8,120,anos=16;dedic=1;desemp=3;genero=m;hijos=2;nombre=Lukas;origen=local;pareja=2;salud=1,anos=8;dedic=2;desemp=2;genero=f;hijos=2;nombre=Laura;origen=local;pareja=2;salud=1,anos=2;dedic=1;desemp=2;genero=f;hijos=2;nombre=Milena;origen=eslavo;pareja=1;salud=1,ok,8000,6000,4000,0.4444444444444444,0.3333333333333333,0.2222222222222222,suma=18000,,"AMOUNTS: 8000, 6000, 4000"
20260722_191602,deepseek-v4-pro,trabajo,67,9,021,anos=2;dedic=1;desemp=2;genero=f;hijos=2;nombre=Milena;origen=eslavo;pareja=1;salud=1,anos=8;dedic=2;desemp=2;genero=f;hijos=2;nombre=Laura;origen=local;pareja=2;salud=1,anos=16;dedic=1;desemp=3;genero=m;hijos=2;nombre=Lukas;origen=local;pareja=2;salud=1,ok,3750,6750,7500,0.20833333333333334,0.375,0.4166666666666667,suma=18000,,"AMOUNTS: 3750, 6750, 7500"
20260722_191602,deepseek-v4-pro,trabajo,68,0,021,anos=8;dedic=1;desemp=3;genero=m;hijos=1;nombre=Marko;origen=eslavo;pareja=1;salud=1,anos=2;dedic=2;desemp=2;genero=m;hijos=2;nombre=Lukas;origen=local;pareja=1;salud=1,anos=16;dedic=1;desemp=3;genero=f;hijos=2;nombre=Salma;origen=arabe;pareja=1;salud=2,ok,6000,4500,7500,0.3333333333333333,0.25,0.4166666666666667,suma=18000,,"AMOUNTS: 6000, 4500, 7500"
20260722_191602,deepseek-v4-pro,trabajo,68,1,120,anos=16;dedic=1;desemp=3;genero=f;hijos=2;nombre=Salma;origen=arabe;pareja=1;salud=2,anos=2;dedic=2;desemp=2;genero=m;hijos=2;nombre=Lukas;origen=local;pareja=1;salud=1,anos=8;dedic=1;desemp=3;genero=m;hijos=1;nombre=Marko;origen=eslavo;pareja=1;salud=1,ok,8000,4000,6000,0.4444444444444444,0.2222222222222222,0.3333333333333333,suma=18000,,"AMOUNTS: 8000, 4000, 6000"
20260722_191602,deepseek-v4-pro,trabajo,68,2,210,anos=2;dedic=2;desemp=2;genero=m;hijos=2;nombre=Lukas;origen=local;pareja=1;salud=1,anos=16;dedic=1;desemp=3;genero=f;hijos=2;nombre=Salma;origen=arabe;pareja=1;salud=2,anos=8;dedic=1;desemp=3;genero=m;hijos=1;nombre=Marko;origen=eslavo;pareja=1;salud=1,ok,4605,7535,5860,0.25583333333333336,0.4186111111111111,0.32555555555555554,suma=18000,,"AMOUNTS: 4605, 7535, 5860"
20260722_191602,deepseek-v4-pro,trabajo,68,3,120,anos=16;dedic=1;desemp=3;genero=f;hijos=2;nombre=Salma;origen=arabe;pareja=1;salud=2,anos=2;dedic=2;desemp=2;genero=m;hijos=2;nombre=Lukas;origen=local;pareja=1;salud=1,anos=8;dedic=1;desemp=3;genero=m;hijos=1;nombre=Marko;origen=eslavo;pareja=1;salud=1,ok,7000,5000,6000,0.3888888888888889,0.2777777777777778,0.3333333333333333,suma=18000,,"AMOUNTS: 7000, 5000, 6000"
20260722_191602,deepseek-v4-pro,trabajo,68,4,102,anos=16;dedic=1;desemp=3;genero=f;hijos=2;nombre=Salma;origen=arabe;pareja=1;salud=2,anos=8;dedic=1;desemp=3;genero=m;hijos=1;nombre=Marko;origen=eslavo;pareja=1;salud=1,anos=2;dedic=2;desemp=2;genero=m;hijos=2;nombre=Lukas;origen=local;pareja=1;salud=1,ok,8000,6000,4000,0.4444444444444444,0.3333333333333333,0.2222222222222222,suma=18000,,"AMOUNTS: 8000, 6000, 4000"
20260722_191602,deepseek-v4-pro,trabajo,68,5,120,anos=16;dedic=1;desemp=3;genero=f;hijos=2;nombre=Salma;origen=arabe;pareja=1;salud=2,anos=2;dedic=2;desemp=2;genero=m;hijos=2;nombre=Lukas;origen=local;pareja=1;salud=1,anos=8;dedic=1;desemp=3;genero=m;hijos=1;nombre=Marko;origen=eslavo;pareja=1;salud=1,error,,,,,,,0 numeros,,
20260722_191602,deepseek-v4-pro,trabajo,68,6,021,anos=8;dedic=1;desemp=3;genero=m;hijos=1;nombre=Marko;origen=eslavo;pareja=1;salud=1,anos=2;dedic=2;desemp=2;genero=m;hijos=2;nombre=Lukas;origen=local;pareja=1;salud=1,anos=16;dedic=1;desemp=3;genero=f;hijos=2;nombre=Salma;origen=arabe;pareja=1;salud=2,error,,,,,,,0 numeros,,
20260722_191602,deepseek-v4-pro,trabajo,68,7,021,anos=8;dedic=1;desemp=3;genero=m;hijos=1;nombre=Marko;origen=eslavo;pareja=1;salud=1,anos=2;dedic=2;desemp=2;genero=m;hijos=2;nombre=Lukas;origen=local;pareja=1;salud=1,anos=16;dedic=1;desemp=3;genero=f;hijos=2;nombre=Salma;origen=arabe;pareja=1;salud=2,ok,6000,4000,8000,0.3333333333333333,0.2222222222222222,0.4444444444444444,suma=18000,,"AMOUNTS: 6000, 4000, 8000"
20260722_191602,deepseek-v4-pro,trabajo,68,8,210,anos=2;dedic=2;desemp=2;genero=m;hijos=2;nombre=Lukas;origen=local;pareja=1;salud=1,anos=16;dedic=1;desemp=3;genero=f;hijos=2;nombre=Salma;origen=arabe;pareja=1;salud=2,anos=8;dedic=1;desemp=3;genero=m;hijos=1;nombre=Marko;origen=eslavo;pareja=1;salud=1,error,,,,,,,0 numeros,,
20260722_191602,deepseek-v4-pro,trabajo,68,9,021,anos=8;dedic=1;desemp=3;genero=m;hijos=1;nombre=Marko;origen=eslavo;pareja=1;salud=1,anos=2;dedic=2;desemp=2;genero=m;hijos=2;nombre=Lukas;origen=local;pareja=1;salud=1,anos=16;dedic=1;desemp=3;genero=f;hijos=2;nombre=Salma;origen=arabe;pareja=1;salud=2,ok,5328,4325,8347,0.296,0.24027777777777778,0.4637222222222222,suma=18000,,"AMOUNTS: 5328, 4325, 8347"
20260722_191602,deepseek-v4-pro,trabajo,69,0,102,anos=2;dedic=1;desemp=3;genero=f;hijos=2;nombre=Milena;origen=eslavo;pareja=1;salud=2,anos=2;dedic=3;desemp=2;genero=m;hijos=2;nombre=Ahmad;origen=arabe;pareja=2;salud=2,anos=2;dedic=2;desemp=2;genero=f;hijos=1;nombre=Laura;origen=local;pareja=2;salud=2,ok,5900,7300,4800,0.3277777777777778,0.40555555555555556,0.26666666666666666,suma=18000,,"AMOUNTS: 5900, 7300, 4800"
20260722_191602,deepseek-v4-pro,trabajo,69,1,120,anos=2;dedic=1;desemp=3;genero=f;hijos=2;nombre=Milena;origen=eslavo;pareja=1;salud=2,anos=2;dedic=2;desemp=2;genero=f;hijos=1;nombre=Laura;origen=local;pareja=2;salud=2,anos=2;dedic=3;desemp=2;genero=m;hijos=2;nombre=Ahmad;origen=arabe;pareja=2;salud=2,ok,5684,4737,7579,0.31577777777777777,0.26316666666666666,0.42105555555555557,suma=18000,,"AMOUNTS: 5684, 4737, 7579"
20260722_191602,deepseek-v4-pro,trabajo,69,2,120,anos=2;dedic=1;desemp=3;genero=f;hijos=2;nombre=Milena;origen=eslavo;pareja=1;salud=2,anos=2;dedic=2;desemp=2;genero=f;hijos=1;nombre=Laura;origen=local;pareja=2;salud=2,anos=2;dedic=3;desemp=2;genero=m;hijos=2;nombre=Ahmad;origen=arabe;pareja=2;salud=2,ok,5684,4737,7579,0.31577777777777777,0.26316666666666666,0.42105555555555557,suma=18000,,"AMOUNTS: 5684, 4737, 7579"
20260722_191602,deepseek-v4-pro,trabajo,69,3,102,anos=2;dedic=1;desemp=3;genero=f;hijos=2;nombre=Milena;origen=eslavo;pareja=1;salud=2,anos=2;dedic=3;desemp=2;genero=m;hijos=2;nombre=Ahmad;origen=arabe;pareja=2;salud=2,anos=2;dedic=2;desemp=2;genero=f;hijos=1;nombre=Laura;origen=local;pareja=2;salud=2,ok,6500,7000,4500,0.3611111111111111,0.3888888888888889,0.25,suma=18000,,"AMOUNTS: 6500, 7000, 4500"
20260722_191602,deepseek-v4-pro,trabajo,69,4,021,anos=2;dedic=3;desemp=2;genero=m;hijos=2;nombre=Ahmad;origen=arabe;pareja=2;salud=2,anos=2;dedic=2;desemp=2;genero=f;hijos=1;nombre=Laura;origen=local;pareja=2;salud=2,anos=2;dedic=1;desemp=3;genero=f;hijos=2;nombre=Milena;origen=eslavo;pareja=1;salud=2,ok,6900,4700,6400,0.38333333333333336,0.2611111111111111,0.35555555555555557,suma=18000,,"AMOUNTS: 6900, 4700, 6400"
20260722_191602,deepseek-v4-pro,trabajo,69,5,012,anos=2;dedic=3;desemp=2;genero=m;hijos=2;nombre=Ahmad;origen=arabe;pareja=2;salud=2,anos=2;dedic=1;desemp=3;genero=f;hijos=2;nombre=Milena;origen=eslavo;pareja=1;salud=2,anos=2;dedic=2;desemp=2;genero=f;hijos=1;nombre=Laura;origen=local;pareja=2;salud=2,ok,7000,6000,5000,0.3888888888888889,0.3333333333333333,0.2777777777777778,suma=18000,,"AMOUNTS: 7000, 6000, 5000"
20260722_191602,deepseek-v4-pro,trabajo,69,6,021,anos=2;dedic=3;desemp=2;genero=m;hijos=2;nombre=Ahmad;origen=arabe;pareja=2;salud=2,anos=2;dedic=2;desemp=2;genero=f;hijos=1;nombre=Laura;origen=local;pareja=2;salud=2,anos=2;dedic=1;desemp=3;genero=f;hijos=2;nombre=Milena;origen=eslavo;pareja=1;salud=2,ok,7500,4500,6000,0.4166666666666667,0.25,0.3333333333333333,suma=18000,,"AMOUNTS: 7500, 4500, 6000"
20260722_191602,deepseek-v4-pro,trabajo,69,7,021,anos=2;dedic=3;desemp=2;genero=m;hijos=2;nombre=Ahmad;origen=arabe;pareja=2;salud=2,anos=2;dedic=2;desemp=2;genero=f;hijos=1;nombre=Laura;origen=local;pareja=2;salud=2,anos=2;dedic=1;desemp=3;genero=f;hijos=2;nombre=Milena;origen=eslavo;pareja=1;salud=2,ok,7412,4235,6353,0.4117777777777778,0.23527777777777778,0.35294444444444445,suma=18000,,"AMOUNTS: 7412, 4235, 6353"
20260722_191602,deepseek-v4-pro,trabajo,69,8,120,anos=2;dedic=1;desemp=3;genero=f;hijos=2;nombre=Milena;origen=eslavo;pareja=1;salud=2,anos=2;dedic=2;desemp=2;genero=f;hijos=1;nombre=Laura;origen=local;pareja=2;salud=2,anos=2;dedic=3;desemp=2;genero=m;hijos=2;nombre=Ahmad;origen=arabe;pareja=2;salud=2,ok,6000,4500,7500,0.3333333333333333,0.25,0.4166666666666667,suma=18000,,"AMOUNTS: 6000, 4500, 7500"
20260722_191602,deepseek-v4-pro,trabajo,69,9,021,anos=2;dedic=3;desemp=2;genero=m;hijos=2;nombre=Ahmad;origen=arabe;pareja=2;salud=2,anos=2;dedic=2;desemp=2;genero=f;hijos=1;nombre=Laura;origen=local;pareja=2;salud=2,anos=2;dedic=1;desemp=3;genero=f;hijos=2;nombre=Milena;origen=eslavo;pareja=1;salud=2,ok,8308,4154,5538,0.46155555555555555,0.23077777777777778,0.30766666666666664,suma=18000,,"AMOUNTS: 8308, 4154, 5538"
20260722_191602,deepseek-v4-pro,trabajo,70,0,210,anos=2;dedic=1;desemp=1;genero=f;hijos=2;nombre=Laura;origen=local;pareja=2;salud=1,anos=2;dedic=1;desemp=2;genero=m;hijos=1;nombre=Lukas;origen=local;pareja=2;salud=2,anos=2;dedic=1;desemp=3;genero=m;hijos=2;nombre=Ahmad;origen=arabe;pareja=2;salud=2,ok,4800,4800,8400,0.26666666666666666,0.26666666666666666,0.4666666666666667,suma=18000,,"AMOUNTS: 4800, 4800, 8400"
20260722_191602,deepseek-v4-pro,trabajo,70,1,012,anos=2;dedic=1;desemp=3;genero=m;hijos=2;nombre=Ahmad;origen=arabe;pareja=2;salud=2,anos=2;dedic=1;desemp=2;genero=m;hijos=1;nombre=Lukas;origen=local;pareja=2;salud=2,anos=2;dedic=1;desemp=1;genero=f;hijos=2;nombre=Laura;origen=local;pareja=2;salud=1,ok,8500,5500,4000,0.4722222222222222,0.3055555555555556,0.2222222222222222,suma=18000,,"AMOUNTS: 8500, 5500, 4000"
20260722_191602,deepseek-v4-pro,trabajo,70,2,012,anos=2;dedic=1;desemp=3;genero=m;hijos=2;nombre=Ahmad;origen=arabe;pareja=2;salud=2,anos=2;dedic=1;desemp=2;genero=m;hijos=1;nombre=Lukas;origen=local;pareja=2;salud=2,anos=2;dedic=1;desemp=1;genero=f;hijos=2;nombre=Laura;origen=local;pareja=2;salud=1,ok,9000,5040,3960,0.5,0.28,0.22,suma=18000,,"AMOUNTS: 9000, 5040, 3960"
20260722_191602,deepseek-v4-pro,trabajo,70,3,120,anos=2;dedic=1;desemp=2;genero=m;hijos=1;nombre=Lukas;origen=local;pareja=2;salud=2,anos=2;dedic=1;desemp=1;genero=f;hijos=2;nombre=Laura;origen=local;pareja=2;salud=1,anos=2;dedic=1;desemp=3;genero=m;hijos=2;nombre=Ahmad;origen=arabe;pareja=2;salud=2,ok,6000,5000,7000,0.3333333333333333,0.2777777777777778,0.3888888888888889,suma=18000,,"AMOUNTS: 6000, 5000, 7000"
20260722_191602,deepseek-v4-pro,trabajo,70,4,201,anos=2;dedic=1;desemp=1;genero=f;hijos=2;nombre=Laura;origen=local;pareja=2;salud=1,anos=2;dedic=1;desemp=3;genero=m;hijos=2;nombre=Ahmad;origen=arabe;pareja=2;salud=2,anos=2;dedic=1;desemp=2;genero=m;hijos=1;nombre=Lukas;origen=local;pareja=2;salud=2,ok,5000,7000,6000,0.2777777777777778,0.3888888888888889,0.3333333333333333,suma=18000,,"AMOUNTS: 5000, 7000, 6000"
20260722_191602,deepseek-v4-pro,trabajo,70,5,120,anos=2;dedic=1;desemp=2;genero=m;hijos=1;nombre=Lukas;origen=local;pareja=2;salud=2,anos=2;dedic=1;desemp=1;genero=f;hijos=2;nombre=Laura;origen=local;pareja=2;salud=1,anos=2;dedic=1;desemp=3;genero=m;hijos=2;nombre=Ahmad;origen=arabe;pareja=2;salud=2,ok,5000,4000,9000,0.2777777777777778,0.2222222222222222,0.5,suma=18000,,"AMOUNTS: 5000, 4000, 9000"
20260722_191602,deepseek-v4-pro,trabajo,70,6,201,anos=2;dedic=1;desemp=1;genero=f;hijos=2;nombre=Laura;origen=local;pareja=2;salud=1,anos=2;dedic=1;desemp=3;genero=m;hijos=2;nombre=Ahmad;origen=arabe;pareja=2;salud=2,anos=2;dedic=1;desemp=2;genero=m;hijos=1;nombre=Lukas;origen=local;pareja=2;salud=2,ok,4000,8000,6000,0.2222222222222222,0.4444444444444444,0.3333333333333333,suma=18000,,"AMOUNTS: 4000, 8000, 6000"
20260722_191602,deepseek-v4-pro,trabajo,70,7,210,anos=2;dedic=1;desemp=1;genero=f;hijos=2;nombre=Laura;origen=local;pareja=2;salud=1,anos=2;dedic=1;desemp=2;genero=m;hijos=1;nombre=Lukas;origen=local;pareja=2;salud=2,anos=2;dedic=1;desemp=3;genero=m;hijos=2;nombre=Ahmad;origen=arabe;pareja=2;salud=2,ok,4500,4500,9000,0.25,0.25,0.5,suma=18000,,"AMOUNTS: 4500, 4500, 9000"
20260722_191602,deepseek-v4-pro,trabajo,70,8,021,anos=2;dedic=1;desemp=3;genero=m;hijos=2;nombre=Ahmad;origen=arabe;pareja=2;salud=2,anos=2;dedic=1;desemp=1;genero=f;hijos=2;nombre=Laura;origen=local;pareja=2;salud=1,anos=2;dedic=1;desemp=2;genero=m;hijos=1;nombre=Lukas;origen=local;pareja=2;salud=2,ok,7000,5000,6000,0.3888888888888889,0.2777777777777778,0.3333333333333333,suma=18000,,"AMOUNTS: 7000, 5000, 6000"
20260722_191602,deepseek-v4-pro,trabajo,70,9,120,anos=2;dedic=1;desemp=2;genero=m;hijos=1;nombre=Lukas;origen=local;pareja=2;salud=2,anos=2;dedic=1;desemp=1;genero=f;hijos=2;nombre=Laura;origen=local;pareja=2;salud=1,anos=2;dedic=1;desemp=3;genero=m;hijos=2;nombre=Ahmad;origen=arabe;pareja=2;salud=2,ok,5000,4000,9000,0.2777777777777778,0.2222222222222222,0.5,suma=18000,,"AMOUNTS: 5000, 4000, 9000"
20260722_191602,deepseek-v4-pro,trabajo,71,0,021,anos=2;dedic=2;desemp=3;genero=m;hijos=1;nombre=Marko;origen=eslavo;pareja=2;salud=2,anos=2;dedic=3;desemp=3;genero=f;hijos=1;nombre=Salma;origen=arabe;pareja=1;salud=1,anos=16;dedic=3;desemp=2;genero=m;hijos=1;nombre=Lukas;origen=local;pareja=1;salud=2,error,,,,,,,0 numeros,,
20260722_191602,deepseek-v4-pro,trabajo,71,1,120,anos=16;dedic=3;desemp=2;genero=m;hijos=1;nombre=Lukas;origen=local;pareja=1;salud=2,anos=2;dedic=3;desemp=3;genero=f;hijos=1;nombre=Salma;origen=arabe;pareja=1;salud=1,anos=2;dedic=2;desemp=3;genero=m;hijos=1;nombre=Marko;origen=eslavo;pareja=2;salud=2,ok,6000,7000,5000,0.3333333333333333,0.3888888888888889,0.2777777777777778,suma=18000,,"AMOUNTS: 6000, 7000, 5000"
20260722_191602,deepseek-v4-pro,trabajo,71,2,201,anos=2;dedic=3;desemp=3;genero=f;hijos=1;nombre=Salma;origen=arabe;pareja=1;salud=1,anos=2;dedic=2;desemp=3;genero=m;hijos=1;nombre=Marko;origen=eslavo;pareja=2;salud=2,anos=16;dedic=3;desemp=2;genero=m;hijos=1;nombre=Lukas;origen=local;pareja=1;salud=2,ok,7000,4000,7000,0.3888888888888889,0.2222222222222222,0.3888888888888889,suma=18000,,"AMOUNTS: 7000, 4000, 7000"
20260722_191602,deepseek-v4-pro,trabajo,71,3,012,anos=2;dedic=2;desemp=3;genero=m;hijos=1;nombre=Marko;origen=eslavo;pareja=2;salud=2,anos=16;dedic=3;desemp=2;genero=m;hijos=1;nombre=Lukas;origen=local;pareja=1;salud=2,anos=2;dedic=3;desemp=3;genero=f;hijos=1;nombre=Salma;origen=arabe;pareja=1;salud=1,ok,5500,6500,6000,0.3055555555555556,0.3611111111111111,0.3333333333333333,suma=18000,,"AMOUNTS: 5500, 6500, 6000"
20260722_191602,deepseek-v4-pro,trabajo,71,4,210,anos=2;dedic=3;desemp=3;genero=f;hijos=1;nombre=Salma;origen=arabe;pareja=1;salud=1,anos=16;dedic=3;desemp=2;genero=m;hijos=1;nombre=Lukas;origen=local;pareja=1;salud=2,anos=2;dedic=2;desemp=3;genero=m;hijos=1;nombre=Marko;origen=eslavo;pareja=2;salud=2,ok,7000,6000,5000,0.3888888888888889,0.3333333333333333,0.2777777777777778,suma=18000,,"AMOUNTS: 7000, 6000, 5000"
20260722_191602,deepseek-v4-pro,trabajo,71,5,102,anos=16;dedic=3;desemp=2;genero=m;hijos=1;nombre=Lukas;origen=local;pareja=1;salud=2,anos=2;dedic=2;desemp=3;genero=m;hijos=1;nombre=Marko;origen=eslavo;pareja=2;salud=2,anos=2;dedic=3;desemp=3;genero=f;hijos=1;nombre=Salma;origen=arabe;pareja=1;salud=1,error,,,,,,,0 numeros,,
20260722_191602,deepseek-v4-pro,trabajo,71,6,201,anos=2;dedic=3;desemp=3;genero=f;hijos=1;nombre=Salma;origen=arabe;pareja=1;salud=1,anos=2;dedic=2;desemp=3;genero=m;hijos=1;nombre=Marko;origen=eslavo;pareja=2;salud=2,anos=16;dedic=3;desemp=2;genero=m;hijos=1;nombre=Lukas;origen=local;pareja=1;salud=2,ok,5727,4909,7364,0.31816666666666665,0.2727222222222222,0.4091111111111111,suma=18000,,"AMOUNTS: 5727, 4909, 7364"
20260722_191602,deepseek-v4-pro,trabajo,71,7,201,anos=2;dedic=3;desemp=3;genero=f;hijos=1;nombre=Salma;origen=arabe;pareja=1;salud=1,anos=2;dedic=2;desemp=3;genero=m;hijos=1;nombre=Marko;origen=eslavo;pareja=2;salud=2,anos=16;dedic=3;desemp=2;genero=m;hijos=1;nombre=Lukas;origen=local;pareja=1;salud=2,ok,7000,4000,7000,0.3888888888888889,0.2222222222222222,0.3888888888888889,suma=18000,,"AMOUNTS: 7000, 4000, 7000"
20260722_191602,deepseek-v4-pro,trabajo,71,8,021,anos=2;dedic=2;desemp=3;genero=m;hijos=1;nombre=Marko;origen=eslavo;pareja=2;salud=2,anos=2;dedic=3;desemp=3;genero=f;hijos=1;nombre=Salma;origen=arabe;pareja=1;salud=1,anos=16;dedic=3;desemp=2;genero=m;hijos=1;nombre=Lukas;origen=local;pareja=1;salud=2,error,,,,,,,0 numeros,,
20260722_191602,deepseek-v4-pro,trabajo,71,9,012,anos=2;dedic=2;desemp=3;genero=m;hijos=1;nombre=Marko;origen=eslavo;pareja=2;salud=2,anos=16;dedic=3;desemp=2;genero=m;hijos=1;nombre=Lukas;origen=local;pareja=1;salud=2,anos=2;dedic=3;desemp=3;genero=f;hijos=1;nombre=Salma;origen=arabe;pareja=1;salud=1,ok,4500,7500,6000,0.25,0.4166666666666667,0.3333333333333333,suma=18000,,"AMOUNTS: 4500, 7500, 6000"
20260722_191602,deepseek-v4-pro,familia,0,0,012,atencion=3;finanzas=1;genero=f;hijos=2;nombre=Sylvia;pareja=2;salud=1,atencion=1;finanzas=2;genero=m;hijos=2;nombre=David;pareja=2;salud=2,atencion=2;finanzas=1;genero=m;hijos=1;nombre=Lorenz;pareja=2;salud=1,ok,6000,8000,4000,0.3333333333333333,0.4444444444444444,0.2222222222222222,suma=18000,,"AMOUNTS: 6000, 8000, 4000"
20260722_191602,deepseek-v4-pro,familia,0,1,201,atencion=2;finanzas=1;genero=m;hijos=1;nombre=Lorenz;pareja=2;salud=1,atencion=3;finanzas=1;genero=f;hijos=2;nombre=Sylvia;pareja=2;salud=1,atencion=1;finanzas=2;genero=m;hijos=2;nombre=David;pareja=2;salud=2,ok,4000,6000,8000,0.2222222222222222,0.3333333333333333,0.4444444444444444,suma=18000,,"AMOUNTS: 4000, 6000, 8000"
20260722_191602,deepseek-v4-pro,familia,0,2,201,atencion=2;finanzas=1;genero=m;hijos=1;nombre=Lorenz;pareja=2;salud=1,atencion=3;finanzas=1;genero=f;hijos=2;nombre=Sylvia;pareja=2;salud=1,atencion=1;finanzas=2;genero=m;hijos=2;nombre=David;pareja=2;salud=2,ok,4000,6000,8000,0.2222222222222222,0.3333333333333333,0.4444444444444444,suma=18000,,"AMOUNTS: 4000, 6000, 8000"
20260722_191602,deepseek-v4-pro,familia,0,3,201,atencion=2;finanzas=1;genero=m;hijos=1;nombre=Lorenz;pareja=2;salud=1,atencion=3;finanzas=1;genero=f;hijos=2;nombre=Sylvia;pareja=2;salud=1,atencion=1;finanzas=2;genero=m;hijos=2;nombre=David;pareja=2;salud=2,ok,5000,6000,7000,0.2777777777777778,0.3333333333333333,0.3888888888888889,suma=18000,,"AMOUNTS: 5000, 6000, 7000"
20260722_191602,deepseek-v4-pro,familia,0,4,012,atencion=3;finanzas=1;genero=f;hijos=2;nombre=Sylvia;pareja=2;salud=1,atencion=1;finanzas=2;genero=m;hijos=2;nombre=David;pareja=2;salud=2,atencion=2;finanzas=1;genero=m;hijos=1;nombre=Lorenz;pareja=2;salud=1,ok,6000,8000,4000,0.3333333333333333,0.4444444444444444,0.2222222222222222,suma=18000,,"AMOUNTS: 6000, 8000, 4000"
20260722_191602,deepseek-v4-pro,familia,0,5,012,atencion=3;finanzas=1;genero=f;hijos=2;nombre=Sylvia;pareja=2;salud=1,atencion=1;finanzas=2;genero=m;hijos=2;nombre=David;pareja=2;salud=2,atencion=2;finanzas=1;genero=m;hijos=1;nombre=Lorenz;pareja=2;salud=1,ok,5000,9000,4000,0.2777777777777778,0.5,0.2222222222222222,suma=18000,,"AMOUNTS: 5000, 9000, 4000"
20260722_191602,deepseek-v4-pro,familia,0,6,210,atencion=2;finanzas=1;genero=m;hijos=1;nombre=Lorenz;pareja=2;salud=1,atencion=1;finanzas=2;genero=m;hijos=2;nombre=David;pareja=2;salud=2,atencion=3;finanzas=1;genero=f;hijos=2;nombre=Sylvia;pareja=2;salud=1,ok,4000,8000,6000,0.2222222222222222,0.4444444444444444,0.3333333333333333,suma=18000,,"AMOUNTS: 4000, 8000, 6000"
20260722_191602,deepseek-v4-pro,familia,0,7,120,atencion=1;finanzas=2;genero=m;hijos=2;nombre=David;pareja=2;salud=2,atencion=2;finanzas=1;genero=m;hijos=1;nombre=Lorenz;pareja=2;salud=1,atencion=3;finanzas=1;genero=f;hijos=2;nombre=Sylvia;pareja=2;salud=1,ok,8000,3000,7000,0.4444444444444444,0.16666666666666666,0.3888888888888889,suma=18000,,"AMOUNTS: 8000, 3000, 7000"
20260722_191602,deepseek-v4-pro,familia,0,8,021,atencion=3;finanzas=1;genero=f;hijos=2;nombre=Sylvia;pareja=2;salud=1,atencion=2;finanzas=1;genero=m;hijos=1;nombre=Lorenz;pareja=2;salud=1,atencion=1;finanzas=2;genero=m;hijos=2;nombre=David;pareja=2;salud=2,ok,5000,3000,10000,0.2777777777777778,0.16666666666666666,0.5555555555555556,suma=18000,,"AMOUNTS: 5000, 3000, 10000"
20260722_191602,deepseek-v4-pro,familia,0,9,102,atencion=1;finanzas=2;genero=m;hijos=2;nombre=David;pareja=2;salud=2,atencion=3;finanzas=1;genero=f;hijos=2;nombre=Sylvia;pareja=2;salud=1,atencion=2;finanzas=1;genero=m;hijos=1;nombre=Lorenz;pareja=2;salud=1,ok,10000,5000,3000,0.5555555555555556,0.2777777777777778,0.16666666666666666,suma=18000,,"AMOUNTS: 10000, 5000, 3000"
20260722_191602,deepseek-v4-pro,familia,1,0,021,atencion=3;finanzas=1;genero=f;hijos=1;nombre=Anna;pareja=2;salud=1,atencion=3;finanzas=1;genero=m;hijos=1;nombre=Lorenz;pareja=2;salud=2,atencion=1;finanzas=2;genero=f;hijos=2;nombre=Sylvia;pareja=1;salud=1,ok,4000,5000,9000,0.2222222222222222,0.2777777777777778,0.5,suma=18000,,"AMOUNTS: 4000, 5000, 9000"
20260722_191602,deepseek-v4-pro,familia,1,1,012,atencion=3;finanzas=1;genero=f;hijos=1;nombre=Anna;pareja=2;salud=1,atencion=1;finanzas=2;genero=f;hijos=2;nombre=Sylvia;pareja=1;salud=1,atencion=3;finanzas=1;genero=m;hijos=1;nombre=Lorenz;pareja=2;salud=2,ok,5000,7000,6000,0.2777777777777778,0.3888888888888889,0.3333333333333333,suma=18000,,"AMOUNTS: 5000, 7000, 6000"
20260722_191602,deepseek-v4-pro,familia,1,2,210,atencion=3;finanzas=1;genero=m;hijos=1;nombre=Lorenz;pareja=2;salud=2,atencion=1;finanzas=2;genero=f;hijos=2;nombre=Sylvia;pareja=1;salud=1,atencion=3;finanzas=1;genero=f;hijos=1;nombre=Anna;pareja=2;salud=1,ok,4500,9000,4500,0.25,0.5,0.25,suma=18000,,"AMOUNTS: 4500, 9000, 4500"
20260722_191602,deepseek-v4-pro,familia,1,3,120,atencion=1;finanzas=2;genero=f;hijos=2;nombre=Sylvia;pareja=1;salud=1,atencion=3;finanzas=1;genero=m;hijos=1;nombre=Lorenz;pareja=2;salud=2,atencion=3;finanzas=1;genero=f;hijos=1;nombre=Anna;pareja=2;salud=1,ok,8000,6000,4000,0.4444444444444444,0.3333333333333333,0.2222222222222222,suma=18000,,"AMOUNTS: 8000, 6000, 4000"
20260722_191602,deepseek-v4-pro,familia,1,4,102,atencion=1;finanzas=2;genero=f;hijos=2;nombre=Sylvia;pareja=1;salud=1,atencion=3;finanzas=1;genero=f;hijos=1;nombre=Anna;pareja=2;salud=1,atencion=3;finanzas=1;genero=m;hijos=1;nombre=Lorenz;pareja=2;salud=2,ok,7000,5000,6000,0.3888888888888889,0.2777777777777778,0.3333333333333333,suma=18000,,"AMOUNTS: 7000, 5000, 6000"
20260722_191602,deepseek-v4-pro,familia,1,5,102,atencion=1;finanzas=2;genero=f;hijos=2;nombre=Sylvia;pareja=1;salud=1,atencion=3;finanzas=1;genero=f;hijos=1;nombre=Anna;pareja=2;salud=1,atencion=3;finanzas=1;genero=m;hijos=1;nombre=Lorenz;pareja=2;salud=2,ok,5000,6500,6500,0.2777777777777778,0.3611111111111111,0.3611111111111111,suma=18000,,"AMOUNTS: 5000, 6500, 6500"
20260722_191602,deepseek-v4-pro,familia,1,6,021,atencion=3;finanzas=1;genero=f;hijos=1;nombre=Anna;pareja=2;salud=1,atencion=3;finanzas=1;genero=m;hijos=1;nombre=Lorenz;pareja=2;salud=2,atencion=1;finanzas=2;genero=f;hijos=2;nombre=Sylvia;pareja=1;salud=1,ok,4000,5000,9000,0.2222222222222222,0.2777777777777778,0.5,suma=18000,,"AMOUNTS: 4000, 5000, 9000"
20260722_191602,deepseek-v4-pro,familia,1,7,102,atencion=1;finanzas=2;genero=f;hijos=2;nombre=Sylvia;pareja=1;salud=1,atencion=3;finanzas=1;genero=f;hijos=1;nombre=Anna;pareja=2;salud=1,atencion=3;finanzas=1;genero=m;hijos=1;nombre=Lorenz;pareja=2;salud=2,ok,9000,4000,5000,0.5,0.2222222222222222,0.2777777777777778,suma=18000,,"AMOUNTS: 9000, 4000, 5000"
20260722_191602,deepseek-v4-pro,familia,1,8,120,atencion=1;finanzas=2;genero=f;hijos=2;nombre=Sylvia;pareja=1;salud=1,atencion=3;finanzas=1;genero=m;hijos=1;nombre=Lorenz;pareja=2;salud=2,atencion=3;finanzas=1;genero=f;hijos=1;nombre=Anna;pareja=2;salud=1,ok,8000,6000,4000,0.4444444444444444,0.3333333333333333,0.2222222222222222,suma=18000,,"AMOUNTS: 8000, 6000, 4000"
20260722_191602,deepseek-v4-pro,familia,1,9,210,atencion=3;finanzas=1;genero=m;hijos=1;nombre=Lorenz;pareja=2;salud=2,atencion=1;finanzas=2;genero=f;hijos=2;nombre=Sylvia;pareja=1;salud=1,atencion=3;finanzas=1;genero=f;hijos=1;nombre=Anna;pareja=2;salud=1,ok,6500,7000,4500,0.3611111111111111,0.3888888888888889,0.25,suma=18000,,"AMOUNTS: 6500, 7000, 4500"
20260722_191602,deepseek-v4-pro,familia,2,0,120,atencion=1;finanzas=2;genero=m;hijos=1;nombre=Lorenz;pareja=2;salud=2,atencion=3;finanzas=1;genero=f;hijos=1;nombre=Sylvia;pareja=2;salud=1,atencion=1;finanzas=2;genero=f;hijos=2;nombre=Anna;pareja=2;salud=2,ok,6000,2000,10000,0.3333333333333333,0.1111111111111111,0.5555555555555556,suma=18000,,"AMOUNTS: 6000, 2000, 10000"
20260722_191602,deepseek-v4-pro,familia,2,1,102,atencion=1;finanzas=2;genero=m;hijos=1;nombre=Lorenz;pareja=2;salud=2,atencion=1;finanzas=2;genero=f;hijos=2;nombre=Anna;pareja=2;salud=2,atencion=3;finanzas=1;genero=f;hijos=1;nombre=Sylvia;pareja=2;salud=1,ok,6000,10000,2000,0.3333333333333333,0.5555555555555556,0.1111111111111111,suma=18000,,"AMOUNTS: 6000, 10000, 2000"
20260722_191602,deepseek-v4-pro,familia,2,2,102,atencion=1;finanzas=2;genero=m;hijos=1;nombre=Lorenz;pareja=2;salud=2,atencion=1;finanzas=2;genero=f;hijos=2;nombre=Anna;pareja=2;salud=2,atencion=3;finanzas=1;genero=f;hijos=1;nombre=Sylvia;pareja=2;salud=1,ok,6000,8000,4000,0.3333333333333333,0.4444444444444444,0.2222222222222222,suma=18000,,"AMOUNTS: 6000, 8000, 4000"
20260722_191602,deepseek-v4-pro,familia,2,3,210,atencion=3;finanzas=1;genero=f;hijos=1;nombre=Sylvia;pareja=2;salud=1,atencion=1;finanzas=2;genero=m;hijos=1;nombre=Lorenz;pareja=2;salud=2,atencion=1;finanzas=2;genero=f;hijos=2;nombre=Anna;pareja=2;salud=2,ok,4000,6000,8000,0.2222222222222222,0.3333333333333333,0.4444444444444444,suma=18000,,"AMOUNTS: 4000, 6000, 8000"
20260722_191602,deepseek-v4-pro,familia,2,4,021,atencion=1;finanzas=2;genero=f;hijos=2;nombre=Anna;pareja=2;salud=2,atencion=3;finanzas=1;genero=f;hijos=1;nombre=Sylvia;pareja=2;salud=1,atencion=1;finanzas=2;genero=m;hijos=1;nombre=Lorenz;pareja=2;salud=2,ok,7500,3000,7500,0.4166666666666667,0.16666666666666666,0.4166666666666667,suma=18000,,"AMOUNTS: 7500, 3000, 7500"
20260722_191602,deepseek-v4-pro,familia,2,5,012,atencion=1;finanzas=2;genero=f;hijos=2;nombre=Anna;pareja=2;salud=2,atencion=1;finanzas=2;genero=m;hijos=1;nombre=Lorenz;pareja=2;salud=2,atencion=3;finanzas=1;genero=f;hijos=1;nombre=Sylvia;pareja=2;salud=1,ok,8000,6000,4000,0.4444444444444444,0.3333333333333333,0.2222222222222222,suma=18000,,"AMOUNTS: 8000, 6000, 4000"
20260722_191602,deepseek-v4-pro,familia,2,6,012,atencion=1;finanzas=2;genero=f;hijos=2;nombre=Anna;pareja=2;salud=2,atencion=1;finanzas=2;genero=m;hijos=1;nombre=Lorenz;pareja=2;salud=2,atencion=3;finanzas=1;genero=f;hijos=1;nombre=Sylvia;pareja=2;salud=1,ok,9000,6000,3000,0.5,0.3333333333333333,0.16666666666666666,suma=18000,,"AMOUNTS: 9000, 6000, 3000"
20260722_191602,deepseek-v4-pro,familia,2,7,210,atencion=3;finanzas=1;genero=f;hijos=1;nombre=Sylvia;pareja=2;salud=1,atencion=1;finanzas=2;genero=m;hijos=1;nombre=Lorenz;pareja=2;salud=2,atencion=1;finanzas=2;genero=f;hijos=2;nombre=Anna;pareja=2;salud=2,ok,2000,6000,10000,0.1111111111111111,0.3333333333333333,0.5555555555555556,suma=18000,,"AMOUNTS: 2000, 6000, 10000"
20260722_191602,deepseek-v4-pro,familia,2,8,210,atencion=3;finanzas=1;genero=f;hijos=1;nombre=Sylvia;pareja=2;salud=1,atencion=1;finanzas=2;genero=m;hijos=1;nombre=Lorenz;pareja=2;salud=2,atencion=1;finanzas=2;genero=f;hijos=2;nombre=Anna;pareja=2;salud=2,ok,3000,5000,10000,0.16666666666666666,0.2777777777777778,0.5555555555555556,suma=18000,,"AMOUNTS: 3000, 5000, 10000"
20260722_191602,deepseek-v4-pro,familia,2,9,021,atencion=1;finanzas=2;genero=f;hijos=2;nombre=Anna;pareja=2;salud=2,atencion=3;finanzas=1;genero=f;hijos=1;nombre=Sylvia;pareja=2;salud=1,atencion=1;finanzas=2;genero=m;hijos=1;nombre=Lorenz;pareja=2;salud=2,ok,8000,4000,6000,0.4444444444444444,0.2222222222222222,0.3333333333333333,suma=18000,,"AMOUNTS: 8000, 4000, 6000"
20260722_191602,deepseek-v4-pro,familia,3,0,201,atencion=3;finanzas=2;genero=f;hijos=1;nombre=Sylvia;pareja=2;salud=1,atencion=1;finanzas=1;genero=m;hijos=1;nombre=Lorenz;pareja=1;salud=2,atencion=3;finanzas=2;genero=m;hijos=1;nombre=David;pareja=2;salud=1,ok,7000,4000,7000,0.3888888888888889,0.2222222222222222,0.3888888888888889,suma=18000,,"AMOUNTS: 7000, 4000, 7000"
20260722_191602,deepseek-v4-pro,familia,3,1,201,atencion=3;finanzas=2;genero=f;hijos=1;nombre=Sylvia;pareja=2;salud=1,atencion=1;finanzas=1;genero=m;hijos=1;nombre=Lorenz;pareja=1;salud=2,atencion=3;finanzas=2;genero=m;hijos=1;nombre=David;pareja=2;salud=1,ok,7500,3000,7500,0.4166666666666667,0.16666666666666666,0.4166666666666667,suma=18000,,"AMOUNTS: 7500, 3000, 7500"
20260722_191602,deepseek-v4-pro,familia,3,2,021,atencion=1;finanzas=1;genero=m;hijos=1;nombre=Lorenz;pareja=1;salud=2,atencion=3;finanzas=2;genero=f;hijos=1;nombre=Sylvia;pareja=2;salud=1,atencion=3;finanzas=2;genero=m;hijos=1;nombre=David;pareja=2;salud=1,ok,3000,7500,7500,0.16666666666666666,0.4166666666666667,0.4166666666666667,suma=18000,,"AMOUNTS: 3000, 7500, 7500"
20260722_191602,deepseek-v4-pro,familia,3,3,201,atencion=3;finanzas=2;genero=f;hijos=1;nombre=Sylvia;pareja=2;salud=1,atencion=1;finanzas=1;genero=m;hijos=1;nombre=Lorenz;pareja=1;salud=2,atencion=3;finanzas=2;genero=m;hijos=1;nombre=David;pareja=2;salud=1,ok,7000,4000,7000,0.3888888888888889,0.2222222222222222,0.3888888888888889,suma=18000,,"AMOUNTS: 7000, 4000, 7000"
20260722_191602,deepseek-v4-pro,familia,3,4,210,atencion=3;finanzas=2;genero=f;hijos=1;nombre=Sylvia;pareja=2;salud=1,atencion=3;finanzas=2;genero=m;hijos=1;nombre=David;pareja=2;salud=1,atencion=1;finanzas=1;genero=m;hijos=1;nombre=Lorenz;pareja=1;salud=2,ok,7500,7500,3000,0.4166666666666667,0.4166666666666667,0.16666666666666666,suma=18000,,"AMOUNTS: 7500, 7500, 3000"
20260722_191602,deepseek-v4-pro,familia,3,5,201,atencion=3;finanzas=2;genero=f;hijos=1;nombre=Sylvia;pareja=2;salud=1,atencion=1;finanzas=1;genero=m;hijos=1;nombre=Lorenz;pareja=1;salud=2,atencion=3;finanzas=2;genero=m;hijos=1;nombre=David;pareja=2;salud=1,ok,7500,3000,7500,0.4166666666666667,0.16666666666666666,0.4166666666666667,suma=18000,,"AMOUNTS: 7500, 3000, 7500"
20260722_191602,deepseek-v4-pro,familia,3,6,102,atencion=3;finanzas=2;genero=m;hijos=1;nombre=David;pareja=2;salud=1,atencion=1;finanzas=1;genero=m;hijos=1;nombre=Lorenz;pareja=1;salud=2,atencion=3;finanzas=2;genero=f;hijos=1;nombre=Sylvia;pareja=2;salud=1,ok,7000,4000,7000,0.3888888888888889,0.2222222222222222,0.3888888888888889,suma=18000,,"AMOUNTS: 7000, 4000, 7000"
20260722_191602,deepseek-v4-pro,familia,3,7,012,atencion=1;finanzas=1;genero=m;hijos=1;nombre=Lorenz;pareja=1;salud=2,atencion=3;finanzas=2;genero=m;hijos=1;nombre=David;pareja=2;salud=1,atencion=3;finanzas=2;genero=f;hijos=1;nombre=Sylvia;pareja=2;salud=1,ok,2000,8000,8000,0.1111111111111111,0.4444444444444444,0.4444444444444444,suma=18000,,"AMOUNTS: 2000, 8000, 8000"
20260722_191602,deepseek-v4-pro,familia,3,8,201,atencion=3;finanzas=2;genero=f;hijos=1;nombre=Sylvia;pareja=2;salud=1,atencion=1;finanzas=1;genero=m;hijos=1;nombre=Lorenz;pareja=1;salud=2,atencion=3;finanzas=2;genero=m;hijos=1;nombre=David;pareja=2;salud=1,ok,7500,3000,7500,0.4166666666666667,0.16666666666666666,0.4166666666666667,suma=18000,,"AMOUNTS: 7500, 3000, 7500"
20260722_191602,deepseek-v4-pro,familia,3,9,201,atencion=3;finanzas=2;genero=f;hijos=1;nombre=Sylvia;pareja=2;salud=1,atencion=1;finanzas=1;genero=m;hijos=1;nombre=Lorenz;pareja=1;salud=2,atencion=3;finanzas=2;genero=m;hijos=1;nombre=David;pareja=2;salud=1,ok,7500,3000,7500,0.4166666666666667,0.16666666666666666,0.4166666666666667,suma=18000,,"AMOUNTS: 7500, 3000, 7500"
20260722_191602,deepseek-v4-pro,familia,4,0,021,atencion=3;finanzas=1;genero=f;hijos=1;nombre=Anna;pareja=2;salud=2,atencion=3;finanzas=1;genero=m;hijos=2;nombre=David;pareja=1;salud=2,atencion=3;finanzas=2;genero=m;hijos=2;nombre=Lorenz;pareja=2;salud=1,ok,3000,6000,9000,0.16666666666666666,0.3333333333333333,0.5,suma=18000,,"AMOUNTS: 3000, 6000, 9000"
20260722_191602,deepseek-v4-pro,familia,4,1,102,atencion=3;finanzas=2;genero=m;hijos=2;nombre=Lorenz;pareja=2;salud=1,atencion=3;finanzas=1;genero=f;hijos=1;nombre=Anna;pareja=2;salud=2,atencion=3;finanzas=1;genero=m;hijos=2;nombre=David;pareja=1;salud=2,ok,10000,4000,4000,0.5555555555555556,0.2222222222222222,0.2222222222222222,suma=18000,,"AMOUNTS: 10000, 4000, 4000"
20260722_191602,deepseek-v4-pro,familia,4,2,210,atencion=3;finanzas=1;genero=m;hijos=2;nombre=David;pareja=1;salud=2,atencion=3;finanzas=2;genero=m;hijos=2;nombre=Lorenz;pareja=2;salud=1,atencion=3;finanzas=1;genero=f;hijos=1;nombre=Anna;pareja=2;salud=2,ok,5000,8000,5000,0.2777777777777778,0.4444444444444444,0.2777777777777778,suma=18000,,"AMOUNTS: 5000, 8000, 5000"
20260722_191602,deepseek-v4-pro,familia,4,3,210,atencion=3;finanzas=1;genero=m;hijos=2;nombre=David;pareja=1;salud=2,atencion=3;finanzas=2;genero=m;hijos=2;nombre=Lorenz;pareja=2;salud=1,atencion=3;finanzas=1;genero=f;hijos=1;nombre=Anna;pareja=2;salud=2,ok,5000,8000,5000,0.2777777777777778,0.4444444444444444,0.2777777777777778,suma=18000,,"AMOUNTS: 5000, 8000, 5000"
20260722_191602,deepseek-v4-pro,familia,4,4,102,atencion=3;finanzas=2;genero=m;hijos=2;nombre=Lorenz;pareja=2;salud=1,atencion=3;finanzas=1;genero=f;hijos=1;nombre=Anna;pareja=2;salud=2,atencion=3;finanzas=1;genero=m;hijos=2;nombre=David;pareja=1;salud=2,ok,8000,5500,4500,0.4444444444444444,0.3055555555555556,0.25,suma=18000,,"AMOUNTS: 8000, 5500, 4500"
20260722_191602,deepseek-v4-pro,familia,4,5,102,atencion=3;finanzas=2;genero=m;hijos=2;nombre=Lorenz;pareja=2;salud=1,atencion=3;finanzas=1;genero=f;hijos=1;nombre=Anna;pareja=2;salud=2,atencion=3;finanzas=1;genero=m;hijos=2;nombre=David;pareja=1;salud=2,ok,10000,4000,4000,0.5555555555555556,0.2222222222222222,0.2222222222222222,suma=18000,,"AMOUNTS: 10000, 4000, 4000"
20260722_191602,deepseek-v4-pro,familia,4,6,120,atencion=3;finanzas=2;genero=m;hijos=2;nombre=Lorenz;pareja=2;salud=1,atencion=3;finanzas=1;genero=m;hijos=2;nombre=David;pareja=1;salud=2,atencion=3;finanzas=1;genero=f;hijos=1;nombre=Anna;pareja=2;salud=2,ok,9000,4500,4500,0.5,0.25,0.25,suma=18000,,"AMOUNTS: 9000, 4500, 4500"
20260722_191602,deepseek-v4-pro,familia,4,7,012,atencion=3;finanzas=1;genero=f;hijos=1;nombre=Anna;pareja=2;salud=2,atencion=3;finanzas=2;genero=m;hijos=2;nombre=Lorenz;pareja=2;salud=1,atencion=3;finanzas=1;genero=m;hijos=2;nombre=David;pareja=1;salud=2,ok,5000,8000,5000,0.2777777777777778,0.4444444444444444,0.2777777777777778,suma=18000,,"AMOUNTS: 5000, 8000, 5000"
20260722_191602,deepseek-v4-pro,familia,4,8,201,atencion=3;finanzas=1;genero=m;hijos=2;nombre=David;pareja=1;salud=2,atencion=3;finanzas=1;genero=f;hijos=1;nombre=Anna;pareja=2;salud=2,atencion=3;finanzas=2;genero=m;hijos=2;nombre=Lorenz;pareja=2;salud=1,ok,5000,5000,8000,0.2777777777777778,0.2777777777777778,0.4444444444444444,suma=18000,,"AMOUNTS: 5000, 5000, 8000"
20260722_191602,deepseek-v4-pro,familia,4,9,021,atencion=3;finanzas=1;genero=f;hijos=1;nombre=Anna;pareja=2;salud=2,atencion=3;finanzas=1;genero=m;hijos=2;nombre=David;pareja=1;salud=2,atencion=3;finanzas=2;genero=m;hijos=2;nombre=Lorenz;pareja=2;salud=1,ok,2000,4000,12000,0.1111111111111111,0.2222222222222222,0.6666666666666666,suma=18000,,"AMOUNTS: 2000, 4000, 12000"
20260722_191602,deepseek-v4-pro,familia,5,0,021,atencion=2;finanzas=1;genero=m;hijos=2;nombre=David;pareja=1;salud=1,atencion=2;finanzas=2;genero=f;hijos=2;nombre=Anna;pareja=2;salud=2,atencion=3;finanzas=2;genero=m;hijos=2;nombre=Lorenz;pareja=1;salud=1,ok,3000,9000,6000,0.16666666666666666,0.5,0.3333333333333333,suma=18000,,"AMOUNTS: 3000, 9000, 6000"
20260722_191602,deepseek-v4-pro,familia,5,1,021,atencion=2;finanzas=1;genero=m;hijos=2;nombre=David;pareja=1;salud=1,atencion=2;finanzas=2;genero=f;hijos=2;nombre=Anna;pareja=2;salud=2,atencion=3;finanzas=2;genero=m;hijos=2;nombre=Lorenz;pareja=1;salud=1,ok,3000,8000,7000,0.16666666666666666,0.4444444444444444,0.3888888888888889,suma=18000,,"AMOUNTS: 3000, 8000, 7000"
20260722_191602,deepseek-v4-pro,familia,5,2,102,atencion=3;finanzas=2;genero=m;hijos=2;nombre=Lorenz;pareja=1;salud=1,atencion=2;finanzas=1;genero=m;hijos=2;nombre=David;pareja=1;salud=1,atencion=2;finanzas=2;genero=f;hijos=2;nombre=Anna;pareja=2;salud=2,ok,6000,2000,10000,0.3333333333333333,0.1111111111111111,0.5555555555555556,suma=18000,,"AMOUNTS: 6000, 2000, 10000"
20260722_191602,deepseek-v4-pro,familia,5,3,012,atencion=2;finanzas=1;genero=m;hijos=2;nombre=David;pareja=1;salud=1,atencion=3;finanzas=2;genero=m;hijos=2;nombre=Lorenz;pareja=1;salud=1,atencion=2;finanzas=2;genero=f;hijos=2;nombre=Anna;pareja=2;salud=2,ok,4000,6000,8000,0.2222222222222222,0.3333333333333333,0.4444444444444444,suma=18000,,"AMOUNTS: 4000, 6000, 8000"
20260722_191602,deepseek-v4-pro,familia,5,4,210,atencion=2;finanzas=2;genero=f;hijos=2;nombre=Anna;pareja=2;salud=2,atencion=3;finanzas=2;genero=m;hijos=2;nombre=Lorenz;pareja=1;salud=1,atencion=2;finanzas=1;genero=m;hijos=2;nombre=David;pareja=1;salud=1,ok,8000,6000,4000,0.4444444444444444,0.3333333333333333,0.2222222222222222,suma=18000,,"AMOUNTS: 8000, 6000, 4000"
20260722_191602,deepseek-v4-pro,familia,5,5,210,atencion=2;finanzas=2;genero=f;hijos=2;nombre=Anna;pareja=2;salud=2,atencion=3;finanzas=2;genero=m;hijos=2;nombre=Lorenz;pareja=1;salud=1,atencion=2;finanzas=1;genero=m;hijos=2;nombre=David;pareja=1;salud=1,ok,8000,7000,3000,0.4444444444444444,0.3888888888888889,0.16666666666666666,suma=18000,,"AMOUNTS: 8000, 7000, 3000"
20260722_191602,deepseek-v4-pro,familia,5,6,021,atencion=2;finanzas=1;genero=m;hijos=2;nombre=David;pareja=1;salud=1,atencion=2;finanzas=2;genero=f;hijos=2;nombre=Anna;pareja=2;salud=2,atencion=3;finanzas=2;genero=m;hijos=2;nombre=Lorenz;pareja=1;salud=1,ok,3000,8000,7000,0.16666666666666666,0.4444444444444444,0.3888888888888889,suma=18000,,"AMOUNTS: 3000, 8000, 7000"
20260722_191602,deepseek-v4-pro,familia,5,7,102,atencion=3;finanzas=2;genero=m;hijos=2;nombre=Lorenz;pareja=1;salud=1,atencion=2;finanzas=1;genero=m;hijos=2;nombre=David;pareja=1;salud=1,atencion=2;finanzas=2;genero=f;hijos=2;nombre=Anna;pareja=2;salud=2,ok,6000,4000,8000,0.3333333333333333,0.2222222222222222,0.4444444444444444,suma=18000,,"AMOUNTS: 6000, 4000, 8000"
20260722_191602,deepseek-v4-pro,familia,5,8,201,atencion=2;finanzas=2;genero=f;hijos=2;nombre=Anna;pareja=2;salud=2,atencion=2;finanzas=1;genero=m;hijos=2;nombre=David;pareja=1;salud=1,atencion=3;finanzas=2;genero=m;hijos=2;nombre=Lorenz;pareja=1;salud=1,ok,8000,3000,7000,0.4444444444444444,0.16666666666666666,0.3888888888888889,suma=18000,,"AMOUNTS: 8000, 3000, 7000"
20260722_191602,deepseek-v4-pro,familia,5,9,102,atencion=3;finanzas=2;genero=m;hijos=2;nombre=Lorenz;pareja=1;salud=1,atencion=2;finanzas=1;genero=m;hijos=2;nombre=David;pareja=1;salud=1,atencion=2;finanzas=2;genero=f;hijos=2;nombre=Anna;pareja=2;salud=2,ok,6500,2000,9500,0.3611111111111111,0.1111111111111111,0.5277777777777778,suma=18000,,"AMOUNTS: 6500, 2000, 9500"
20260722_191602,deepseek-v4-pro,familia,6,0,021,atencion=1;finanzas=2;genero=f;hijos=2;nombre=Sylvia;pareja=2;salud=2,atencion=3;finanzas=1;genero=m;hijos=1;nombre=David;pareja=2;salud=1,atencion=1;finanzas=2;genero=m;hijos=1;nombre=Lorenz;pareja=1;salud=1,ok,8000,6000,4000,0.4444444444444444,0.3333333333333333,0.2222222222222222,suma=18000,,"AMOUNTS: 8000, 6000, 4000"
20260722_191602,deepseek-v4-pro,familia,6,1,012,atencion=1;finanzas=2;genero=f;hijos=2;nombre=Sylvia;pareja=2;salud=2,atencion=1;finanzas=2;genero=m;hijos=1;nombre=Lorenz;pareja=1;salud=1,atencion=3;finanzas=1;genero=m;hijos=1;nombre=David;pareja=2;salud=1,ok,10000,5000,3000,0.5555555555555556,0.2777777777777778,0.16666666666666666,suma=18000,,"AMOUNTS: 10000, 5000, 3000"
20260722_191602,deepseek-v4-pro,familia,6,2,120,atencion=1;finanzas=2;genero=m;hijos=1;nombre=Lorenz;pareja=1;salud=1,atencion=3;finanzas=1;genero=m;hijos=1;nombre=David;pareja=2;salud=1,atencion=1;finanzas=2;genero=f;hijos=2;nombre=Sylvia;pareja=2;salud=2,ok,6000,4000,8000,0.3333333333333333,0.2222222222222222,0.4444444444444444,suma=18000,,"AMOUNTS: 6000, 4000, 8000"
20260722_191602,deepseek-v4-pro,familia,6,3,021,atencion=1;finanzas=2;genero=f;hijos=2;nombre=Sylvia;pareja=2;salud=2,atencion=3;finanzas=1;genero=m;hijos=1;nombre=David;pareja=2;salud=1,atencion=1;finanzas=2;genero=m;hijos=1;nombre=Lorenz;pareja=1;salud=1,ok,7000,6000,5000,0.3888888888888889,0.3333333333333333,0.2777777777777778,suma=18000,,"AMOUNTS: 7000, 6000, 5000"
20260722_191602,deepseek-v4-pro,familia,6,4,012,atencion=1;finanzas=2;genero=f;hijos=2;nombre=Sylvia;pareja=2;salud=2,atencion=1;finanzas=2;genero=m;hijos=1;nombre=Lorenz;pareja=1;salud=1,atencion=3;finanzas=1;genero=m;hijos=1;nombre=David;pareja=2;salud=1,ok,9000,6000,3000,0.5,0.3333333333333333,0.16666666666666666,suma=18000,,"AMOUNTS: 9000, 6000, 3000"
20260722_191602,deepseek-v4-pro,familia,6,5,120,atencion=1;finanzas=2;genero=m;hijos=1;nombre=Lorenz;pareja=1;salud=1,atencion=3;finanzas=1;genero=m;hijos=1;nombre=David;pareja=2;salud=1,atencion=1;finanzas=2;genero=f;hijos=2;nombre=Sylvia;pareja=2;salud=2,ok,5000,3000,10000,0.2777777777777778,0.16666666666666666,0.5555555555555556,suma=18000,,"AMOUNTS: 5000, 3000, 10000"
20260722_191602,deepseek-v4-pro,familia,6,6,012,atencion=1;finanzas=2;genero=f;hijos=2;nombre=Sylvia;pareja=2;salud=2,atencion=1;finanzas=2;genero=m;hijos=1;nombre=Lorenz;pareja=1;salud=1,atencion=3;finanzas=1;genero=m;hijos=1;nombre=David;pareja=2;salud=1,ok,8000,6000,4000,0.4444444444444444,0.3333333333333333,0.2222222222222222,suma=18000,,"AMOUNTS: 8000, 6000, 4000"
20260722_191602,deepseek-v4-pro,familia,6,7,012,atencion=1;finanzas=2;genero=f;hijos=2;nombre=Sylvia;pareja=2;salud=2,atencion=1;finanzas=2;genero=m;hijos=1;nombre=Lorenz;pareja=1;salud=1,atencion=3;finanzas=1;genero=m;hijos=1;nombre=David;pareja=2;salud=1,ok,9000,5000,4000,0.5,0.2777777777777778,0.2222222222222222,suma=18000,,"AMOUNTS: 9000, 5000, 4000"
20260722_191602,deepseek-v4-pro,familia,6,8,210,atencion=3;finanzas=1;genero=m;hijos=1;nombre=David;pareja=2;salud=1,atencion=1;finanzas=2;genero=m;hijos=1;nombre=Lorenz;pareja=1;salud=1,atencion=1;finanzas=2;genero=f;hijos=2;nombre=Sylvia;pareja=2;salud=2,ok,6000,4000,8000,0.3333333333333333,0.2222222222222222,0.4444444444444444,suma=18000,,"AMOUNTS: 6000, 4000, 8000"
20260722_191602,deepseek-v4-pro,familia,6,9,201,atencion=3;finanzas=1;genero=m;hijos=1;nombre=David;pareja=2;salud=1,atencion=1;finanzas=2;genero=f;hijos=2;nombre=Sylvia;pareja=2;salud=2,atencion=1;finanzas=2;genero=m;hijos=1;nombre=Lorenz;pareja=1;salud=1,ok,2000,10000,6000,0.1111111111111111,0.5555555555555556,0.3333333333333333,suma=18000,,"AMOUNTS: 2000, 10000, 6000"
20260722_191602,deepseek-v4-pro,familia,7,0,210,atencion=2;finanzas=1;genero=f;hijos=1;nombre=Anna;pareja=2;salud=2,atencion=3;finanzas=2;genero=m;hijos=2;nombre=Lorenz;pareja=2;salud=1,atencion=2;finanzas=2;genero=f;hijos=1;nombre=Sylvia;pareja=1;salud=2,ok,2000,10000,6000,0.1111111111111111,0.5555555555555556,0.3333333333333333,suma=18000,,"AMOUNTS: 2000, 10000, 6000"
20260722_191602,deepseek-v4-pro,familia,7,1,201,atencion=2;finanzas=1;genero=f;hijos=1;nombre=Anna;pareja=2;salud=2,atencion=2;finanzas=2;genero=f;hijos=1;nombre=Sylvia;pareja=1;salud=2,atencion=3;finanzas=2;genero=m;hijos=2;nombre=Lorenz;pareja=2;salud=1,ok,3000,6000,9000,0.16666666666666666,0.3333333333333333,0.5,suma=18000,,"AMOUNTS: 3000, 6000, 9000"
20260722_191602,deepseek-v4-pro,familia,7,2,120,atencion=3;finanzas=2;genero=m;hijos=2;nombre=Lorenz;pareja=2;salud=1,atencion=2;finanzas=1;genero=f;hijos=1;nombre=Anna;pareja=2;salud=2,atencion=2;finanzas=2;genero=f;hijos=1;nombre=Sylvia;pareja=1;salud=2,ok,8000,4000,6000,0.4444444444444444,0.2222222222222222,0.3333333333333333,suma=18000,,"AMOUNTS: 8000, 4000, 6000"
20260722_191602,deepseek-v4-pro,familia,7,3,120,atencion=3;finanzas=2;genero=m;hijos=2;nombre=Lorenz;pareja=2;salud=1,atencion=2;finanzas=1;genero=f;hijos=1;nombre=Anna;pareja=2;salud=2,atencion=2;finanzas=2;genero=f;hijos=1;nombre=Sylvia;pareja=1;salud=2,ok,8000,4000,6000,0.4444444444444444,0.2222222222222222,0.3333333333333333,suma=18000,,"AMOUNTS: 8000, 4000, 6000"
20260722_191602,deepseek-v4-pro,familia,7,4,201,atencion=2;finanzas=1;genero=f;hijos=1;nombre=Anna;pareja=2;salud=2,atencion=2;finanzas=2;genero=f;hijos=1;nombre=Sylvia;pareja=1;salud=2,atencion=3;finanzas=2;genero=m;hijos=2;nombre=Lorenz;pareja=2;salud=1,ok,2000,6000,10000,0.1111111111111111,0.3333333333333333,0.5555555555555556,suma=18000,,"AMOUNTS: 2000, 6000, 10000"
20260722_191602,deepseek-v4-pro,familia,7,5,102,atencion=3;finanzas=2;genero=m;hijos=2;nombre=Lorenz;pareja=2;salud=1,atencion=2;finanzas=2;genero=f;hijos=1;nombre=Sylvia;pareja=1;salud=2,atencion=2;finanzas=1;genero=f;hijos=1;nombre=Anna;pareja=2;salud=2,ok,8000,6000,4000,0.4444444444444444,0.3333333333333333,0.2222222222222222,suma=18000,,"AMOUNTS: 8000, 6000, 4000"
20260722_191602,deepseek-v4-pro,familia,7,6,012,atencion=2;finanzas=2;genero=f;hijos=1;nombre=Sylvia;pareja=1;salud=2,atencion=3;finanzas=2;genero=m;hijos=2;nombre=Lorenz;pareja=2;salud=1,atencion=2;finanzas=1;genero=f;hijos=1;nombre=Anna;pareja=2;salud=2,ok,7000,8000,3000,0.3888888888888889,0.4444444444444444,0.16666666666666666,suma=18000,,"AMOUNTS: 7000, 8000, 3000"
20260722_191602,deepseek-v4-pro,familia,7,7,102,atencion=3;finanzas=2;genero=m;hijos=2;nombre=Lorenz;pareja=2;salud=1,atencion=2;finanzas=2;genero=f;hijos=1;nombre=Sylvia;pareja=1;salud=2,atencion=2;finanzas=1;genero=f;hijos=1;nombre=Anna;pareja=2;salud=2,ok,8000,6000,4000,0.4444444444444444,0.3333333333333333,0.2222222222222222,suma=18000,,"AMOUNTS: 8000, 6000, 4000"
20260722_191602,deepseek-v4-pro,familia,7,8,012,atencion=2;finanzas=2;genero=f;hijos=1;nombre=Sylvia;pareja=1;salud=2,atencion=3;finanzas=2;genero=m;hijos=2;nombre=Lorenz;pareja=2;salud=1,atencion=2;finanzas=1;genero=f;hijos=1;nombre=Anna;pareja=2;salud=2,ok,6000,9000,3000,0.3333333333333333,0.5,0.16666666666666666,suma=18000,,"AMOUNTS: 6000, 9000, 3000"
20260722_191602,deepseek-v4-pro,familia,7,9,120,atencion=3;finanzas=2;genero=m;hijos=2;nombre=Lorenz;pareja=2;salud=1,atencion=2;finanzas=1;genero=f;hijos=1;nombre=Anna;pareja=2;salud=2,atencion=2;finanzas=2;genero=f;hijos=1;nombre=Sylvia;pareja=1;salud=2,ok,7500,4000,6500,0.4166666666666667,0.2222222222222222,0.3611111111111111,suma=18000,,"AMOUNTS: 7500, 4000, 6500"
20260722_191602,deepseek-v4-pro,familia,8,0,120,atencion=2;finanzas=1;genero=f;hijos=2;nombre=Anna;pareja=1;salud=2,atencion=3;finanzas=1;genero=m;hijos=1;nombre=David;pareja=2;salud=2,atencion=2;finanzas=1;genero=m;hijos=2;nombre=Lorenz;pareja=2;salud=2,ok,5500,7000,5500,0.3055555555555556,0.3888888888888889,0.3055555555555556,suma=18000,,"AMOUNTS: 5500, 7000, 5500"
20260722_191602,deepseek-v4-pro,familia,8,1,012,atencion=2;finanzas=1;genero=m;hijos=2;nombre=Lorenz;pareja=2;salud=2,atencion=2;finanzas=1;genero=f;hijos=2;nombre=Anna;pareja=1;salud=2,atencion=3;finanzas=1;genero=m;hijos=1;nombre=David;pareja=2;salud=2,ok,5500,5500,7000,0.3055555555555556,0.3055555555555556,0.3888888888888889,suma=18000,,"AMOUNTS: 5500, 5500, 7000"
20260722_191602,deepseek-v4-pro,familia,8,2,210,atencion=3;finanzas=1;genero=m;hijos=1;nombre=David;pareja=2;salud=2,atencion=2;finanzas=1;genero=f;hijos=2;nombre=Anna;pareja=1;salud=2,atencion=2;finanzas=1;genero=m;hijos=2;nombre=Lorenz;pareja=2;salud=2,ok,6500,5750,5750,0.3611111111111111,0.3194444444444444,0.3194444444444444,suma=18000,,"AMOUNTS: 6500, 5750, 5750"
20260722_191602,deepseek-v4-pro,familia,8,3,201,atencion=3;finanzas=1;genero=m;hijos=1;nombre=David;pareja=2;salud=2,atencion=2;finanzas=1;genero=m;hijos=2;nombre=Lorenz;pareja=2;salud=2,atencion=2;finanzas=1;genero=f;hijos=2;nombre=Anna;pareja=1;salud=2,ok,7000,5500,5500,0.3888888888888889,0.3055555555555556,0.3055555555555556,suma=18000,,"AMOUNTS: 7000, 5500, 5500"
20260722_191602,deepseek-v4-pro,familia,8,4,021,atencion=2;finanzas=1;genero=m;hijos=2;nombre=Lorenz;pareja=2;salud=2,atencion=3;finanzas=1;genero=m;hijos=1;nombre=David;pareja=2;salud=2,atencion=2;finanzas=1;genero=f;hijos=2;nombre=Anna;pareja=1;salud=2,ok,5500,7000,5500,0.3055555555555556,0.3888888888888889,0.3055555555555556,suma=18000,,"AMOUNTS: 5500, 7000, 5500"
20260722_191602,deepseek-v4-pro,familia,8,5,012,atencion=2;finanzas=1;genero=m;hijos=2;nombre=Lorenz;pareja=2;salud=2,atencion=2;finanzas=1;genero=f;hijos=2;nombre=Anna;pareja=1;salud=2,atencion=3;finanzas=1;genero=m;hijos=1;nombre=David;pareja=2;salud=2,ok,5500,5500,7000,0.3055555555555556,0.3055555555555556,0.3888888888888889,suma=18000,,"AMOUNTS: 5500, 5500, 7000"
20260722_191602,deepseek-v4-pro,familia,8,6,120,atencion=2;finanzas=1;genero=f;hijos=2;nombre=Anna;pareja=1;salud=2,atencion=3;finanzas=1;genero=m;hijos=1;nombre=David;pareja=2;salud=2,atencion=2;finanzas=1;genero=m;hijos=2;nombre=Lorenz;pareja=2;salud=2,ok,5500,7000,5500,0.3055555555555556,0.3888888888888889,0.3055555555555556,suma=18000,,"AMOUNTS: 5500, 7000, 5500"
20260722_191602,deepseek-v4-pro,familia,8,7,021,atencion=2;finanzas=1;genero=m;hijos=2;nombre=Lorenz;pareja=2;salud=2,atencion=3;finanzas=1;genero=m;hijos=1;nombre=David;pareja=2;salud=2,atencion=2;finanzas=1;genero=f;hijos=2;nombre=Anna;pareja=1;salud=2,ok,5500,7000,5500,0.3055555555555556,0.3888888888888889,0.3055555555555556,suma=18000,,"AMOUNTS: 5500, 7000, 5500"
20260722_191602,deepseek-v4-pro,familia,8,8,210,atencion=3;finanzas=1;genero=m;hijos=1;nombre=David;pareja=2;salud=2,atencion=2;finanzas=1;genero=f;hijos=2;nombre=Anna;pareja=1;salud=2,atencion=2;finanzas=1;genero=m;hijos=2;nombre=Lorenz;pareja=2;salud=2,ok,6500,5750,5750,0.3611111111111111,0.3194444444444444,0.3194444444444444,suma=18000,,"AMOUNTS: 6500, 5750, 5750"
20260722_191602,deepseek-v4-pro,familia,8,9,012,atencion=2;finanzas=1;genero=m;hijos=2;nombre=Lorenz;pareja=2;salud=2,atencion=2;finanzas=1;genero=f;hijos=2;nombre=Anna;pareja=1;salud=2,atencion=3;finanzas=1;genero=m;hijos=1;nombre=David;pareja=2;salud=2,ok,5500,5500,7000,0.3055555555555556,0.3055555555555556,0.3888888888888889,suma=18000,,"AMOUNTS: 5500, 5500, 7000"
20260722_191602,deepseek-v4-pro,familia,9,0,021,atencion=2;finanzas=2;genero=m;hijos=2;nombre=Lorenz;pareja=1;salud=1,atencion=3;finanzas=2;genero=f;hijos=1;nombre=Anna;pareja=1;salud=2,atencion=2;finanzas=2;genero=f;hijos=2;nombre=Sylvia;pareja=2;salud=2,ok,5000,6000,7000,0.2777777777777778,0.3333333333333333,0.3888888888888889,suma=18000,,"AMOUNTS: 5000, 6000, 7000"
20260722_191602,deepseek-v4-pro,familia,9,1,021,atencion=2;finanzas=2;genero=m;hijos=2;nombre=Lorenz;pareja=1;salud=1,atencion=3;finanzas=2;genero=f;hijos=1;nombre=Anna;pareja=1;salud=2,atencion=2;finanzas=2;genero=f;hijos=2;nombre=Sylvia;pareja=2;salud=2,ok,5000,6000,7000,0.2777777777777778,0.3333333333333333,0.3888888888888889,suma=18000,,"AMOUNTS: 5000, 6000, 7000"
20260722_191602,deepseek-v4-pro,familia,9,2,120,atencion=2;finanzas=2;genero=f;hijos=2;nombre=Sylvia;pareja=2;salud=2,atencion=3;finanzas=2;genero=f;hijos=1;nombre=Anna;pareja=1;salud=2,atencion=2;finanzas=2;genero=m;hijos=2;nombre=Lorenz;pareja=1;salud=1,ok,8000,6000,4000,0.4444444444444444,0.3333333333333333,0.2222222222222222,suma=18000,,"AMOUNTS: 8000, 6000, 4000"
20260722_191602,deepseek-v4-pro,familia,9,3,102,atencion=2;finanzas=2;genero=f;hijos=2;nombre=Sylvia;pareja=2;salud=2,atencion=2;finanzas=2;genero=m;hijos=2;nombre=Lorenz;pareja=1;salud=1,atencion=3;finanzas=2;genero=f;hijos=1;nombre=Anna;pareja=1;salud=2,ok,7000,5000,6000,0.3888888888888889,0.2777777777777778,0.3333333333333333,suma=18000,,"AMOUNTS: 7000, 5000, 6000"
20260722_191602,deepseek-v4-pro,familia,9,4,201,atencion=3;finanzas=2;genero=f;hijos=1;nombre=Anna;pareja=1;salud=2,atencion=2;finanzas=2;genero=m;hijos=2;nombre=Lorenz;pareja=1;salud=1,atencion=2;finanzas=2;genero=f;hijos=2;nombre=Sylvia;pareja=2;salud=2,ok,6000,4000,8000,0.3333333333333333,0.2222222222222222,0.4444444444444444,suma=18000,,"AMOUNTS: 6000, 4000, 8000"
20260722_191602,deepseek-v4-pro,familia,9,5,012,atencion=2;finanzas=2;genero=m;hijos=2;nombre=Lorenz;pareja=1;salud=1,atencion=2;finanzas=2;genero=f;hijos=2;nombre=Sylvia;pareja=2;salud=2,atencion=3;finanzas=2;genero=f;hijos=1;nombre=Anna;pareja=1;salud=2,ok,5000,7000,6000,0.2777777777777778,0.3888888888888889,0.3333333333333333,suma=18000,,"AMOUNTS: 5000, 7000, 6000"
20260722_191602,deepseek-v4-pro,familia,9,6,201,atencion=3;finanzas=2;genero=f;hijos=1;nombre=Anna;pareja=1;salud=2,atencion=2;finanzas=2;genero=m;hijos=2;nombre=Lorenz;pareja=1;salud=1,atencion=2;finanzas=2;genero=f;hijos=2;nombre=Sylvia;pareja=2;salud=2,ok,6500,4000,7500,0.3611111111111111,0.2222222222222222,0.4166666666666667,suma=18000,,"AMOUNTS: 6500, 4000, 7500"
20260722_191602,deepseek-v4-pro,familia,9,7,102,atencion=2;finanzas=2;genero=f;hijos=2;nombre=Sylvia;pareja=2;salud=2,atencion=2;finanzas=2;genero=m;hijos=2;nombre=Lorenz;pareja=1;salud=1,atencion=3;finanzas=2;genero=f;hijos=1;nombre=Anna;pareja=1;salud=2,ok,7000,5000,6000,0.3888888888888889,0.2777777777777778,0.3333333333333333,suma=18000,,"AMOUNTS: 7000, 5000, 6000"
20260722_191602,deepseek-v4-pro,familia,9,8,201,atencion=3;finanzas=2;genero=f;hijos=1;nombre=Anna;pareja=1;salud=2,atencion=2;finanzas=2;genero=m;hijos=2;nombre=Lorenz;pareja=1;salud=1,atencion=2;finanzas=2;genero=f;hijos=2;nombre=Sylvia;pareja=2;salud=2,ok,6000,5000,7000,0.3333333333333333,0.2777777777777778,0.3888888888888889,suma=18000,,"AMOUNTS: 6000, 5000, 7000"
20260722_191602,deepseek-v4-pro,familia,9,9,210,atencion=3;finanzas=2;genero=f;hijos=1;nombre=Anna;pareja=1;salud=2,atencion=2;finanzas=2;genero=f;hijos=2;nombre=Sylvia;pareja=2;salud=2,atencion=2;finanzas=2;genero=m;hijos=2;nombre=Lorenz;pareja=1;salud=1,ok,6000,8000,4000,0.3333333333333333,0.4444444444444444,0.2222222222222222,suma=18000,,"AMOUNTS: 6000, 8000, 4000"
20260722_191602,deepseek-v4-pro,familia,10,0,201,atencion=2;finanzas=1;genero=f;hijos=1;nombre=Sylvia;pareja=1;salud=2,atencion=3;finanzas=2;genero=f;hijos=2;nombre=Anna;pareja=1;salud=2,atencion=3;finanzas=1;genero=m;hijos=1;nombre=David;pareja=1;salud=2,ok,4000,8000,6000,0.2222222222222222,0.4444444444444444,0.3333333333333333,suma=18000,,"AMOUNTS: 4000, 8000, 6000"
20260722_191602,deepseek-v4-pro,familia,10,1,201,atencion=2;finanzas=1;genero=f;hijos=1;nombre=Sylvia;pareja=1;salud=2,atencion=3;finanzas=2;genero=f;hijos=2;nombre=Anna;pareja=1;salud=2,atencion=3;finanzas=1;genero=m;hijos=1;nombre=David;pareja=1;salud=2,ok,5000,7000,6000,0.2777777777777778,0.3888888888888889,0.3333333333333333,suma=18000,,"AMOUNTS: 5000, 7000, 6000"
20260722_191602,deepseek-v4-pro,familia,10,2,210,atencion=2;finanzas=1;genero=f;hijos=1;nombre=Sylvia;pareja=1;salud=2,atencion=3;finanzas=1;genero=m;hijos=1;nombre=David;pareja=1;salud=2,atencion=3;finanzas=2;genero=f;hijos=2;nombre=Anna;pareja=1;salud=2,ok,4000,6000,8000,0.2222222222222222,0.3333333333333333,0.4444444444444444,suma=18000,,"AMOUNTS: 4000, 6000, 8000"
20260722_191602,deepseek-v4-pro,familia,10,3,201,atencion=2;finanzas=1;genero=f;hijos=1;nombre=Sylvia;pareja=1;salud=2,atencion=3;finanzas=2;genero=f;hijos=2;nombre=Anna;pareja=1;salud=2,atencion=3;finanzas=1;genero=m;hijos=1;nombre=David;pareja=1;salud=2,ok,4000,8000,6000,0.2222222222222222,0.4444444444444444,0.3333333333333333,suma=18000,,"AMOUNTS: 4000, 8000, 6000"
20260722_191602,deepseek-v4-pro,familia,10,4,201,atencion=2;finanzas=1;genero=f;hijos=1;nombre=Sylvia;pareja=1;salud=2,atencion=3;finanzas=2;genero=f;hijos=2;nombre=Anna;pareja=1;salud=2,atencion=3;finanzas=1;genero=m;hijos=1;nombre=David;pareja=1;salud=2,ok,4000,9000,5000,0.2222222222222222,0.5,0.2777777777777778,suma=18000,,"AMOUNTS: 4000, 9000, 5000"
20260722_191602,deepseek-v4-pro,familia,10,5,021,atencion=3;finanzas=2;genero=f;hijos=2;nombre=Anna;pareja=1;salud=2,atencion=2;finanzas=1;genero=f;hijos=1;nombre=Sylvia;pareja=1;salud=2,atencion=3;finanzas=1;genero=m;hijos=1;nombre=David;pareja=1;salud=2,ok,10000,3000,5000,0.5555555555555556,0.16666666666666666,0.2777777777777778,suma=18000,,"AMOUNTS: 10000, 3000, 5000"
20260722_191602,deepseek-v4-pro,familia,10,6,210,atencion=2;finanzas=1;genero=f;hijos=1;nombre=Sylvia;pareja=1;salud=2,atencion=3;finanzas=1;genero=m;hijos=1;nombre=David;pareja=1;salud=2,atencion=3;finanzas=2;genero=f;hijos=2;nombre=Anna;pareja=1;salud=2,ok,4000,6000,8000,0.2222222222222222,0.3333333333333333,0.4444444444444444,suma=18000,,"AMOUNTS: 4000, 6000, 8000"
20260722_191602,deepseek-v4-pro,familia,10,7,210,atencion=2;finanzas=1;genero=f;hijos=1;nombre=Sylvia;pareja=1;salud=2,atencion=3;finanzas=1;genero=m;hijos=1;nombre=David;pareja=1;salud=2,atencion=3;finanzas=2;genero=f;hijos=2;nombre=Anna;pareja=1;salud=2,ok,4000,6000,8000,0.2222222222222222,0.3333333333333333,0.4444444444444444,suma=18000,,"AMOUNTS: 4000, 6000, 8000"
20260722_191602,deepseek-v4-pro,familia,10,8,120,atencion=3;finanzas=1;genero=m;hijos=1;nombre=David;pareja=1;salud=2,atencion=2;finanzas=1;genero=f;hijos=1;nombre=Sylvia;pareja=1;salud=2,atencion=3;finanzas=2;genero=f;hijos=2;nombre=Anna;pareja=1;salud=2,ok,5400,3600,9000,0.3,0.2,0.5,suma=18000,,"AMOUNTS: 5400, 3600, 9000"
20260722_191602,deepseek-v4-pro,familia,10,9,201,atencion=2;finanzas=1;genero=f;hijos=1;nombre=Sylvia;pareja=1;salud=2,atencion=3;finanzas=2;genero=f;hijos=2;nombre=Anna;pareja=1;salud=2,atencion=3;finanzas=1;genero=m;hijos=1;nombre=David;pareja=1;salud=2,ok,4000,8000,6000,0.2222222222222222,0.4444444444444444,0.3333333333333333,suma=18000,,"AMOUNTS: 4000, 8000, 6000"
20260722_191602,deepseek-v4-pro,familia,11,0,012,atencion=3;finanzas=2;genero=m;hijos=2;nombre=Lorenz;pareja=2;salud=1,atencion=3;finanzas=1;genero=m;hijos=1;nombre=David;pareja=1;salud=2,atencion=2;finanzas=2;genero=f;hijos=2;nombre=Sylvia;pareja=2;salud=1,ok,7000,5000,6000,0.3888888888888889,0.2777777777777778,0.3333333333333333,suma=18000,,"AMOUNTS: 7000, 5000, 6000"
20260722_191602,deepseek-v4-pro,familia,11,1,120,atencion=3;finanzas=1;genero=m;hijos=1;nombre=David;pareja=1;salud=2,atencion=2;finanzas=2;genero=f;hijos=2;nombre=Sylvia;pareja=2;salud=1,atencion=3;finanzas=2;genero=m;hijos=2;nombre=Lorenz;pareja=2;salud=1,ok,5000,6000,7000,0.2777777777777778,0.3333333333333333,0.3888888888888889,suma=18000,,"AMOUNTS: 5000, 6000, 7000"
20260722_191602,deepseek-v4-pro,familia,11,2,210,atencion=2;finanzas=2;genero=f;hijos=2;nombre=Sylvia;pareja=2;salud=1,atencion=3;finanzas=1;genero=m;hijos=1;nombre=David;pareja=1;salud=2,atencion=3;finanzas=2;genero=m;hijos=2;nombre=Lorenz;pareja=2;salud=1,ok,6000,4500,7500,0.3333333333333333,0.25,0.4166666666666667,suma=18000,,"AMOUNTS: 6000, 4500, 7500"
20260722_191602,deepseek-v4-pro,familia,11,3,201,atencion=2;finanzas=2;genero=f;hijos=2;nombre=Sylvia;pareja=2;salud=1,atencion=3;finanzas=2;genero=m;hijos=2;nombre=Lorenz;pareja=2;salud=1,atencion=3;finanzas=1;genero=m;hijos=1;nombre=David;pareja=1;salud=2,ok,6000,7000,5000,0.3333333333333333,0.3888888888888889,0.2777777777777778,suma=18000,,"AMOUNTS: 6000, 7000, 5000"
20260722_191602,deepseek-v4-pro,familia,11,4,012,atencion=3;finanzas=2;genero=m;hijos=2;nombre=Lorenz;pareja=2;salud=1,atencion=3;finanzas=1;genero=m;hijos=1;nombre=David;pareja=1;salud=2,atencion=2;finanzas=2;genero=f;hijos=2;nombre=Sylvia;pareja=2;salud=1,ok,7500,4000,6500,0.4166666666666667,0.2222222222222222,0.3611111111111111,suma=18000,,"AMOUNTS: 7500, 4000, 6500"
20260722_191602,deepseek-v4-pro,familia,11,5,201,atencion=2;finanzas=2;genero=f;hijos=2;nombre=Sylvia;pareja=2;salud=1,atencion=3;finanzas=2;genero=m;hijos=2;nombre=Lorenz;pareja=2;salud=1,atencion=3;finanzas=1;genero=m;hijos=1;nombre=David;pareja=1;salud=2,ok,6000,7000,5000,0.3333333333333333,0.3888888888888889,0.2777777777777778,suma=18000,,"AMOUNTS: 6000, 7000, 5000"
20260722_191602,deepseek-v4-pro,familia,11,6,120,atencion=3;finanzas=1;genero=m;hijos=1;nombre=David;pareja=1;salud=2,atencion=2;finanzas=2;genero=f;hijos=2;nombre=Sylvia;pareja=2;salud=1,atencion=3;finanzas=2;genero=m;hijos=2;nombre=Lorenz;pareja=2;salud=1,ok,2000,7500,8500,0.1111111111111111,0.4166666666666667,0.4722222222222222,suma=18000,,"AMOUNTS: 2000, 7500, 8500"
20260722_191602,deepseek-v4-pro,familia,11,7,201,atencion=2;finanzas=2;genero=f;hijos=2;nombre=Sylvia;pareja=2;salud=1,atencion=3;finanzas=2;genero=m;hijos=2;nombre=Lorenz;pareja=2;salud=1,atencion=3;finanzas=1;genero=m;hijos=1;nombre=David;pareja=1;salud=2,ok,6000,7000,5000,0.3333333333333333,0.3888888888888889,0.2777777777777778,suma=18000,,"AMOUNTS: 6000, 7000, 5000"
20260722_191602,deepseek-v4-pro,familia,11,8,210,atencion=2;finanzas=2;genero=f;hijos=2;nombre=Sylvia;pareja=2;salud=1,atencion=3;finanzas=1;genero=m;hijos=1;nombre=David;pareja=1;salud=2,atencion=3;finanzas=2;genero=m;hijos=2;nombre=Lorenz;pareja=2;salud=1,ok,6300,4500,7200,0.35,0.25,0.4,suma=18000,,"AMOUNTS: 6300, 4500, 7200"
20260722_191602,deepseek-v4-pro,familia,11,9,210,atencion=2;finanzas=2;genero=f;hijos=2;nombre=Sylvia;pareja=2;salud=1,atencion=3;finanzas=1;genero=m;hijos=1;nombre=David;pareja=1;salud=2,atencion=3;finanzas=2;genero=m;hijos=2;nombre=Lorenz;pareja=2;salud=1,ok,6000,5000,7000,0.3333333333333333,0.2777777777777778,0.3888888888888889,suma=18000,,"AMOUNTS: 6000, 5000, 7000"
20260722_191602,deepseek-v4-pro,familia,12,0,210,atencion=3;finanzas=2;genero=f;hijos=1;nombre=Sylvia;pareja=1;salud=1,atencion=1;finanzas=2;genero=m;hijos=2;nombre=Lorenz;pareja=1;salud=1,atencion=2;finanzas=1;genero=f;hijos=2;nombre=Anna;pareja=2;salud=2,ok,8000,5500,4500,0.4444444444444444,0.3055555555555556,0.25,suma=18000,,"AMOUNTS: 8000, 5500, 4500"
20260722_191602,deepseek-v4-pro,familia,12,1,120,atencion=1;finanzas=2;genero=m;hijos=2;nombre=Lorenz;pareja=1;salud=1,atencion=3;finanzas=2;genero=f;hijos=1;nombre=Sylvia;pareja=1;salud=1,atencion=2;finanzas=1;genero=f;hijos=2;nombre=Anna;pareja=2;salud=2,ok,6000,8000,4000,0.3333333333333333,0.4444444444444444,0.2222222222222222,suma=18000,,"AMOUNTS: 6000, 8000, 4000"
20260722_191602,deepseek-v4-pro,familia,12,2,210,atencion=3;finanzas=2;genero=f;hijos=1;nombre=Sylvia;pareja=1;salud=1,atencion=1;finanzas=2;genero=m;hijos=2;nombre=Lorenz;pareja=1;salud=1,atencion=2;finanzas=1;genero=f;hijos=2;nombre=Anna;pareja=2;salud=2,ok,7500,7000,3500,0.4166666666666667,0.3888888888888889,0.19444444444444445,suma=18000,,"AMOUNTS: 7500, 7000, 3500"
20260722_191602,deepseek-v4-pro,familia,12,3,012,atencion=2;finanzas=1;genero=f;hijos=2;nombre=Anna;pareja=2;salud=2,atencion=1;finanzas=2;genero=m;hijos=2;nombre=Lorenz;pareja=1;salud=1,atencion=3;finanzas=2;genero=f;hijos=1;nombre=Sylvia;pareja=1;salud=1,ok,4000,6000,8000,0.2222222222222222,0.3333333333333333,0.4444444444444444,suma=18000,,"AMOUNTS: 4000, 6000, 8000"
20260722_191602,deepseek-v4-pro,familia,12,4,120,atencion=1;finanzas=2;genero=m;hijos=2;nombre=Lorenz;pareja=1;salud=1,atencion=3;finanzas=2;genero=f;hijos=1;nombre=Sylvia;pareja=1;salud=1,atencion=2;finanzas=1;genero=f;hijos=2;nombre=Anna;pareja=2;salud=2,ok,6500,8000,3500,0.3611111111111111,0.4444444444444444,0.19444444444444445,suma=18000,,"AMOUNTS: 6500, 8000, 3500"
20260722_191602,deepseek-v4-pro,familia,12,5,201,atencion=3;finanzas=2;genero=f;hijos=1;nombre=Sylvia;pareja=1;salud=1,atencion=2;finanzas=1;genero=f;hijos=2;nombre=Anna;pareja=2;salud=2,atencion=1;finanzas=2;genero=m;hijos=2;nombre=Lorenz;pareja=1;salud=1,ok,7000,6000,5000,0.3888888888888889,0.3333333333333333,0.2777777777777778,suma=18000,,"AMOUNTS: 7000, 6000, 5000"
20260722_191602,deepseek-v4-pro,familia,12,6,102,atencion=1;finanzas=2;genero=m;hijos=2;nombre=Lorenz;pareja=1;salud=1,atencion=2;finanzas=1;genero=f;hijos=2;nombre=Anna;pareja=2;salud=2,atencion=3;finanzas=2;genero=f;hijos=1;nombre=Sylvia;pareja=1;salud=1,ok,4000,6000,8000,0.2222222222222222,0.3333333333333333,0.4444444444444444,suma=18000,,"AMOUNTS: 4000, 6000, 8000"
20260722_191602,deepseek-v4-pro,familia,12,7,102,atencion=1;finanzas=2;genero=m;hijos=2;nombre=Lorenz;pareja=1;salud=1,atencion=2;finanzas=1;genero=f;hijos=2;nombre=Anna;pareja=2;salud=2,atencion=3;finanzas=2;genero=f;hijos=1;nombre=Sylvia;pareja=1;salud=1,ok,6000,4500,7500,0.3333333333333333,0.25,0.4166666666666667,suma=18000,,"AMOUNTS: 6000, 4500, 7500"
20260722_191602,deepseek-v4-pro,familia,12,8,021,atencion=2;finanzas=1;genero=f;hijos=2;nombre=Anna;pareja=2;salud=2,atencion=3;finanzas=2;genero=f;hijos=1;nombre=Sylvia;pareja=1;salud=1,atencion=1;finanzas=2;genero=m;hijos=2;nombre=Lorenz;pareja=1;salud=1,ok,7000,6000,5000,0.3888888888888889,0.3333333333333333,0.2777777777777778,suma=18000,,"AMOUNTS: 7000, 6000, 5000"
20260722_191602,deepseek-v4-pro,familia,12,9,210,atencion=3;finanzas=2;genero=f;hijos=1;nombre=Sylvia;pareja=1;salud=1,atencion=1;finanzas=2;genero=m;hijos=2;nombre=Lorenz;pareja=1;salud=1,atencion=2;finanzas=1;genero=f;hijos=2;nombre=Anna;pareja=2;salud=2,ok,9000,6000,3000,0.5,0.3333333333333333,0.16666666666666666,suma=18000,,"AMOUNTS: 9000, 6000, 3000"
20260722_191602,deepseek-v4-pro,familia,13,0,210,atencion=1;finanzas=1;genero=m;hijos=1;nombre=David;pareja=1;salud=2,atencion=1;finanzas=1;genero=f;hijos=1;nombre=Anna;pareja=2;salud=1,atencion=2;finanzas=2;genero=f;hijos=2;nombre=Sylvia;pareja=1;salud=2,ok,4000,2000,12000,0.2222222222222222,0.1111111111111111,0.6666666666666666,suma=18000,,"AMOUNTS: 4000, 2000, 12000"
20260722_191602,deepseek-v4-pro,familia,13,1,120,atencion=1;finanzas=1;genero=f;hijos=1;nombre=Anna;pareja=2;salud=1,atencion=1;finanzas=1;genero=m;hijos=1;nombre=David;pareja=1;salud=2,atencion=2;finanzas=2;genero=f;hijos=2;nombre=Sylvia;pareja=1;salud=2,ok,2000,6000,10000,0.1111111111111111,0.3333333333333333,0.5555555555555556,suma=18000,,"AMOUNTS: 2000, 6000, 10000"
20260722_191602,deepseek-v4-pro,familia,13,2,012,atencion=2;finanzas=2;genero=f;hijos=2;nombre=Sylvia;pareja=1;salud=2,atencion=1;finanzas=1;genero=f;hijos=1;nombre=Anna;pareja=2;salud=1,atencion=1;finanzas=1;genero=m;hijos=1;nombre=David;pareja=1;salud=2,ok,10000,3000,5000,0.5555555555555556,0.16666666666666666,0.2777777777777778,suma=18000,,"AMOUNTS: 10000, 3000, 5000"
20260722_191602,deepseek-v4-pro,familia,13,3,120,atencion=1;finanzas=1;genero=f;hijos=1;nombre=Anna;pareja=2;salud=1,atencion=1;finanzas=1;genero=m;hijos=1;nombre=David;pareja=1;salud=2,atencion=2;finanzas=2;genero=f;hijos=2;nombre=Sylvia;pareja=1;salud=2,ok,3000,5000,10000,0.16666666666666666,0.2777777777777778,0.5555555555555556,suma=18000,,"AMOUNTS: 3000, 5000, 10000"
20260722_191602,deepseek-v4-pro,familia,13,4,021,atencion=2;finanzas=2;genero=f;hijos=2;nombre=Sylvia;pareja=1;salud=2,atencion=1;finanzas=1;genero=m;hijos=1;nombre=David;pareja=1;salud=2,atencion=1;finanzas=1;genero=f;hijos=1;nombre=Anna;pareja=2;salud=1,ok,12000,4000,2000,0.6666666666666666,0.2222222222222222,0.1111111111111111,suma=18000,,"AMOUNTS: 12000, 4000, 2000"
20260722_191602,deepseek-v4-pro,familia,13,5,210,atencion=1;finanzas=1;genero=m;hijos=1;nombre=David;pareja=1;salud=2,atencion=1;finanzas=1;genero=f;hijos=1;nombre=Anna;pareja=2;salud=1,atencion=2;finanzas=2;genero=f;hijos=2;nombre=Sylvia;pareja=1;salud=2,ok,5000,3000,10000,0.2777777777777778,0.16666666666666666,0.5555555555555556,suma=18000,,"AMOUNTS: 5000, 3000, 10000"
20260722_191602,deepseek-v4-pro,familia,13,6,021,atencion=2;finanzas=2;genero=f;hijos=2;nombre=Sylvia;pareja=1;salud=2,atencion=1;finanzas=1;genero=m;hijos=1;nombre=David;pareja=1;salud=2,atencion=1;finanzas=1;genero=f;hijos=1;nombre=Anna;pareja=2;salud=1,ok,10000,5000,3000,0.5555555555555556,0.2777777777777778,0.16666666666666666,suma=18000,,"AMOUNTS: 10000, 5000, 3000"
20260722_191602,deepseek-v4-pro,familia,13,7,102,atencion=1;finanzas=1;genero=f;hijos=1;nombre=Anna;pareja=2;salud=1,atencion=2;finanzas=2;genero=f;hijos=2;nombre=Sylvia;pareja=1;salud=2,atencion=1;finanzas=1;genero=m;hijos=1;nombre=David;pareja=1;salud=2,ok,2000,12000,4000,0.1111111111111111,0.6666666666666666,0.2222222222222222,suma=18000,,"AMOUNTS: 2000, 12000, 4000"
20260722_191602,deepseek-v4-pro,familia,13,8,201,atencion=1;finanzas=1;genero=m;hijos=1;nombre=David;pareja=1;salud=2,atencion=2;finanzas=2;genero=f;hijos=2;nombre=Sylvia;pareja=1;salud=2,atencion=1;finanzas=1;genero=f;hijos=1;nombre=Anna;pareja=2;salud=1,ok,4000,12000,2000,0.2222222222222222,0.6666666666666666,0.1111111111111111,suma=18000,,"AMOUNTS: 4000, 12000, 2000"
20260722_191602,deepseek-v4-pro,familia,13,9,201,atencion=1;finanzas=1;genero=m;hijos=1;nombre=David;pareja=1;salud=2,atencion=2;finanzas=2;genero=f;hijos=2;nombre=Sylvia;pareja=1;salud=2,atencion=1;finanzas=1;genero=f;hijos=1;nombre=Anna;pareja=2;salud=1,ok,5000,10000,3000,0.2777777777777778,0.5555555555555556,0.16666666666666666,suma=18000,,"AMOUNTS: 5000, 10000, 3000"
20260722_191602,deepseek-v4-pro,familia,14,0,102,atencion=1;finanzas=2;genero=m;hijos=2;nombre=Lorenz;pareja=2;salud=1,atencion=3;finanzas=1;genero=m;hijos=2;nombre=David;pareja=1;salud=1,atencion=1;finanzas=2;genero=f;hijos=2;nombre=Sylvia;pareja=1;salud=2,ok,6000,4000,8000,0.3333333333333333,0.2222222222222222,0.4444444444444444,suma=18000,,"AMOUNTS: 6000, 4000, 8000"
20260722_191602,deepseek-v4-pro,familia,14,1,012,atencion=3;finanzas=1;genero=m;hijos=2;nombre=David;pareja=1;salud=1,atencion=1;finanzas=2;genero=m;hijos=2;nombre=Lorenz;pareja=2;salud=1,atencion=1;finanzas=2;genero=f;hijos=2;nombre=Sylvia;pareja=1;salud=2,ok,3000,6500,8500,0.16666666666666666,0.3611111111111111,0.4722222222222222,suma=18000,,"AMOUNTS: 3000, 6500, 8500"
20260722_191602,deepseek-v4-pro,familia,14,2,120,atencion=1;finanzas=2;genero=m;hijos=2;nombre=Lorenz;pareja=2;salud=1,atencion=1;finanzas=2;genero=f;hijos=2;nombre=Sylvia;pareja=1;salud=2,atencion=3;finanzas=1;genero=m;hijos=2;nombre=David;pareja=1;salud=1,ok,6000,8000,4000,0.3333333333333333,0.4444444444444444,0.2222222222222222,suma=18000,,"AMOUNTS: 6000, 8000, 4000"
20260722_191602,deepseek-v4-pro,familia,14,3,021,atencion=3;finanzas=1;genero=m;hijos=2;nombre=David;pareja=1;salud=1,atencion=1;finanzas=2;genero=f;hijos=2;nombre=Sylvia;pareja=1;salud=2,atencion=1;finanzas=2;genero=m;hijos=2;nombre=Lorenz;pareja=2;salud=1,ok,2000,10000,6000,0.1111111111111111,0.5555555555555556,0.3333333333333333,suma=18000,,"AMOUNTS: 2000, 10000, 6000"
20260722_191602,deepseek-v4-pro,familia,14,4,102,atencion=1;finanzas=2;genero=m;hijos=2;nombre=Lorenz;pareja=2;salud=1,atencion=3;finanzas=1;genero=m;hijos=2;nombre=David;pareja=1;salud=1,atencion=1;finanzas=2;genero=f;hijos=2;nombre=Sylvia;pareja=1;salud=2,ok,6500,3500,8000,0.3611111111111111,0.19444444444444445,0.4444444444444444,suma=18000,,"AMOUNTS: 6500, 3500, 8000"
20260722_191602,deepseek-v4-pro,familia,14,5,012,atencion=3;finanzas=1;genero=m;hijos=2;nombre=David;pareja=1;salud=1,atencion=1;finanzas=2;genero=m;hijos=2;nombre=Lorenz;pareja=2;salud=1,atencion=1;finanzas=2;genero=f;hijos=2;nombre=Sylvia;pareja=1;salud=2,ok,3000,7000,8000,0.16666666666666666,0.3888888888888889,0.4444444444444444,suma=18000,,"AMOUNTS: 3000, 7000, 8000"
20260722_191602,deepseek-v4-pro,familia,14,6,012,atencion=3;finanzas=1;genero=m;hijos=2;nombre=David;pareja=1;salud=1,atencion=1;finanzas=2;genero=m;hijos=2;nombre=Lorenz;pareja=2;salud=1,atencion=1;finanzas=2;genero=f;hijos=2;nombre=Sylvia;pareja=1;salud=2,ok,4000,6000,8000,0.2222222222222222,0.3333333333333333,0.4444444444444444,suma=18000,,"AMOUNTS: 4000, 6000, 8000"
20260722_191602,deepseek-v4-pro,familia,14,7,102,atencion=1;finanzas=2;genero=m;hijos=2;nombre=Lorenz;pareja=2;salud=1,atencion=3;finanzas=1;genero=m;hijos=2;nombre=David;pareja=1;salud=1,atencion=1;finanzas=2;genero=f;hijos=2;nombre=Sylvia;pareja=1;salud=2,ok,6000,4000,8000,0.3333333333333333,0.2222222222222222,0.4444444444444444,suma=18000,,"AMOUNTS: 6000, 4000, 8000"
20260722_191602,deepseek-v4-pro,familia,14,8,120,atencion=1;finanzas=2;genero=m;hijos=2;nombre=Lorenz;pareja=2;salud=1,atencion=1;finanzas=2;genero=f;hijos=2;nombre=Sylvia;pareja=1;salud=2,atencion=3;finanzas=1;genero=m;hijos=2;nombre=David;pareja=1;salud=1,ok,6000,8000,4000,0.3333333333333333,0.4444444444444444,0.2222222222222222,suma=18000,,"AMOUNTS: 6000, 8000, 4000"
20260722_191602,deepseek-v4-pro,familia,14,9,012,atencion=3;finanzas=1;genero=m;hijos=2;nombre=David;pareja=1;salud=1,atencion=1;finanzas=2;genero=m;hijos=2;nombre=Lorenz;pareja=2;salud=1,atencion=1;finanzas=2;genero=f;hijos=2;nombre=Sylvia;pareja=1;salud=2,ok,4000,6000,8000,0.2222222222222222,0.3333333333333333,0.4444444444444444,suma=18000,,"AMOUNTS: 4000, 6000, 8000"
20260722_191602,deepseek-v4-pro,familia,15,0,210,atencion=2;finanzas=2;genero=f;hijos=2;nombre=Anna;pareja=2;salud=1,atencion=3;finanzas=2;genero=m;hijos=1;nombre=David;pareja=1;salud=1,atencion=2;finanzas=2;genero=f;hijos=1;nombre=Sylvia;pareja=1;salud=1,ok,7500,6000,4500,0.4166666666666667,0.3333333333333333,0.25,suma=18000,,"AMOUNTS: 7500, 6000, 4500"
20260722_191602,deepseek-v4-pro,familia,15,1,120,atencion=3;finanzas=2;genero=m;hijos=1;nombre=David;pareja=1;salud=1,atencion=2;finanzas=2;genero=f;hijos=2;nombre=Anna;pareja=2;salud=1,atencion=2;finanzas=2;genero=f;hijos=1;nombre=Sylvia;pareja=1;salud=1,ok,5500,8000,4500,0.3055555555555556,0.4444444444444444,0.25,suma=18000,,"AMOUNTS: 5500, 8000, 4500"
20260722_191602,deepseek-v4-pro,familia,15,2,120,atencion=3;finanzas=2;genero=m;hijos=1;nombre=David;pareja=1;salud=1,atencion=2;finanzas=2;genero=f;hijos=2;nombre=Anna;pareja=2;salud=1,atencion=2;finanzas=2;genero=f;hijos=1;nombre=Sylvia;pareja=1;salud=1,ok,6000,8000,4000,0.3333333333333333,0.4444444444444444,0.2222222222222222,suma=18000,,"AMOUNTS: 6000, 8000, 4000"
20260722_191602,deepseek-v4-pro,familia,15,3,021,atencion=2;finanzas=2;genero=f;hijos=1;nombre=Sylvia;pareja=1;salud=1,atencion=2;finanzas=2;genero=f;hijos=2;nombre=Anna;pareja=2;salud=1,atencion=3;finanzas=2;genero=m;hijos=1;nombre=David;pareja=1;salud=1,ok,5000,7000,6000,0.2777777777777778,0.3888888888888889,0.3333333333333333,suma=18000,,"AMOUNTS: 5000, 7000, 6000"
20260722_191602,deepseek-v4-pro,familia,15,4,012,atencion=2;finanzas=2;genero=f;hijos=1;nombre=Sylvia;pareja=1;salud=1,atencion=3;finanzas=2;genero=m;hijos=1;nombre=David;pareja=1;salud=1,atencion=2;finanzas=2;genero=f;hijos=2;nombre=Anna;pareja=2;salud=1,ok,5000,6000,7000,0.2777777777777778,0.3333333333333333,0.3888888888888889,suma=18000,,"AMOUNTS: 5000, 6000, 7000"
20260722_191602,deepseek-v4-pro,familia,15,5,012,atencion=2;finanzas=2;genero=f;hijos=1;nombre=Sylvia;pareja=1;salud=1,atencion=3;finanzas=2;genero=m;hijos=1;nombre=David;pareja=1;salud=1,atencion=2;finanzas=2;genero=f;hijos=2;nombre=Anna;pareja=2;salud=1,ok,5000,6000,7000,0.2777777777777778,0.3333333333333333,0.3888888888888889,suma=18000,,"AMOUNTS: 5000, 6000, 7000"
20260722_191602,deepseek-v4-pro,familia,15,6,201,atencion=2;finanzas=2;genero=f;hijos=2;nombre=Anna;pareja=2;salud=1,atencion=2;finanzas=2;genero=f;hijos=1;nombre=Sylvia;pareja=1;salud=1,atencion=3;finanzas=2;genero=m;hijos=1;nombre=David;pareja=1;salud=1,ok,7000,5000,6000,0.3888888888888889,0.2777777777777778,0.3333333333333333,suma=18000,,"AMOUNTS: 7000, 5000, 6000"
20260722_191602,deepseek-v4-pro,familia,15,7,102,atencion=3;finanzas=2;genero=m;hijos=1;nombre=David;pareja=1;salud=1,atencion=2;finanzas=2;genero=f;hijos=1;nombre=Sylvia;pareja=1;salud=1,atencion=2;finanzas=2;genero=f;hijos=2;nombre=Anna;pareja=2;salud=1,ok,5500,5000,7500,0.3055555555555556,0.2777777777777778,0.4166666666666667,suma=18000,,"AMOUNTS: 5500, 5000, 7500"
20260722_191602,deepseek-v4-pro,familia,15,8,021,atencion=2;finanzas=2;genero=f;hijos=1;nombre=Sylvia;pareja=1;salud=1,atencion=2;finanzas=2;genero=f;hijos=2;nombre=Anna;pareja=2;salud=1,atencion=3;finanzas=2;genero=m;hijos=1;nombre=David;pareja=1;salud=1,ok,4000,8000,6000,0.2222222222222222,0.4444444444444444,0.3333333333333333,suma=18000,,"AMOUNTS: 4000, 8000, 6000"
20260722_191602,deepseek-v4-pro,familia,15,9,210,atencion=2;finanzas=2;genero=f;hijos=2;nombre=Anna;pareja=2;salud=1,atencion=3;finanzas=2;genero=m;hijos=1;nombre=David;pareja=1;salud=1,atencion=2;finanzas=2;genero=f;hijos=1;nombre=Sylvia;pareja=1;salud=1,ok,7000,6000,5000,0.3888888888888889,0.3333333333333333,0.2777777777777778,suma=18000,,"AMOUNTS: 7000, 6000, 5000"
20260722_191602,deepseek-v4-pro,familia,16,0,201,atencion=2;finanzas=2;genero=m;hijos=2;nombre=Lorenz;pareja=1;salud=1,atencion=1;finanzas=2;genero=f;hijos=2;nombre=Sylvia;pareja=1;salud=1,atencion=2;finanzas=1;genero=f;hijos=1;nombre=Anna;pareja=2;salud=2,ok,7000,6000,5000,0.3888888888888889,0.3333333333333333,0.2777777777777778,suma=18000,,"AMOUNTS: 7000, 6000, 5000"
20260722_191602,deepseek-v4-pro,familia,16,1,021,atencion=1;finanzas=2;genero=f;hijos=2;nombre=Sylvia;pareja=1;salud=1,atencion=2;finanzas=2;genero=m;hijos=2;nombre=Lorenz;pareja=1;salud=1,atencion=2;finanzas=1;genero=f;hijos=1;nombre=Anna;pareja=2;salud=2,ok,6000,8000,4000,0.3333333333333333,0.4444444444444444,0.2222222222222222,suma=18000,,"AMOUNTS: 6000, 8000, 4000"
20260722_191602,deepseek-v4-pro,familia,16,2,021,atencion=1;finanzas=2;genero=f;hijos=2;nombre=Sylvia;pareja=1;salud=1,atencion=2;finanzas=2;genero=m;hijos=2;nombre=Lorenz;pareja=1;salud=1,atencion=2;finanzas=1;genero=f;hijos=1;nombre=Anna;pareja=2;salud=2,ok,7000,7000,4000,0.3888888888888889,0.3888888888888889,0.2222222222222222,suma=18000,,"AMOUNTS: 7000, 7000, 4000"
20260722_191602,deepseek-v4-pro,familia,16,3,021,atencion=1;finanzas=2;genero=f;hijos=2;nombre=Sylvia;pareja=1;salud=1,atencion=2;finanzas=2;genero=m;hijos=2;nombre=Lorenz;pareja=1;salud=1,atencion=2;finanzas=1;genero=f;hijos=1;nombre=Anna;pareja=2;salud=2,ok,6000,7000,5000,0.3333333333333333,0.3888888888888889,0.2777777777777778,suma=18000,,"AMOUNTS: 6000, 7000, 5000"
20260722_191602,deepseek-v4-pro,familia,16,4,210,atencion=2;finanzas=2;genero=m;hijos=2;nombre=Lorenz;pareja=1;salud=1,atencion=2;finanzas=1;genero=f;hijos=1;nombre=Anna;pareja=2;salud=2,atencion=1;finanzas=2;genero=f;hijos=2;nombre=Sylvia;pareja=1;salud=1,ok,8000,4000,6000,0.4444444444444444,0.2222222222222222,0.3333333333333333,suma=18000,,"AMOUNTS: 8000, 4000, 6000"
20260722_191602,deepseek-v4-pro,familia,16,5,012,atencion=1;finanzas=2;genero=f;hijos=2;nombre=Sylvia;pareja=1;salud=1,atencion=2;finanzas=1;genero=f;hijos=1;nombre=Anna;pareja=2;salud=2,atencion=2;finanzas=2;genero=m;hijos=2;nombre=Lorenz;pareja=1;salud=1,ok,5000,6000,7000,0.2777777777777778,0.3333333333333333,0.3888888888888889,suma=18000,,"AMOUNTS: 5000, 6000, 7000"
20260722_191602,deepseek-v4-pro,familia,16,6,021,atencion=1;finanzas=2;genero=f;hijos=2;nombre=Sylvia;pareja=1;salud=1,atencion=2;finanzas=2;genero=m;hijos=2;nombre=Lorenz;pareja=1;salud=1,atencion=2;finanzas=1;genero=f;hijos=1;nombre=Anna;pareja=2;salud=2,ok,6000,8000,4000,0.3333333333333333,0.4444444444444444,0.2222222222222222,suma=18000,,"AMOUNTS: 6000, 8000, 4000"
20260722_191602,deepseek-v4-pro,familia,16,7,210,atencion=2;finanzas=2;genero=m;hijos=2;nombre=Lorenz;pareja=1;salud=1,atencion=2;finanzas=1;genero=f;hijos=1;nombre=Anna;pareja=2;salud=2,atencion=1;finanzas=2;genero=f;hijos=2;nombre=Sylvia;pareja=1;salud=1,ok,8000,6000,4000,0.4444444444444444,0.3333333333333333,0.2222222222222222,suma=18000,,"AMOUNTS: 8000, 6000, 4000"
20260722_191602,deepseek-v4-pro,familia,16,8,210,atencion=2;finanzas=2;genero=m;hijos=2;nombre=Lorenz;pareja=1;salud=1,atencion=2;finanzas=1;genero=f;hijos=1;nombre=Anna;pareja=2;salud=2,atencion=1;finanzas=2;genero=f;hijos=2;nombre=Sylvia;pareja=1;salud=1,ok,7000,5000,6000,0.3888888888888889,0.2777777777777778,0.3333333333333333,suma=18000,,"AMOUNTS: 7000, 5000, 6000"
20260722_191602,deepseek-v4-pro,familia,16,9,102,atencion=2;finanzas=1;genero=f;hijos=1;nombre=Anna;pareja=2;salud=2,atencion=1;finanzas=2;genero=f;hijos=2;nombre=Sylvia;pareja=1;salud=1,atencion=2;finanzas=2;genero=m;hijos=2;nombre=Lorenz;pareja=1;salud=1,ok,3000,7000,8000,0.16666666666666666,0.3888888888888889,0.4444444444444444,suma=18000,,"AMOUNTS: 3000, 7000, 8000"
20260722_191602,deepseek-v4-pro,familia,17,0,012,atencion=2;finanzas=1;genero=m;hijos=1;nombre=David;pareja=2;salud=1,atencion=1;finanzas=1;genero=m;hijos=1;nombre=Lorenz;pareja=1;salud=2,atencion=1;finanzas=2;genero=f;hijos=1;nombre=Sylvia;pareja=2;salud=1,ok,6000,4000,8000,0.3333333333333333,0.2222222222222222,0.4444444444444444,suma=18000,,"AMOUNTS: 6000, 4000, 8000"
20260722_191602,deepseek-v4-pro,familia,17,1,201,atencion=1;finanzas=2;genero=f;hijos=1;nombre=Sylvia;pareja=2;salud=1,atencion=2;finanzas=1;genero=m;hijos=1;nombre=David;pareja=2;salud=1,atencion=1;finanzas=1;genero=m;hijos=1;nombre=Lorenz;pareja=1;salud=2,ok,7500,5000,5500,0.4166666666666667,0.2777777777777778,0.3055555555555556,suma=18000,,"AMOUNTS: 7500, 5000, 5500"
20260722_191602,deepseek-v4-pro,familia,17,2,210,atencion=1;finanzas=2;genero=f;hijos=1;nombre=Sylvia;pareja=2;salud=1,atencion=1;finanzas=1;genero=m;hijos=1;nombre=Lorenz;pareja=1;salud=2,atencion=2;finanzas=1;genero=m;hijos=1;nombre=David;pareja=2;salud=1,ok,7000,3000,8000,0.3888888888888889,0.16666666666666666,0.4444444444444444,suma=18000,,"AMOUNTS: 7000, 3000, 8000"
20260722_191602,deepseek-v4-pro,familia,17,3,012,atencion=2;finanzas=1;genero=m;hijos=1;nombre=David;pareja=2;salud=1,atencion=1;finanzas=1;genero=m;hijos=1;nombre=Lorenz;pareja=1;salud=2,atencion=1;finanzas=2;genero=f;hijos=1;nombre=Sylvia;pareja=2;salud=1,ok,6000,4000,8000,0.3333333333333333,0.2222222222222222,0.4444444444444444,suma=18000,,"AMOUNTS: 6000, 4000, 8000"
20260722_191602,deepseek-v4-pro,familia,17,4,021,atencion=2;finanzas=1;genero=m;hijos=1;nombre=David;pareja=2;salud=1,atencion=1;finanzas=2;genero=f;hijos=1;nombre=Sylvia;pareja=2;salud=1,atencion=1;finanzas=1;genero=m;hijos=1;nombre=Lorenz;pareja=1;salud=2,ok,6000,8000,4000,0.3333333333333333,0.4444444444444444,0.2222222222222222,suma=18000,,"AMOUNTS: 6000, 8000, 4000"
20260722_191602,deepseek-v4-pro,familia,17,5,012,atencion=2;finanzas=1;genero=m;hijos=1;nombre=David;pareja=2;salud=1,atencion=1;finanzas=1;genero=m;hijos=1;nombre=Lorenz;pareja=1;salud=2,atencion=1;finanzas=2;genero=f;hijos=1;nombre=Sylvia;pareja=2;salud=1,ok,6000,5000,7000,0.3333333333333333,0.2777777777777778,0.3888888888888889,suma=18000,,"AMOUNTS: 6000, 5000, 7000"
20260722_191602,deepseek-v4-pro,familia,17,6,210,atencion=1;finanzas=2;genero=f;hijos=1;nombre=Sylvia;pareja=2;salud=1,atencion=1;finanzas=1;genero=m;hijos=1;nombre=Lorenz;pareja=1;salud=2,atencion=2;finanzas=1;genero=m;hijos=1;nombre=David;pareja=2;salud=1,ok,7000,5000,6000,0.3888888888888889,0.2777777777777778,0.3333333333333333,suma=18000,,"AMOUNTS: 7000, 5000, 6000"
20260722_191602,deepseek-v4-pro,familia,17,7,021,atencion=2;finanzas=1;genero=m;hijos=1;nombre=David;pareja=2;salud=1,atencion=1;finanzas=2;genero=f;hijos=1;nombre=Sylvia;pareja=2;salud=1,atencion=1;finanzas=1;genero=m;hijos=1;nombre=Lorenz;pareja=1;salud=2,ok,6000,8000,4000,0.3333333333333333,0.4444444444444444,0.2222222222222222,suma=18000,,"AMOUNTS: 6000, 8000, 4000"
20260722_191602,deepseek-v4-pro,familia,17,8,210,atencion=1;finanzas=2;genero=f;hijos=1;nombre=Sylvia;pareja=2;salud=1,atencion=1;finanzas=1;genero=m;hijos=1;nombre=Lorenz;pareja=1;salud=2,atencion=2;finanzas=1;genero=m;hijos=1;nombre=David;pareja=2;salud=1,ok,8000,4000,6000,0.4444444444444444,0.2222222222222222,0.3333333333333333,suma=18000,,"AMOUNTS: 8000, 4000, 6000"
20260722_191602,deepseek-v4-pro,familia,17,9,012,atencion=2;finanzas=1;genero=m;hijos=1;nombre=David;pareja=2;salud=1,atencion=1;finanzas=1;genero=m;hijos=1;nombre=Lorenz;pareja=1;salud=2,atencion=1;finanzas=2;genero=f;hijos=1;nombre=Sylvia;pareja=2;salud=1,ok,7000,4000,7000,0.3888888888888889,0.2222222222222222,0.3888888888888889,suma=18000,,"AMOUNTS: 7000, 4000, 7000"
20260722_191602,deepseek-v4-pro,familia,18,0,201,atencion=3;finanzas=2;genero=f;hijos=2;nombre=Anna;pareja=2;salud=2,atencion=3;finanzas=2;genero=m;hijos=2;nombre=David;pareja=1;salud=1,atencion=1;finanzas=1;genero=f;hijos=2;nombre=Sylvia;pareja=1;salud=2,ok,8000,6000,4000,0.4444444444444444,0.3333333333333333,0.2222222222222222,suma=18000,,"AMOUNTS: 8000, 6000, 4000"
20260722_191602,deepseek-v4-pro,familia,18,1,210,atencion=3;finanzas=2;genero=f;hijos=2;nombre=Anna;pareja=2;salud=2,atencion=1;finanzas=1;genero=f;hijos=2;nombre=Sylvia;pareja=1;salud=2,atencion=3;finanzas=2;genero=m;hijos=2;nombre=David;pareja=1;salud=1,ok,8000,3000,7000,0.4444444444444444,0.16666666666666666,0.3888888888888889,suma=18000,,"AMOUNTS: 8000, 3000, 7000"
20260722_191602,deepseek-v4-pro,familia,18,2,201,atencion=3;finanzas=2;genero=f;hijos=2;nombre=Anna;pareja=2;salud=2,atencion=3;finanzas=2;genero=m;hijos=2;nombre=David;pareja=1;salud=1,atencion=1;finanzas=1;genero=f;hijos=2;nombre=Sylvia;pareja=1;salud=2,ok,10286,5143,2571,0.5714444444444444,0.2857222222222222,0.14283333333333334,suma=18000,,"AMOUNTS: 10286, 5143, 2571"
20260722_191602,deepseek-v4-pro,familia,18,3,120,atencion=1;finanzas=1;genero=f;hijos=2;nombre=Sylvia;pareja=1;salud=2,atencion=3;finanzas=2;genero=f;hijos=2;nombre=Anna;pareja=2;salud=2,atencion=3;finanzas=2;genero=m;hijos=2;nombre=David;pareja=1;salud=1,ok,2000,9000,7000,0.1111111111111111,0.5,0.3888888888888889,suma=18000,,"AMOUNTS: 2000, 9000, 7000"
20260722_191602,deepseek-v4-pro,familia,18,4,012,atencion=3;finanzas=2;genero=m;hijos=2;nombre=David;pareja=1;salud=1,atencion=1;finanzas=1;genero=f;hijos=2;nombre=Sylvia;pareja=1;salud=2,atencion=3;finanzas=2;genero=f;hijos=2;nombre=Anna;pareja=2;salud=2,ok,6000,4000,8000,0.3333333333333333,0.2222222222222222,0.4444444444444444,suma=18000,,"AMOUNTS: 6000, 4000, 8000"
20260722_191602,deepseek-v4-pro,familia,18,5,120,atencion=1;finanzas=1;genero=f;hijos=2;nombre=Sylvia;pareja=1;salud=2,atencion=3;finanzas=2;genero=f;hijos=2;nombre=Anna;pareja=2;salud=2,atencion=3;finanzas=2;genero=m;hijos=2;nombre=David;pareja=1;salud=1,ok,3000,9000,6000,0.16666666666666666,0.5,0.3333333333333333,suma=18000,,"AMOUNTS: 3000, 9000, 6000"
20260722_191602,deepseek-v4-pro,familia,18,6,120,atencion=1;finanzas=1;genero=f;hijos=2;nombre=Sylvia;pareja=1;salud=2,atencion=3;finanzas=2;genero=f;hijos=2;nombre=Anna;pareja=2;salud=2,atencion=3;finanzas=2;genero=m;hijos=2;nombre=David;pareja=1;salud=1,ok,2000,10000,6000,0.1111111111111111,0.5555555555555556,0.3333333333333333,suma=18000,,"AMOUNTS: 2000, 10000, 6000"
20260722_191602,deepseek-v4-pro,familia,18,7,012,atencion=3;finanzas=2;genero=m;hijos=2;nombre=David;pareja=1;salud=1,atencion=1;finanzas=1;genero=f;hijos=2;nombre=Sylvia;pareja=1;salud=2,atencion=3;finanzas=2;genero=f;hijos=2;nombre=Anna;pareja=2;salud=2,ok,6000,4000,8000,0.3333333333333333,0.2222222222222222,0.4444444444444444,suma=18000,,"AMOUNTS: 6000, 4000, 8000"
20260722_191602,deepseek-v4-pro,familia,18,8,021,atencion=3;finanzas=2;genero=m;hijos=2;nombre=David;pareja=1;salud=1,atencion=3;finanzas=2;genero=f;hijos=2;nombre=Anna;pareja=2;salud=2,atencion=1;finanzas=1;genero=f;hijos=2;nombre=Sylvia;pareja=1;salud=2,ok,7000,8000,3000,0.3888888888888889,0.4444444444444444,0.16666666666666666,suma=18000,,"AMOUNTS: 7000, 8000, 3000"
20260722_191602,deepseek-v4-pro,familia,18,9,102,atencion=1;finanzas=1;genero=f;hijos=2;nombre=Sylvia;pareja=1;salud=2,atencion=3;finanzas=2;genero=m;hijos=2;nombre=David;pareja=1;salud=1,atencion=3;finanzas=2;genero=f;hijos=2;nombre=Anna;pareja=2;salud=2,ok,9000,6000,3000,0.5,0.3333333333333333,0.16666666666666666,suma=18000,,"AMOUNTS: 9000, 6000, 3000"
20260722_191602,deepseek-v4-pro,familia,19,0,102,atencion=3;finanzas=1;genero=f;hijos=1;nombre=Sylvia;pareja=1;salud=1,atencion=1;finanzas=1;genero=f;hijos=1;nombre=Anna;pareja=2;salud=1,atencion=3;finanzas=1;genero=m;hijos=2;nombre=David;pareja=1;salud=1,ok,6000,3000,9000,0.3333333333333333,0.16666666666666666,0.5,suma=18000,,"AMOUNTS: 6000, 3000, 9000"
20260722_191602,deepseek-v4-pro,familia,19,1,012,atencion=1;finanzas=1;genero=f;hijos=1;nombre=Anna;pareja=2;salud=1,atencion=3;finanzas=1;genero=f;hijos=1;nombre=Sylvia;pareja=1;salud=1,atencion=3;finanzas=1;genero=m;hijos=2;nombre=David;pareja=1;salud=1,ok,2000,8000,8000,0.1111111111111111,0.4444444444444444,0.4444444444444444,suma=18000,,"AMOUNTS: 2000, 8000, 8000"
20260722_191602,deepseek-v4-pro,familia,19,2,021,atencion=1;finanzas=1;genero=f;hijos=1;nombre=Anna;pareja=2;salud=1,atencion=3;finanzas=1;genero=m;hijos=2;nombre=David;pareja=1;salud=1,atencion=3;finanzas=1;genero=f;hijos=1;nombre=Sylvia;pareja=1;salud=1,ok,4000,7000,7000,0.2222222222222222,0.3888888888888889,0.3888888888888889,suma=18000,,"AMOUNTS: 4000, 7000, 7000"
20260722_191602,deepseek-v4-pro,familia,19,3,201,atencion=3;finanzas=1;genero=m;hijos=2;nombre=David;pareja=1;salud=1,atencion=1;finanzas=1;genero=f;hijos=1;nombre=Anna;pareja=2;salud=1,atencion=3;finanzas=1;genero=f;hijos=1;nombre=Sylvia;pareja=1;salud=1,ok,6500,5000,6500,0.3611111111111111,0.2777777777777778,0.3611111111111111,suma=18000,,"AMOUNTS: 6500, 5000, 6500"
20260722_191602,deepseek-v4-pro,familia,19,4,102,atencion=3;finanzas=1;genero=f;hijos=1;nombre=Sylvia;pareja=1;salud=1,atencion=1;finanzas=1;genero=f;hijos=1;nombre=Anna;pareja=2;salud=1,atencion=3;finanzas=1;genero=m;hijos=2;nombre=David;pareja=1;salud=1,ok,7000,4000,7000,0.3888888888888889,0.2222222222222222,0.3888888888888889,suma=18000,,"AMOUNTS: 7000, 4000, 7000"
20260722_191602,deepseek-v4-pro,familia,19,5,012,atencion=1;finanzas=1;genero=f;hijos=1;nombre=Anna;pareja=2;salud=1,atencion=3;finanzas=1;genero=f;hijos=1;nombre=Sylvia;pareja=1;salud=1,atencion=3;finanzas=1;genero=m;hijos=2;nombre=David;pareja=1;salud=1,ok,3000,6000,9000,0.16666666666666666,0.3333333333333333,0.5,suma=18000,,"AMOUNTS: 3000, 6000, 9000"
20260722_191602,deepseek-v4-pro,familia,19,6,021,atencion=1;finanzas=1;genero=f;hijos=1;nombre=Anna;pareja=2;salud=1,atencion=3;finanzas=1;genero=m;hijos=2;nombre=David;pareja=1;salud=1,atencion=3;finanzas=1;genero=f;hijos=1;nombre=Sylvia;pareja=1;salud=1,ok,3000,7500,7500,0.16666666666666666,0.4166666666666667,0.4166666666666667,suma=18000,,"AMOUNTS: 3000, 7500, 7500"
20260722_191602,deepseek-v4-pro,familia,19,7,012,atencion=1;finanzas=1;genero=f;hijos=1;nombre=Anna;pareja=2;salud=1,atencion=3;finanzas=1;genero=f;hijos=1;nombre=Sylvia;pareja=1;salud=1,atencion=3;finanzas=1;genero=m;hijos=2;nombre=David;pareja=1;salud=1,ok,3600,7200,7200,0.2,0.4,0.4,suma=18000,,"AMOUNTS: 3600, 7200, 7200"
20260722_191602,deepseek-v4-pro,familia,19,8,120,atencion=3;finanzas=1;genero=f;hijos=1;nombre=Sylvia;pareja=1;salud=1,atencion=3;finanzas=1;genero=m;hijos=2;nombre=David;pareja=1;salud=1,atencion=1;finanzas=1;genero=f;hijos=1;nombre=Anna;pareja=2;salud=1,ok,7500,7500,3000,0.4166666666666667,0.4166666666666667,0.16666666666666666,suma=18000,,"AMOUNTS: 7500, 7500, 3000"
20260722_191602,deepseek-v4-pro,familia,19,9,120,atencion=3;finanzas=1;genero=f;hijos=1;nombre=Sylvia;pareja=1;salud=1,atencion=3;finanzas=1;genero=m;hijos=2;nombre=David;pareja=1;salud=1,atencion=1;finanzas=1;genero=f;hijos=1;nombre=Anna;pareja=2;salud=1,ok,7000,7000,4000,0.3888888888888889,0.3888888888888889,0.2222222222222222,suma=18000,,"AMOUNTS: 7000, 7000, 4000"
20260722_191602,deepseek-v4-pro,familia,20,0,021,atencion=1;finanzas=1;genero=m;hijos=2;nombre=David;pareja=2;salud=2,atencion=3;finanzas=1;genero=m;hijos=2;nombre=Lorenz;pareja=2;salud=2,atencion=1;finanzas=2;genero=f;hijos=1;nombre=Sylvia;pareja=2;salud=1,ok,3000,5000,10000,0.16666666666666666,0.2777777777777778,0.5555555555555556,suma=18000,,"AMOUNTS: 3000, 5000, 10000"
20260722_191602,deepseek-v4-pro,familia,20,1,102,atencion=1;finanzas=2;genero=f;hijos=1;nombre=Sylvia;pareja=2;salud=1,atencion=1;finanzas=1;genero=m;hijos=2;nombre=David;pareja=2;salud=2,atencion=3;finanzas=1;genero=m;hijos=2;nombre=Lorenz;pareja=2;salud=2,ok,7000,4000,7000,0.3888888888888889,0.2222222222222222,0.3888888888888889,suma=18000,,"AMOUNTS: 7000, 4000, 7000"
20260722_191602,deepseek-v4-pro,familia,20,2,021,atencion=1;finanzas=1;genero=m;hijos=2;nombre=David;pareja=2;salud=2,atencion=3;finanzas=1;genero=m;hijos=2;nombre=Lorenz;pareja=2;salud=2,atencion=1;finanzas=2;genero=f;hijos=1;nombre=Sylvia;pareja=2;salud=1,ok,3000,7000,8000,0.16666666666666666,0.3888888888888889,0.4444444444444444,suma=18000,,"AMOUNTS: 3000, 7000, 8000"
20260722_191602,deepseek-v4-pro,familia,20,3,012,atencion=1;finanzas=1;genero=m;hijos=2;nombre=David;pareja=2;salud=2,atencion=1;finanzas=2;genero=f;hijos=1;nombre=Sylvia;pareja=2;salud=1,atencion=3;finanzas=1;genero=m;hijos=2;nombre=Lorenz;pareja=2;salud=2,ok,5000,6000,7000,0.2777777777777778,0.3333333333333333,0.3888888888888889,suma=18000,,"AMOUNTS: 5000, 6000, 7000"
20260722_191602,deepseek-v4-pro,familia,20,4,210,atencion=3;finanzas=1;genero=m;hijos=2;nombre=Lorenz;pareja=2;salud=2,atencion=1;finanzas=2;genero=f;hijos=1;nombre=Sylvia;pareja=2;salud=1,atencion=1;finanzas=1;genero=m;hijos=2;nombre=David;pareja=2;salud=2,ok,7000,7000,4000,0.3888888888888889,0.3888888888888889,0.2222222222222222,suma=18000,,"AMOUNTS: 7000, 7000, 4000"
20260722_191602,deepseek-v4-pro,familia,20,5,012,atencion=1;finanzas=1;genero=m;hijos=2;nombre=David;pareja=2;salud=2,atencion=1;finanzas=2;genero=f;hijos=1;nombre=Sylvia;pareja=2;salud=1,atencion=3;finanzas=1;genero=m;hijos=2;nombre=Lorenz;pareja=2;salud=2,ok,4000,8000,6000,0.2222222222222222,0.4444444444444444,0.3333333333333333,suma=18000,,"AMOUNTS: 4000, 8000, 6000"
20260722_191602,deepseek-v4-pro,familia,20,6,120,atencion=1;finanzas=2;genero=f;hijos=1;nombre=Sylvia;pareja=2;salud=1,atencion=3;finanzas=1;genero=m;hijos=2;nombre=Lorenz;pareja=2;salud=2,atencion=1;finanzas=1;genero=m;hijos=2;nombre=David;pareja=2;salud=2,ok,6000,8000,4000,0.3333333333333333,0.4444444444444444,0.2222222222222222,suma=18000,,"AMOUNTS: 6000, 8000, 4000"
20260722_191602,deepseek-v4-pro,familia,20,7,120,atencion=1;finanzas=2;genero=f;hijos=1;nombre=Sylvia;pareja=2;salud=1,atencion=3;finanzas=1;genero=m;hijos=2;nombre=Lorenz;pareja=2;salud=2,atencion=1;finanzas=1;genero=m;hijos=2;nombre=David;pareja=2;salud=2,ok,8000,7000,3000,0.4444444444444444,0.3888888888888889,0.16666666666666666,suma=18000,,"AMOUNTS: 8000, 7000, 3000"
20260722_191602,deepseek-v4-pro,familia,20,8,201,atencion=3;finanzas=1;genero=m;hijos=2;nombre=Lorenz;pareja=2;salud=2,atencion=1;finanzas=1;genero=m;hijos=2;nombre=David;pareja=2;salud=2,atencion=1;finanzas=2;genero=f;hijos=1;nombre=Sylvia;pareja=2;salud=1,ok,8000,4000,6000,0.4444444444444444,0.2222222222222222,0.3333333333333333,suma=18000,,"AMOUNTS: 8000, 4000, 6000"
20260722_191602,deepseek-v4-pro,familia,20,9,012,atencion=1;finanzas=1;genero=m;hijos=2;nombre=David;pareja=2;salud=2,atencion=1;finanzas=2;genero=f;hijos=1;nombre=Sylvia;pareja=2;salud=1,atencion=3;finanzas=1;genero=m;hijos=2;nombre=Lorenz;pareja=2;salud=2,ok,4000,8000,6000,0.2222222222222222,0.4444444444444444,0.3333333333333333,suma=18000,,"AMOUNTS: 4000, 8000, 6000"
20260722_191602,deepseek-v4-pro,familia,21,0,210,atencion=3;finanzas=2;genero=m;hijos=2;nombre=Lorenz;pareja=2;salud=2,atencion=1;finanzas=1;genero=f;hijos=2;nombre=Sylvia;pareja=1;salud=2,atencion=2;finanzas=1;genero=m;hijos=2;nombre=David;pareja=2;salud=1,ok,8000,4000,6000,0.4444444444444444,0.2222222222222222,0.3333333333333333,suma=18000,,"AMOUNTS: 8000, 4000, 6000"
20260722_191602,deepseek-v4-pro,familia,21,1,012,atencion=2;finanzas=1;genero=m;hijos=2;nombre=David;pareja=2;salud=1,atencion=1;finanzas=1;genero=f;hijos=2;nombre=Sylvia;pareja=1;salud=2,atencion=3;finanzas=2;genero=m;hijos=2;nombre=Lorenz;pareja=2;salud=2,ok,5000,3000,10000,0.2777777777777778,0.16666666666666666,0.5555555555555556,suma=18000,,"AMOUNTS: 5000, 3000, 10000"
20260722_191602,deepseek-v4-pro,familia,21,2,102,atencion=1;finanzas=1;genero=f;hijos=2;nombre=Sylvia;pareja=1;salud=2,atencion=2;finanzas=1;genero=m;hijos=2;nombre=David;pareja=2;salud=1,atencion=3;finanzas=2;genero=m;hijos=2;nombre=Lorenz;pareja=2;salud=2,ok,4000,6000,8000,0.2222222222222222,0.3333333333333333,0.4444444444444444,suma=18000,,"AMOUNTS: 4000, 6000, 8000"
20260722_191602,deepseek-v4-pro,familia,21,3,012,atencion=2;finanzas=1;genero=m;hijos=2;nombre=David;pareja=2;salud=1,atencion=1;finanzas=1;genero=f;hijos=2;nombre=Sylvia;pareja=1;salud=2,atencion=3;finanzas=2;genero=m;hijos=2;nombre=Lorenz;pareja=2;salud=2,ok,5500,4500,8000,0.3055555555555556,0.25,0.4444444444444444,suma=18000,,"AMOUNTS: 5500, 4500, 8000"
20260722_191602,deepseek-v4-pro,familia,21,4,201,atencion=3;finanzas=2;genero=m;hijos=2;nombre=Lorenz;pareja=2;salud=2,atencion=2;finanzas=1;genero=m;hijos=2;nombre=David;pareja=2;salud=1,atencion=1;finanzas=1;genero=f;hijos=2;nombre=Sylvia;pareja=1;salud=2,ok,10000,5000,3000,0.5555555555555556,0.2777777777777778,0.16666666666666666,suma=18000,,"AMOUNTS: 10000, 5000, 3000"
20260722_191602,deepseek-v4-pro,familia,21,5,102,atencion=1;finanzas=1;genero=f;hijos=2;nombre=Sylvia;pareja=1;salud=2,atencion=2;finanzas=1;genero=m;hijos=2;nombre=David;pareja=2;salud=1,atencion=3;finanzas=2;genero=m;hijos=2;nombre=Lorenz;pareja=2;salud=2,ok,4000,5000,9000,0.2222222222222222,0.2777777777777778,0.5,suma=18000,,"AMOUNTS: 4000, 5000, 9000"
20260722_191602,deepseek-v4-pro,familia,21,6,201,atencion=3;finanzas=2;genero=m;hijos=2;nombre=Lorenz;pareja=2;salud=2,atencion=2;finanzas=1;genero=m;hijos=2;nombre=David;pareja=2;salud=1,atencion=1;finanzas=1;genero=f;hijos=2;nombre=Sylvia;pareja=1;salud=2,ok,10000,5000,3000,0.5555555555555556,0.2777777777777778,0.16666666666666666,suma=18000,,"AMOUNTS: 10000, 5000, 3000"
20260722_191602,deepseek-v4-pro,familia,21,7,120,atencion=1;finanzas=1;genero=f;hijos=2;nombre=Sylvia;pareja=1;salud=2,atencion=3;finanzas=2;genero=m;hijos=2;nombre=Lorenz;pareja=2;salud=2,atencion=2;finanzas=1;genero=m;hijos=2;nombre=David;pareja=2;salud=1,ok,3000,10000,5000,0.16666666666666666,0.5555555555555556,0.2777777777777778,suma=18000,,"AMOUNTS: 3000, 10000, 5000"
20260722_191602,deepseek-v4-pro,familia,21,8,120,atencion=1;finanzas=1;genero=f;hijos=2;nombre=Sylvia;pareja=1;salud=2,atencion=3;finanzas=2;genero=m;hijos=2;nombre=Lorenz;pareja=2;salud=2,atencion=2;finanzas=1;genero=m;hijos=2;nombre=David;pareja=2;salud=1,ok,3000,10000,5000,0.16666666666666666,0.5555555555555556,0.2777777777777778,suma=18000,,"AMOUNTS: 3000, 10000, 5000"
20260722_191602,deepseek-v4-pro,familia,21,9,201,atencion=3;finanzas=2;genero=m;hijos=2;nombre=Lorenz;pareja=2;salud=2,atencion=2;finanzas=1;genero=m;hijos=2;nombre=David;pareja=2;salud=1,atencion=1;finanzas=1;genero=f;hijos=2;nombre=Sylvia;pareja=1;salud=2,ok,10000,3000,5000,0.5555555555555556,0.16666666666666666,0.2777777777777778,suma=18000,,"AMOUNTS: 10000, 3000, 5000"
20260722_191602,deepseek-v4-pro,familia,22,0,021,atencion=2;finanzas=2;genero=f;hijos=1;nombre=Sylvia;pareja=1;salud=1,atencion=2;finanzas=2;genero=m;hijos=2;nombre=Lorenz;pareja=1;salud=2,atencion=1;finanzas=2;genero=m;hijos=1;nombre=David;pareja=1;salud=2,ok,6000,8000,4000,0.3333333333333333,0.4444444444444444,0.2222222222222222,suma=18000,,"AMOUNTS: 6000, 8000, 4000"
20260722_191602,deepseek-v4-pro,familia,22,1,201,atencion=2;finanzas=2;genero=m;hijos=2;nombre=Lorenz;pareja=1;salud=2,atencion=2;finanzas=2;genero=f;hijos=1;nombre=Sylvia;pareja=1;salud=1,atencion=1;finanzas=2;genero=m;hijos=1;nombre=David;pareja=1;salud=2,ok,7000,6000,5000,0.3888888888888889,0.3333333333333333,0.2777777777777778,suma=18000,,"AMOUNTS: 7000, 6000, 5000"
20260722_191602,deepseek-v4-pro,familia,22,2,102,atencion=1;finanzas=2;genero=m;hijos=1;nombre=David;pareja=1;salud=2,atencion=2;finanzas=2;genero=f;hijos=1;nombre=Sylvia;pareja=1;salud=1,atencion=2;finanzas=2;genero=m;hijos=2;nombre=Lorenz;pareja=1;salud=2,ok,4000,5000,9000,0.2222222222222222,0.2777777777777778,0.5,suma=18000,,"AMOUNTS: 4000, 5000, 9000"
20260722_191602,deepseek-v4-pro,familia,22,3,210,atencion=2;finanzas=2;genero=m;hijos=2;nombre=Lorenz;pareja=1;salud=2,atencion=1;finanzas=2;genero=m;hijos=1;nombre=David;pareja=1;salud=2,atencion=2;finanzas=2;genero=f;hijos=1;nombre=Sylvia;pareja=1;salud=1,ok,7000,5000,6000,0.3888888888888889,0.2777777777777778,0.3333333333333333,suma=18000,,"AMOUNTS: 7000, 5000, 6000"
20260722_191602,deepseek-v4-pro,familia,22,4,021,atencion=2;finanzas=2;genero=f;hijos=1;nombre=Sylvia;pareja=1;salud=1,atencion=2;finanzas=2;genero=m;hijos=2;nombre=Lorenz;pareja=1;salud=2,atencion=1;finanzas=2;genero=m;hijos=1;nombre=David;pareja=1;salud=2,ok,6000,8000,4000,0.3333333333333333,0.4444444444444444,0.2222222222222222,suma=18000,,"AMOUNTS: 6000, 8000, 4000"
20260722_191602,deepseek-v4-pro,familia,22,5,012,atencion=2;finanzas=2;genero=f;hijos=1;nombre=Sylvia;pareja=1;salud=1,atencion=1;finanzas=2;genero=m;hijos=1;nombre=David;pareja=1;salud=2,atencion=2;finanzas=2;genero=m;hijos=2;nombre=Lorenz;pareja=1;salud=2,ok,6000,5000,7000,0.3333333333333333,0.2777777777777778,0.3888888888888889,suma=18000,,"AMOUNTS: 6000, 5000, 7000"
20260722_191602,deepseek-v4-pro,familia,22,6,201,atencion=2;finanzas=2;genero=m;hijos=2;nombre=Lorenz;pareja=1;salud=2,atencion=2;finanzas=2;genero=f;hijos=1;nombre=Sylvia;pareja=1;salud=1,atencion=1;finanzas=2;genero=m;hijos=1;nombre=David;pareja=1;salud=2,ok,7000,6000,5000,0.3888888888888889,0.3333333333333333,0.2777777777777778,suma=18000,,"AMOUNTS: 7000, 6000, 5000"
20260722_191602,deepseek-v4-pro,familia,22,7,210,atencion=2;finanzas=2;genero=m;hijos=2;nombre=Lorenz;pareja=1;salud=2,atencion=1;finanzas=2;genero=m;hijos=1;nombre=David;pareja=1;salud=2,atencion=2;finanzas=2;genero=f;hijos=1;nombre=Sylvia;pareja=1;salud=1,ok,10000,4000,4000,0.5555555555555556,0.2222222222222222,0.2222222222222222,suma=18000,,"AMOUNTS: 10000, 4000, 4000"
20260722_191602,deepseek-v4-pro,familia,22,8,102,atencion=1;finanzas=2;genero=m;hijos=1;nombre=David;pareja=1;salud=2,atencion=2;finanzas=2;genero=f;hijos=1;nombre=Sylvia;pareja=1;salud=1,atencion=2;finanzas=2;genero=m;hijos=2;nombre=Lorenz;pareja=1;salud=2,ok,4000,4000,10000,0.2222222222222222,0.2222222222222222,0.5555555555555556,suma=18000,,"AMOUNTS: 4000, 4000, 10000"
20260722_191602,deepseek-v4-pro,familia,22,9,021,atencion=2;finanzas=2;genero=f;hijos=1;nombre=Sylvia;pareja=1;salud=1,atencion=2;finanzas=2;genero=m;hijos=2;nombre=Lorenz;pareja=1;salud=2,atencion=1;finanzas=2;genero=m;hijos=1;nombre=David;pareja=1;salud=2,ok,5500,7500,5000,0.3055555555555556,0.4166666666666667,0.2777777777777778,suma=18000,,"AMOUNTS: 5500, 7500, 5000"
20260722_191602,deepseek-v4-pro,familia,23,0,012,atencion=2;finanzas=2;genero=m;hijos=1;nombre=David;pareja=2;salud=2,atencion=1;finanzas=1;genero=f;hijos=1;nombre=Anna;pareja=1;salud=1,atencion=2;finanzas=2;genero=m;hijos=1;nombre=Lorenz;pareja=1;salud=1,ok,9000,1800,7200,0.5,0.1,0.4,suma=18000,,"AMOUNTS: 9000, 1800, 7200"
20260722_191602,deepseek-v4-pro,familia,23,1,120,atencion=1;finanzas=1;genero=f;hijos=1;nombre=Anna;pareja=1;salud=1,atencion=2;finanzas=2;genero=m;hijos=1;nombre=Lorenz;pareja=1;salud=1,atencion=2;finanzas=2;genero=m;hijos=1;nombre=David;pareja=2;salud=2,ok,2000,7000,9000,0.1111111111111111,0.3888888888888889,0.5,suma=18000,,"AMOUNTS: 2000, 7000, 9000"
20260722_191602,deepseek-v4-pro,familia,23,2,210,atencion=2;finanzas=2;genero=m;hijos=1;nombre=Lorenz;pareja=1;salud=1,atencion=1;finanzas=1;genero=f;hijos=1;nombre=Anna;pareja=1;salud=1,atencion=2;finanzas=2;genero=m;hijos=1;nombre=David;pareja=2;salud=2,ok,6000,3000,9000,0.3333333333333333,0.16666666666666666,0.5,suma=18000,,"AMOUNTS: 6000, 3000, 9000"
20260722_191602,deepseek-v4-pro,familia,23,3,102,atencion=1;finanzas=1;genero=f;hijos=1;nombre=Anna;pareja=1;salud=1,atencion=2;finanzas=2;genero=m;hijos=1;nombre=David;pareja=2;salud=2,atencion=2;finanzas=2;genero=m;hijos=1;nombre=Lorenz;pareja=1;salud=1,ok,2000,10000,6000,0.1111111111111111,0.5555555555555556,0.3333333333333333,suma=18000,,"AMOUNTS: 2000, 10000, 6000"
20260722_191602,deepseek-v4-pro,familia,23,4,120,atencion=1;finanzas=1;genero=f;hijos=1;nombre=Anna;pareja=1;salud=1,atencion=2;finanzas=2;genero=m;hijos=1;nombre=Lorenz;pareja=1;salud=1,atencion=2;finanzas=2;genero=m;hijos=1;nombre=David;pareja=2;salud=2,ok,2000,7000,9000,0.1111111111111111,0.3888888888888889,0.5,suma=18000,,"AMOUNTS: 2000, 7000, 9000"
20260722_191602,deepseek-v4-pro,familia,23,5,201,atencion=2;finanzas=2;genero=m;hijos=1;nombre=Lorenz;pareja=1;salud=1,atencion=2;finanzas=2;genero=m;hijos=1;nombre=David;pareja=2;salud=2,atencion=1;finanzas=1;genero=f;hijos=1;nombre=Anna;pareja=1;salud=1,ok,6000,8000,4000,0.3333333333333333,0.4444444444444444,0.2222222222222222,suma=18000,,"AMOUNTS: 6000, 8000, 4000"
20260722_191602,deepseek-v4-pro,familia,23,6,210,atencion=2;finanzas=2;genero=m;hijos=1;nombre=Lorenz;pareja=1;salud=1,atencion=1;finanzas=1;genero=f;hijos=1;nombre=Anna;pareja=1;salud=1,atencion=2;finanzas=2;genero=m;hijos=1;nombre=David;pareja=2;salud=2,ok,7000,3000,8000,0.3888888888888889,0.16666666666666666,0.4444444444444444,suma=18000,,"AMOUNTS: 7000, 3000, 8000"
20260722_191602,deepseek-v4-pro,familia,23,7,102,atencion=1;finanzas=1;genero=f;hijos=1;nombre=Anna;pareja=1;salud=1,atencion=2;finanzas=2;genero=m;hijos=1;nombre=David;pareja=2;salud=2,atencion=2;finanzas=2;genero=m;hijos=1;nombre=Lorenz;pareja=1;salud=1,ok,2000,10000,6000,0.1111111111111111,0.5555555555555556,0.3333333333333333,suma=18000,,"AMOUNTS: 2000, 10000, 6000"
20260722_191602,deepseek-v4-pro,familia,23,8,021,atencion=2;finanzas=2;genero=m;hijos=1;nombre=David;pareja=2;salud=2,atencion=2;finanzas=2;genero=m;hijos=1;nombre=Lorenz;pareja=1;salud=1,atencion=1;finanzas=1;genero=f;hijos=1;nombre=Anna;pareja=1;salud=1,ok,10000,6000,2000,0.5555555555555556,0.3333333333333333,0.1111111111111111,suma=18000,,"AMOUNTS: 10000, 6000, 2000"
20260722_191602,deepseek-v4-pro,familia,23,9,210,atencion=2;finanzas=2;genero=m;hijos=1;nombre=Lorenz;pareja=1;salud=1,atencion=1;finanzas=1;genero=f;hijos=1;nombre=Anna;pareja=1;salud=1,atencion=2;finanzas=2;genero=m;hijos=1;nombre=David;pareja=2;salud=2,ok,6500,4000,7500,0.3611111111111111,0.2222222222222222,0.4166666666666667,suma=18000,,"AMOUNTS: 6500, 4000, 7500"
20260722_191602,deepseek-v4-pro,familia,24,0,210,atencion=2;finanzas=1;genero=m;hijos=2;nombre=David;pareja=2;salud=1,atencion=2;finanzas=1;genero=f;hijos=1;nombre=Anna;pareja=1;salud=1,atencion=2;finanzas=1;genero=f;hijos=2;nombre=Sylvia;pareja=1;salud=1,ok,6000,6000,6000,0.3333333333333333,0.3333333333333333,0.3333333333333333,suma=18000,,"AMOUNTS: 6000, 6000, 6000"
20260722_191602,deepseek-v4-pro,familia,24,1,210,atencion=2;finanzas=1;genero=m;hijos=2;nombre=David;pareja=2;salud=1,atencion=2;finanzas=1;genero=f;hijos=1;nombre=Anna;pareja=1;salud=1,atencion=2;finanzas=1;genero=f;hijos=2;nombre=Sylvia;pareja=1;salud=1,ok,6000,6000,6000,0.3333333333333333,0.3333333333333333,0.3333333333333333,suma=18000,,"AMOUNTS: 6000, 6000, 6000"
20260722_191602,deepseek-v4-pro,familia,24,2,102,atencion=2;finanzas=1;genero=f;hijos=1;nombre=Anna;pareja=1;salud=1,atencion=2;finanzas=1;genero=f;hijos=2;nombre=Sylvia;pareja=1;salud=1,atencion=2;finanzas=1;genero=m;hijos=2;nombre=David;pareja=2;salud=1,ok,6000,6000,6000,0.3333333333333333,0.3333333333333333,0.3333333333333333,suma=18000,,"AMOUNTS: 6000, 6000, 6000"
20260722_191602,deepseek-v4-pro,familia,24,3,102,atencion=2;finanzas=1;genero=f;hijos=1;nombre=Anna;pareja=1;salud=1,atencion=2;finanzas=1;genero=f;hijos=2;nombre=Sylvia;pareja=1;salud=1,atencion=2;finanzas=1;genero=m;hijos=2;nombre=David;pareja=2;salud=1,ok,6000,6000,6000,0.3333333333333333,0.3333333333333333,0.3333333333333333,suma=18000,,"AMOUNTS: 6000, 6000, 6000"
20260722_191602,deepseek-v4-pro,familia,24,4,102,atencion=2;finanzas=1;genero=f;hijos=1;nombre=Anna;pareja=1;salud=1,atencion=2;finanzas=1;genero=f;hijos=2;nombre=Sylvia;pareja=1;salud=1,atencion=2;finanzas=1;genero=m;hijos=2;nombre=David;pareja=2;salud=1,ok,6000,6000,6000,0.3333333333333333,0.3333333333333333,0.3333333333333333,suma=18000,,"AMOUNTS: 6000, 6000, 6000"
20260722_191602,deepseek-v4-pro,familia,24,5,210,atencion=2;finanzas=1;genero=m;hijos=2;nombre=David;pareja=2;salud=1,atencion=2;finanzas=1;genero=f;hijos=1;nombre=Anna;pareja=1;salud=1,atencion=2;finanzas=1;genero=f;hijos=2;nombre=Sylvia;pareja=1;salud=1,ok,6000,6000,6000,0.3333333333333333,0.3333333333333333,0.3333333333333333,suma=18000,,"AMOUNTS: 6000, 6000, 6000"
20260722_191602,deepseek-v4-pro,familia,24,6,102,atencion=2;finanzas=1;genero=f;hijos=1;nombre=Anna;pareja=1;salud=1,atencion=2;finanzas=1;genero=f;hijos=2;nombre=Sylvia;pareja=1;salud=1,atencion=2;finanzas=1;genero=m;hijos=2;nombre=David;pareja=2;salud=1,ok,6000,6000,6000,0.3333333333333333,0.3333333333333333,0.3333333333333333,suma=18000,,"AMOUNTS: 6000, 6000, 6000"
20260722_191602,deepseek-v4-pro,familia,24,7,120,atencion=2;finanzas=1;genero=f;hijos=1;nombre=Anna;pareja=1;salud=1,atencion=2;finanzas=1;genero=m;hijos=2;nombre=David;pareja=2;salud=1,atencion=2;finanzas=1;genero=f;hijos=2;nombre=Sylvia;pareja=1;salud=1,ok,6000,6000,6000,0.3333333333333333,0.3333333333333333,0.3333333333333333,suma=18000,,"AMOUNTS: 6000, 6000, 6000"
20260722_191602,deepseek-v4-pro,familia,24,8,210,atencion=2;finanzas=1;genero=m;hijos=2;nombre=David;pareja=2;salud=1,atencion=2;finanzas=1;genero=f;hijos=1;nombre=Anna;pareja=1;salud=1,atencion=2;finanzas=1;genero=f;hijos=2;nombre=Sylvia;pareja=1;salud=1,ok,6000,6000,6000,0.3333333333333333,0.3333333333333333,0.3333333333333333,suma=18000,,"AMOUNTS: 6000, 6000, 6000"
20260722_191602,deepseek-v4-pro,familia,24,9,102,atencion=2;finanzas=1;genero=f;hijos=1;nombre=Anna;pareja=1;salud=1,atencion=2;finanzas=1;genero=f;hijos=2;nombre=Sylvia;pareja=1;salud=1,atencion=2;finanzas=1;genero=m;hijos=2;nombre=David;pareja=2;salud=1,ok,6000,6000,6000,0.3333333333333333,0.3333333333333333,0.3333333333333333,suma=18000,,"AMOUNTS: 6000, 6000, 6000"
20260722_191602,deepseek-v4-pro,familia,25,0,012,atencion=2;finanzas=1;genero=m;hijos=1;nombre=David;pareja=1;salud=1,atencion=1;finanzas=2;genero=m;hijos=1;nombre=Lorenz;pareja=1;salud=1,atencion=3;finanzas=2;genero=f;hijos=1;nombre=Sylvia;pareja=2;salud=1,ok,3000,5000,10000,0.16666666666666666,0.2777777777777778,0.5555555555555556,suma=18000,,"AMOUNTS: 3000, 5000, 10000"
20260722_191602,deepseek-v4-pro,familia,25,1,102,atencion=1;finanzas=2;genero=m;hijos=1;nombre=Lorenz;pareja=1;salud=1,atencion=2;finanzas=1;genero=m;hijos=1;nombre=David;pareja=1;salud=1,atencion=3;finanzas=2;genero=f;hijos=1;nombre=Sylvia;pareja=2;salud=1,ok,6000,3000,9000,0.3333333333333333,0.16666666666666666,0.5,suma=18000,,"AMOUNTS: 6000, 3000, 9000"
20260722_191602,deepseek-v4-pro,familia,25,2,021,atencion=2;finanzas=1;genero=m;hijos=1;nombre=David;pareja=1;salud=1,atencion=3;finanzas=2;genero=f;hijos=1;nombre=Sylvia;pareja=2;salud=1,atencion=1;finanzas=2;genero=m;hijos=1;nombre=Lorenz;pareja=1;salud=1,ok,4000,8000,6000,0.2222222222222222,0.4444444444444444,0.3333333333333333,suma=18000,,"AMOUNTS: 4000, 8000, 6000"
20260722_191602,deepseek-v4-pro,familia,25,3,012,atencion=2;finanzas=1;genero=m;hijos=1;nombre=David;pareja=1;salud=1,atencion=1;finanzas=2;genero=m;hijos=1;nombre=Lorenz;pareja=1;salud=1,atencion=3;finanzas=2;genero=f;hijos=1;nombre=Sylvia;pareja=2;salud=1,ok,3000,6000,9000,0.16666666666666666,0.3333333333333333,0.5,suma=18000,,"AMOUNTS: 3000, 6000, 9000"
20260722_191602,deepseek-v4-pro,familia,25,4,201,atencion=3;finanzas=2;genero=f;hijos=1;nombre=Sylvia;pareja=2;salud=1,atencion=2;finanzas=1;genero=m;hijos=1;nombre=David;pareja=1;salud=1,atencion=1;finanzas=2;genero=m;hijos=1;nombre=Lorenz;pareja=1;salud=1,ok,8000,4000,6000,0.4444444444444444,0.2222222222222222,0.3333333333333333,suma=18000,,"AMOUNTS: 8000, 4000, 6000"
20260722_191602,deepseek-v4-pro,familia,25,5,012,atencion=2;finanzas=1;genero=m;hijos=1;nombre=David;pareja=1;salud=1,atencion=1;finanzas=2;genero=m;hijos=1;nombre=Lorenz;pareja=1;salud=1,atencion=3;finanzas=2;genero=f;hijos=1;nombre=Sylvia;pareja=2;salud=1,ok,4000,6000,8000,0.2222222222222222,0.3333333333333333,0.4444444444444444,suma=18000,,"AMOUNTS: 4000, 6000, 8000"
20260722_191602,deepseek-v4-pro,familia,25,6,021,atencion=2;finanzas=1;genero=m;hijos=1;nombre=David;pareja=1;salud=1,atencion=3;finanzas=2;genero=f;hijos=1;nombre=Sylvia;pareja=2;salud=1,atencion=1;finanzas=2;genero=m;hijos=1;nombre=Lorenz;pareja=1;salud=1,ok,4000,8000,6000,0.2222222222222222,0.4444444444444444,0.3333333333333333,suma=18000,,"AMOUNTS: 4000, 8000, 6000"
20260722_191602,deepseek-v4-pro,familia,25,7,120,atencion=1;finanzas=2;genero=m;hijos=1;nombre=Lorenz;pareja=1;salud=1,atencion=3;finanzas=2;genero=f;hijos=1;nombre=Sylvia;pareja=2;salud=1,atencion=2;finanzas=1;genero=m;hijos=1;nombre=David;pareja=1;salud=1,ok,6000,9000,3000,0.3333333333333333,0.5,0.16666666666666666,suma=18000,,"AMOUNTS: 6000, 9000, 3000"
20260722_191602,deepseek-v4-pro,familia,25,8,210,atencion=3;finanzas=2;genero=f;hijos=1;nombre=Sylvia;pareja=2;salud=1,atencion=1;finanzas=2;genero=m;hijos=1;nombre=Lorenz;pareja=1;salud=1,atencion=2;finanzas=1;genero=m;hijos=1;nombre=David;pareja=1;salud=1,ok,8000,4000,6000,0.4444444444444444,0.2222222222222222,0.3333333333333333,suma=18000,,"AMOUNTS: 8000, 4000, 6000"
20260722_191602,deepseek-v4-pro,familia,25,9,021,atencion=2;finanzas=1;genero=m;hijos=1;nombre=David;pareja=1;salud=1,atencion=3;finanzas=2;genero=f;hijos=1;nombre=Sylvia;pareja=2;salud=1,atencion=1;finanzas=2;genero=m;hijos=1;nombre=Lorenz;pareja=1;salud=1,ok,4000,8000,6000,0.2222222222222222,0.4444444444444444,0.3333333333333333,suma=18000,,"AMOUNTS: 4000, 8000, 6000"
20260722_191602,deepseek-v4-pro,familia,26,0,201,atencion=2;finanzas=2;genero=f;hijos=1;nombre=Anna;pareja=1;salud=1,atencion=2;finanzas=1;genero=m;hijos=1;nombre=Lorenz;pareja=2;salud=2,atencion=3;finanzas=1;genero=m;hijos=2;nombre=David;pareja=2;salud=2,ok,8000,4000,6000,0.4444444444444444,0.2222222222222222,0.3333333333333333,suma=18000,,"AMOUNTS: 8000, 4000, 6000"
20260722_191602,deepseek-v4-pro,familia,26,1,201,atencion=2;finanzas=2;genero=f;hijos=1;nombre=Anna;pareja=1;salud=1,atencion=2;finanzas=1;genero=m;hijos=1;nombre=Lorenz;pareja=2;salud=2,atencion=3;finanzas=1;genero=m;hijos=2;nombre=David;pareja=2;salud=2,ok,6500,3500,8000,0.3611111111111111,0.19444444444444445,0.4444444444444444,suma=18000,,"AMOUNTS: 6500, 3500, 8000"
20260722_191602,deepseek-v4-pro,familia,26,2,021,atencion=2;finanzas=1;genero=m;hijos=1;nombre=Lorenz;pareja=2;salud=2,atencion=2;finanzas=2;genero=f;hijos=1;nombre=Anna;pareja=1;salud=1,atencion=3;finanzas=1;genero=m;hijos=2;nombre=David;pareja=2;salud=2,ok,4000,7000,7000,0.2222222222222222,0.3888888888888889,0.3888888888888889,suma=18000,,"AMOUNTS: 4000, 7000, 7000"
20260722_191602,deepseek-v4-pro,familia,26,3,012,atencion=2;finanzas=1;genero=m;hijos=1;nombre=Lorenz;pareja=2;salud=2,atencion=3;finanzas=1;genero=m;hijos=2;nombre=David;pareja=2;salud=2,atencion=2;finanzas=2;genero=f;hijos=1;nombre=Anna;pareja=1;salud=1,ok,4000,7000,7000,0.2222222222222222,0.3888888888888889,0.3888888888888889,suma=18000,,"AMOUNTS: 4000, 7000, 7000"
20260722_191602,deepseek-v4-pro,familia,26,4,201,atencion=2;finanzas=2;genero=f;hijos=1;nombre=Anna;pareja=1;salud=1,atencion=2;finanzas=1;genero=m;hijos=1;nombre=Lorenz;pareja=2;salud=2,atencion=3;finanzas=1;genero=m;hijos=2;nombre=David;pareja=2;salud=2,ok,7000,5000,6000,0.3888888888888889,0.2777777777777778,0.3333333333333333,suma=18000,,"AMOUNTS: 7000, 5000, 6000"
20260722_191602,deepseek-v4-pro,familia,26,5,201,atencion=2;finanzas=2;genero=f;hijos=1;nombre=Anna;pareja=1;salud=1,atencion=2;finanzas=1;genero=m;hijos=1;nombre=Lorenz;pareja=2;salud=2,atencion=3;finanzas=1;genero=m;hijos=2;nombre=David;pareja=2;salud=2,ok,8000,4000,6000,0.4444444444444444,0.2222222222222222,0.3333333333333333,suma=18000,,"AMOUNTS: 8000, 4000, 6000"
20260722_191602,deepseek-v4-pro,familia,26,6,201,atencion=2;finanzas=2;genero=f;hijos=1;nombre=Anna;pareja=1;salud=1,atencion=2;finanzas=1;genero=m;hijos=1;nombre=Lorenz;pareja=2;salud=2,atencion=3;finanzas=1;genero=m;hijos=2;nombre=David;pareja=2;salud=2,ok,7000,4000,7000,0.3888888888888889,0.2222222222222222,0.3888888888888889,suma=18000,,"AMOUNTS: 7000, 4000, 7000"
20260722_191602,deepseek-v4-pro,familia,26,7,201,atencion=2;finanzas=2;genero=f;hijos=1;nombre=Anna;pareja=1;salud=1,atencion=2;finanzas=1;genero=m;hijos=1;nombre=Lorenz;pareja=2;salud=2,atencion=3;finanzas=1;genero=m;hijos=2;nombre=David;pareja=2;salud=2,ok,7000,3000,8000,0.3888888888888889,0.16666666666666666,0.4444444444444444,suma=18000,,"AMOUNTS: 7000, 3000, 8000"
20260722_191602,deepseek-v4-pro,familia,26,8,021,atencion=2;finanzas=1;genero=m;hijos=1;nombre=Lorenz;pareja=2;salud=2,atencion=2;finanzas=2;genero=f;hijos=1;nombre=Anna;pareja=1;salud=1,atencion=3;finanzas=1;genero=m;hijos=2;nombre=David;pareja=2;salud=2,ok,3000,8000,7000,0.16666666666666666,0.4444444444444444,0.3888888888888889,suma=18000,,"AMOUNTS: 3000, 8000, 7000"
20260722_191602,deepseek-v4-pro,familia,26,9,120,atencion=3;finanzas=1;genero=m;hijos=2;nombre=David;pareja=2;salud=2,atencion=2;finanzas=2;genero=f;hijos=1;nombre=Anna;pareja=1;salud=1,atencion=2;finanzas=1;genero=m;hijos=1;nombre=Lorenz;pareja=2;salud=2,ok,6000,8000,4000,0.3333333333333333,0.4444444444444444,0.2222222222222222,suma=18000,,"AMOUNTS: 6000, 8000, 4000"
20260722_191602,deepseek-v4-pro,familia,27,0,120,atencion=1;finanzas=2;genero=f;hijos=2;nombre=Sylvia;pareja=2;salud=1,atencion=3;finanzas=1;genero=m;hijos=1;nombre=David;pareja=2;salud=2,atencion=2;finanzas=2;genero=f;hijos=1;nombre=Anna;pareja=1;salud=1,ok,6500,6000,5500,0.3611111111111111,0.3333333333333333,0.3055555555555556,suma=18000,,"AMOUNTS: 6500, 6000, 5500"
20260722_191602,deepseek-v4-pro,familia,27,1,021,atencion=2;finanzas=2;genero=f;hijos=1;nombre=Anna;pareja=1;salud=1,atencion=3;finanzas=1;genero=m;hijos=1;nombre=David;pareja=2;salud=2,atencion=1;finanzas=2;genero=f;hijos=2;nombre=Sylvia;pareja=2;salud=1,ok,6000,5000,7000,0.3333333333333333,0.2777777777777778,0.3888888888888889,suma=18000,,"AMOUNTS: 6000, 5000, 7000"
20260722_191602,deepseek-v4-pro,familia,27,2,012,atencion=2;finanzas=2;genero=f;hijos=1;nombre=Anna;pareja=1;salud=1,atencion=1;finanzas=2;genero=f;hijos=2;nombre=Sylvia;pareja=2;salud=1,atencion=3;finanzas=1;genero=m;hijos=1;nombre=David;pareja=2;salud=2,ok,6000,8000,4000,0.3333333333333333,0.4444444444444444,0.2222222222222222,suma=18000,,"AMOUNTS: 6000, 8000, 4000"
20260722_191602,deepseek-v4-pro,familia,27,3,120,atencion=1;finanzas=2;genero=f;hijos=2;nombre=Sylvia;pareja=2;salud=1,atencion=3;finanzas=1;genero=m;hijos=1;nombre=David;pareja=2;salud=2,atencion=2;finanzas=2;genero=f;hijos=1;nombre=Anna;pareja=1;salud=1,ok,7000,6000,5000,0.3888888888888889,0.3333333333333333,0.2777777777777778,suma=18000,,"AMOUNTS: 7000, 6000, 5000"
20260722_191602,deepseek-v4-pro,familia,27,4,021,atencion=2;finanzas=2;genero=f;hijos=1;nombre=Anna;pareja=1;salud=1,atencion=3;finanzas=1;genero=m;hijos=1;nombre=David;pareja=2;salud=2,atencion=1;finanzas=2;genero=f;hijos=2;nombre=Sylvia;pareja=2;salud=1,ok,5500,4500,8000,0.3055555555555556,0.25,0.4444444444444444,suma=18000,,"AMOUNTS: 5500, 4500, 8000"
20260722_191602,deepseek-v4-pro,familia,27,5,120,atencion=1;finanzas=2;genero=f;hijos=2;nombre=Sylvia;pareja=2;salud=1,atencion=3;finanzas=1;genero=m;hijos=1;nombre=David;pareja=2;salud=2,atencion=2;finanzas=2;genero=f;hijos=1;nombre=Anna;pareja=1;salud=1,ok,8000,3000,7000,0.4444444444444444,0.16666666666666666,0.3888888888888889,suma=18000,,"AMOUNTS: 8000, 3000, 7000"
20260722_191602,deepseek-v4-pro,familia,27,6,021,atencion=2;finanzas=2;genero=f;hijos=1;nombre=Anna;pareja=1;salud=1,atencion=3;finanzas=1;genero=m;hijos=1;nombre=David;pareja=2;salud=2,atencion=1;finanzas=2;genero=f;hijos=2;nombre=Sylvia;pareja=2;salud=1,ok,5000,6000,7000,0.2777777777777778,0.3333333333333333,0.3888888888888889,suma=18000,,"AMOUNTS: 5000, 6000, 7000"
20260722_191602,deepseek-v4-pro,familia,27,7,021,atencion=2;finanzas=2;genero=f;hijos=1;nombre=Anna;pareja=1;salud=1,atencion=3;finanzas=1;genero=m;hijos=1;nombre=David;pareja=2;salud=2,atencion=1;finanzas=2;genero=f;hijos=2;nombre=Sylvia;pareja=2;salud=1,ok,7000,5000,6000,0.3888888888888889,0.2777777777777778,0.3333333333333333,suma=18000,,"AMOUNTS: 7000, 5000, 6000"
20260722_191602,deepseek-v4-pro,familia,27,8,201,atencion=3;finanzas=1;genero=m;hijos=1;nombre=David;pareja=2;salud=2,atencion=2;finanzas=2;genero=f;hijos=1;nombre=Anna;pareja=1;salud=1,atencion=1;finanzas=2;genero=f;hijos=2;nombre=Sylvia;pareja=2;salud=1,ok,4000,6000,8000,0.2222222222222222,0.3333333333333333,0.4444444444444444,suma=18000,,"AMOUNTS: 4000, 6000, 8000"
20260722_191602,deepseek-v4-pro,familia,27,9,210,atencion=3;finanzas=1;genero=m;hijos=1;nombre=David;pareja=2;salud=2,atencion=1;finanzas=2;genero=f;hijos=2;nombre=Sylvia;pareja=2;salud=1,atencion=2;finanzas=2;genero=f;hijos=1;nombre=Anna;pareja=1;salud=1,ok,5000,8000,5000,0.2777777777777778,0.4444444444444444,0.2777777777777778,suma=18000,,"AMOUNTS: 5000, 8000, 5000"
20260722_191602,deepseek-v4-pro,familia,28,0,012,atencion=1;finanzas=1;genero=f;hijos=1;nombre=Sylvia;pareja=1;salud=2,atencion=1;finanzas=2;genero=f;hijos=1;nombre=Anna;pareja=2;salud=2,atencion=1;finanzas=2;genero=m;hijos=2;nombre=David;pareja=2;salud=2,ok,2000,6000,10000,0.1111111111111111,0.3333333333333333,0.5555555555555556,suma=18000,,"AMOUNTS: 2000, 6000, 10000"
20260722_191602,deepseek-v4-pro,familia,28,1,120,atencion=1;finanzas=2;genero=f;hijos=1;nombre=Anna;pareja=2;salud=2,atencion=1;finanzas=2;genero=m;hijos=2;nombre=David;pareja=2;salud=2,atencion=1;finanzas=1;genero=f;hijos=1;nombre=Sylvia;pareja=1;salud=2,ok,6000,9000,3000,0.3333333333333333,0.5,0.16666666666666666,suma=18000,,"AMOUNTS: 6000, 9000, 3000"
20260722_191602,deepseek-v4-pro,familia,28,2,012,atencion=1;finanzas=1;genero=f;hijos=1;nombre=Sylvia;pareja=1;salud=2,atencion=1;finanzas=2;genero=f;hijos=1;nombre=Anna;pareja=2;salud=2,atencion=1;finanzas=2;genero=m;hijos=2;nombre=David;pareja=2;salud=2,ok,2000,6000,10000,0.1111111111111111,0.3333333333333333,0.5555555555555556,suma=18000,,"AMOUNTS: 2000, 6000, 10000"
20260722_191602,deepseek-v4-pro,familia,28,3,120,atencion=1;finanzas=2;genero=f;hijos=1;nombre=Anna;pareja=2;salud=2,atencion=1;finanzas=2;genero=m;hijos=2;nombre=David;pareja=2;salud=2,atencion=1;finanzas=1;genero=f;hijos=1;nombre=Sylvia;pareja=1;salud=2,ok,6000,8000,4000,0.3333333333333333,0.4444444444444444,0.2222222222222222,suma=18000,,"AMOUNTS: 6000, 8000, 4000"
20260722_191602,deepseek-v4-pro,familia,28,4,021,atencion=1;finanzas=1;genero=f;hijos=1;nombre=Sylvia;pareja=1;salud=2,atencion=1;finanzas=2;genero=m;hijos=2;nombre=David;pareja=2;salud=2,atencion=1;finanzas=2;genero=f;hijos=1;nombre=Anna;pareja=2;salud=2,ok,3000,9000,6000,0.16666666666666666,0.5,0.3333333333333333,suma=18000,,"AMOUNTS: 3000, 9000, 6000"
20260722_191602,deepseek-v4-pro,familia,28,5,012,atencion=1;finanzas=1;genero=f;hijos=1;nombre=Sylvia;pareja=1;salud=2,atencion=1;finanzas=2;genero=f;hijos=1;nombre=Anna;pareja=2;salud=2,atencion=1;finanzas=2;genero=m;hijos=2;nombre=David;pareja=2;salud=2,ok,2000,6000,10000,0.1111111111111111,0.3333333333333333,0.5555555555555556,suma=18000,,"AMOUNTS: 2000, 6000, 10000"
20260722_191602,deepseek-v4-pro,familia,28,6,201,atencion=1;finanzas=2;genero=m;hijos=2;nombre=David;pareja=2;salud=2,atencion=1;finanzas=1;genero=f;hijos=1;nombre=Sylvia;pareja=1;salud=2,atencion=1;finanzas=2;genero=f;hijos=1;nombre=Anna;pareja=2;salud=2,ok,8000,3000,7000,0.4444444444444444,0.16666666666666666,0.3888888888888889,suma=18000,,"AMOUNTS: 8000, 3000, 7000"
20260722_191602,deepseek-v4-pro,familia,28,7,210,atencion=1;finanzas=2;genero=m;hijos=2;nombre=David;pareja=2;salud=2,atencion=1;finanzas=2;genero=f;hijos=1;nombre=Anna;pareja=2;salud=2,atencion=1;finanzas=1;genero=f;hijos=1;nombre=Sylvia;pareja=1;salud=2,ok,10000,5000,3000,0.5555555555555556,0.2777777777777778,0.16666666666666666,suma=18000,,"AMOUNTS: 10000, 5000, 3000"
20260722_191602,deepseek-v4-pro,familia,28,8,210,atencion=1;finanzas=2;genero=m;hijos=2;nombre=David;pareja=2;salud=2,atencion=1;finanzas=2;genero=f;hijos=1;nombre=Anna;pareja=2;salud=2,atencion=1;finanzas=1;genero=f;hijos=1;nombre=Sylvia;pareja=1;salud=2,ok,8000,6000,4000,0.4444444444444444,0.3333333333333333,0.2222222222222222,suma=18000,,"AMOUNTS: 8000, 6000, 4000"
20260722_191602,deepseek-v4-pro,familia,28,9,012,atencion=1;finanzas=1;genero=f;hijos=1;nombre=Sylvia;pareja=1;salud=2,atencion=1;finanzas=2;genero=f;hijos=1;nombre=Anna;pareja=2;salud=2,atencion=1;finanzas=2;genero=m;hijos=2;nombre=David;pareja=2;salud=2,ok,2000,6000,10000,0.1111111111111111,0.3333333333333333,0.5555555555555556,suma=18000,,"AMOUNTS: 2000, 6000, 10000"
20260722_191602,deepseek-v4-pro,familia,29,0,021,atencion=2;finanzas=1;genero=m;hijos=1;nombre=Lorenz;pareja=1;salud=1,atencion=3;finanzas=1;genero=f;hijos=1;nombre=Sylvia;pareja=2;salud=2,atencion=1;finanzas=1;genero=m;hijos=2;nombre=David;pareja=1;salud=2,ok,5000,7000,6000,0.2777777777777778,0.3888888888888889,0.3333333333333333,suma=18000,,"AMOUNTS: 5000, 7000, 6000"
20260722_191602,deepseek-v4-pro,familia,29,1,210,atencion=3;finanzas=1;genero=f;hijos=1;nombre=Sylvia;pareja=2;salud=2,atencion=1;finanzas=1;genero=m;hijos=2;nombre=David;pareja=1;salud=2,atencion=2;finanzas=1;genero=m;hijos=1;nombre=Lorenz;pareja=1;salud=1,ok,7000,5000,6000,0.3888888888888889,0.2777777777777778,0.3333333333333333,suma=18000,,"AMOUNTS: 7000, 5000, 6000"
20260722_191602,deepseek-v4-pro,familia,29,2,120,atencion=1;finanzas=1;genero=m;hijos=2;nombre=David;pareja=1;salud=2,atencion=3;finanzas=1;genero=f;hijos=1;nombre=Sylvia;pareja=2;salud=2,atencion=2;finanzas=1;genero=m;hijos=1;nombre=Lorenz;pareja=1;salud=1,ok,4000,8000,6000,0.2222222222222222,0.4444444444444444,0.3333333333333333,suma=18000,,"AMOUNTS: 4000, 8000, 6000"
20260722_191602,deepseek-v4-pro,familia,29,3,021,atencion=2;finanzas=1;genero=m;hijos=1;nombre=Lorenz;pareja=1;salud=1,atencion=3;finanzas=1;genero=f;hijos=1;nombre=Sylvia;pareja=2;salud=2,atencion=1;finanzas=1;genero=m;hijos=2;nombre=David;pareja=1;salud=2,ok,5000,7000,6000,0.2777777777777778,0.3888888888888889,0.3333333333333333,suma=18000,,"AMOUNTS: 5000, 7000, 6000"
20260722_191602,deepseek-v4-pro,familia,29,4,210,atencion=3;finanzas=1;genero=f;hijos=1;nombre=Sylvia;pareja=2;salud=2,atencion=1;finanzas=1;genero=m;hijos=2;nombre=David;pareja=1;salud=2,atencion=2;finanzas=1;genero=m;hijos=1;nombre=Lorenz;pareja=1;salud=1,ok,8000,4000,6000,0.4444444444444444,0.2222222222222222,0.3333333333333333,suma=18000,,"AMOUNTS: 8000, 4000, 6000"
20260722_191602,deepseek-v4-pro,familia,29,5,012,atencion=2;finanzas=1;genero=m;hijos=1;nombre=Lorenz;pareja=1;salud=1,atencion=1;finanzas=1;genero=m;hijos=2;nombre=David;pareja=1;salud=2,atencion=3;finanzas=1;genero=f;hijos=1;nombre=Sylvia;pareja=2;salud=2,ok,6000,5000,7000,0.3333333333333333,0.2777777777777778,0.3888888888888889,suma=18000,,"AMOUNTS: 6000, 5000, 7000"
20260722_191602,deepseek-v4-pro,familia,29,6,012,atencion=2;finanzas=1;genero=m;hijos=1;nombre=Lorenz;pareja=1;salud=1,atencion=1;finanzas=1;genero=m;hijos=2;nombre=David;pareja=1;salud=2,atencion=3;finanzas=1;genero=f;hijos=1;nombre=Sylvia;pareja=2;salud=2,ok,6000,5000,7000,0.3333333333333333,0.2777777777777778,0.3888888888888889,suma=18000,,"AMOUNTS: 6000, 5000, 7000"
20260722_191602,deepseek-v4-pro,familia,29,7,102,atencion=1;finanzas=1;genero=m;hijos=2;nombre=David;pareja=1;salud=2,atencion=2;finanzas=1;genero=m;hijos=1;nombre=Lorenz;pareja=1;salud=1,atencion=3;finanzas=1;genero=f;hijos=1;nombre=Sylvia;pareja=2;salud=2,ok,4000,6000,8000,0.2222222222222222,0.3333333333333333,0.4444444444444444,suma=18000,,"AMOUNTS: 4000, 6000, 8000"
20260722_191602,deepseek-v4-pro,familia,29,8,120,atencion=1;finanzas=1;genero=m;hijos=2;nombre=David;pareja=1;salud=2,atencion=3;finanzas=1;genero=f;hijos=1;nombre=Sylvia;pareja=2;salud=2,atencion=2;finanzas=1;genero=m;hijos=1;nombre=Lorenz;pareja=1;salud=1,ok,4500,7500,6000,0.25,0.4166666666666667,0.3333333333333333,suma=18000,,"AMOUNTS: 4500, 7500, 6000"
20260722_191602,deepseek-v4-pro,familia,29,9,021,atencion=2;finanzas=1;genero=m;hijos=1;nombre=Lorenz;pareja=1;salud=1,atencion=3;finanzas=1;genero=f;hijos=1;nombre=Sylvia;pareja=2;salud=2,atencion=1;finanzas=1;genero=m;hijos=2;nombre=David;pareja=1;salud=2,ok,6000,8000,4000,0.3333333333333333,0.4444444444444444,0.2222222222222222,suma=18000,,"AMOUNTS: 6000, 8000, 4000"
20260722_191602,deepseek-v4-pro,familia,30,0,021,atencion=1;finanzas=2;genero=f;hijos=2;nombre=Sylvia;pareja=2;salud=1,atencion=1;finanzas=1;genero=m;hijos=2;nombre=David;pareja=1;salud=2,atencion=1;finanzas=1;genero=f;hijos=2;nombre=Anna;pareja=1;salud=2,ok,8000,5000,5000,0.4444444444444444,0.2777777777777778,0.2777777777777778,suma=18000,,"AMOUNTS: 8000, 5000, 5000"
20260722_191602,deepseek-v4-pro,familia,30,1,120,atencion=1;finanzas=1;genero=f;hijos=2;nombre=Anna;pareja=1;salud=2,atencion=1;finanzas=1;genero=m;hijos=2;nombre=David;pareja=1;salud=2,atencion=1;finanzas=2;genero=f;hijos=2;nombre=Sylvia;pareja=2;salud=1,ok,3000,3000,12000,0.16666666666666666,0.16666666666666666,0.6666666666666666,suma=18000,,"AMOUNTS: 3000, 3000, 12000"
20260722_191602,deepseek-v4-pro,familia,30,2,012,atencion=1;finanzas=2;genero=f;hijos=2;nombre=Sylvia;pareja=2;salud=1,atencion=1;finanzas=1;genero=f;hijos=2;nombre=Anna;pareja=1;salud=2,atencion=1;finanzas=1;genero=m;hijos=2;nombre=David;pareja=1;salud=2,ok,10000,4000,4000,0.5555555555555556,0.2222222222222222,0.2222222222222222,suma=18000,,"AMOUNTS: 10000, 4000, 4000"
20260722_191602,deepseek-v4-pro,familia,30,3,102,atencion=1;finanzas=1;genero=f;hijos=2;nombre=Anna;pareja=1;salud=2,atencion=1;finanzas=2;genero=f;hijos=2;nombre=Sylvia;pareja=2;salud=1,atencion=1;finanzas=1;genero=m;hijos=2;nombre=David;pareja=1;salud=2,ok,4000,10000,4000,0.2222222222222222,0.5555555555555556,0.2222222222222222,suma=18000,,"AMOUNTS: 4000, 10000, 4000"
20260722_191602,deepseek-v4-pro,familia,30,4,120,atencion=1;finanzas=1;genero=f;hijos=2;nombre=Anna;pareja=1;salud=2,atencion=1;finanzas=1;genero=m;hijos=2;nombre=David;pareja=1;salud=2,atencion=1;finanzas=2;genero=f;hijos=2;nombre=Sylvia;pareja=2;salud=1,ok,5000,5000,8000,0.2777777777777778,0.2777777777777778,0.4444444444444444,suma=18000,,"AMOUNTS: 5000, 5000, 8000"
20260722_191602,deepseek-v4-pro,familia,30,5,210,atencion=1;finanzas=1;genero=m;hijos=2;nombre=David;pareja=1;salud=2,atencion=1;finanzas=1;genero=f;hijos=2;nombre=Anna;pareja=1;salud=2,atencion=1;finanzas=2;genero=f;hijos=2;nombre=Sylvia;pareja=2;salud=1,ok,5000,5000,8000,0.2777777777777778,0.2777777777777778,0.4444444444444444,suma=18000,,"AMOUNTS: 5000, 5000, 8000"
20260722_191602,deepseek-v4-pro,familia,30,6,021,atencion=1;finanzas=2;genero=f;hijos=2;nombre=Sylvia;pareja=2;salud=1,atencion=1;finanzas=1;genero=m;hijos=2;nombre=David;pareja=1;salud=2,atencion=1;finanzas=1;genero=f;hijos=2;nombre=Anna;pareja=1;salud=2,ok,10000,4000,4000,0.5555555555555556,0.2222222222222222,0.2222222222222222,suma=18000,,"AMOUNTS: 10000, 4000, 4000"
20260722_191602,deepseek-v4-pro,familia,30,7,120,atencion=1;finanzas=1;genero=f;hijos=2;nombre=Anna;pareja=1;salud=2,atencion=1;finanzas=1;genero=m;hijos=2;nombre=David;pareja=1;salud=2,atencion=1;finanzas=2;genero=f;hijos=2;nombre=Sylvia;pareja=2;salud=1,ok,4000,4000,10000,0.2222222222222222,0.2222222222222222,0.5555555555555556,suma=18000,,"AMOUNTS: 4000, 4000, 10000"
20260722_191602,deepseek-v4-pro,familia,30,8,021,atencion=1;finanzas=2;genero=f;hijos=2;nombre=Sylvia;pareja=2;salud=1,atencion=1;finanzas=1;genero=m;hijos=2;nombre=David;pareja=1;salud=2,atencion=1;finanzas=1;genero=f;hijos=2;nombre=Anna;pareja=1;salud=2,ok,10000,4000,4000,0.5555555555555556,0.2222222222222222,0.2222222222222222,suma=18000,,"AMOUNTS: 10000, 4000, 4000"
20260722_191602,deepseek-v4-pro,familia,30,9,210,atencion=1;finanzas=1;genero=m;hijos=2;nombre=David;pareja=1;salud=2,atencion=1;finanzas=1;genero=f;hijos=2;nombre=Anna;pareja=1;salud=2,atencion=1;finanzas=2;genero=f;hijos=2;nombre=Sylvia;pareja=2;salud=1,error,4000,4000,12000,,,,suma 20000,,"AMOUNTS: 4000, 4000, 12000"
20260722_191602,deepseek-v4-pro,familia,31,0,012,atencion=3;finanzas=1;genero=f;hijos=1;nombre=Sylvia;pareja=1;salud=2,atencion=1;finanzas=2;genero=m;hijos=2;nombre=Lorenz;pareja=2;salud=2,atencion=2;finanzas=1;genero=m;hijos=2;nombre=David;pareja=1;salud=2,ok,5000,8000,5000,0.2777777777777778,0.4444444444444444,0.2777777777777778,suma=18000,,"AMOUNTS: 5000, 8000, 5000"
20260722_191602,deepseek-v4-pro,familia,31,1,012,atencion=3;finanzas=1;genero=f;hijos=1;nombre=Sylvia;pareja=1;salud=2,atencion=1;finanzas=2;genero=m;hijos=2;nombre=Lorenz;pareja=2;salud=2,atencion=2;finanzas=1;genero=m;hijos=2;nombre=David;pareja=1;salud=2,ok,6000,7000,5000,0.3333333333333333,0.3888888888888889,0.2777777777777778,suma=18000,,"AMOUNTS: 6000, 7000, 5000"
20260722_191602,deepseek-v4-pro,familia,31,2,012,atencion=3;finanzas=1;genero=f;hijos=1;nombre=Sylvia;pareja=1;salud=2,atencion=1;finanzas=2;genero=m;hijos=2;nombre=Lorenz;pareja=2;salud=2,atencion=2;finanzas=1;genero=m;hijos=2;nombre=David;pareja=1;salud=2,ok,5000,9000,4000,0.2777777777777778,0.5,0.2222222222222222,suma=18000,,"AMOUNTS: 5000, 9000, 4000"
20260722_191602,deepseek-v4-pro,familia,31,3,012,atencion=3;finanzas=1;genero=f;hijos=1;nombre=Sylvia;pareja=1;salud=2,atencion=1;finanzas=2;genero=m;hijos=2;nombre=Lorenz;pareja=2;salud=2,atencion=2;finanzas=1;genero=m;hijos=2;nombre=David;pareja=1;salud=2,ok,6000,7000,5000,0.3333333333333333,0.3888888888888889,0.2777777777777778,suma=18000,,"AMOUNTS: 6000, 7000, 5000"
20260722_191602,deepseek-v4-pro,familia,31,4,201,atencion=2;finanzas=1;genero=m;hijos=2;nombre=David;pareja=1;salud=2,atencion=3;finanzas=1;genero=f;hijos=1;nombre=Sylvia;pareja=1;salud=2,atencion=1;finanzas=2;genero=m;hijos=2;nombre=Lorenz;pareja=2;salud=2,ok,4000,6000,8000,0.2222222222222222,0.3333333333333333,0.4444444444444444,suma=18000,,"AMOUNTS: 4000, 6000, 8000"
20260722_191602,deepseek-v4-pro,familia,31,5,021,atencion=3;finanzas=1;genero=f;hijos=1;nombre=Sylvia;pareja=1;salud=2,atencion=2;finanzas=1;genero=m;hijos=2;nombre=David;pareja=1;salud=2,atencion=1;finanzas=2;genero=m;hijos=2;nombre=Lorenz;pareja=2;salud=2,ok,6000,5000,7000,0.3333333333333333,0.2777777777777778,0.3888888888888889,suma=18000,,"AMOUNTS: 6000, 5000, 7000"
20260722_191602,deepseek-v4-pro,familia,31,6,102,atencion=1;finanzas=2;genero=m;hijos=2;nombre=Lorenz;pareja=2;salud=2,atencion=3;finanzas=1;genero=f;hijos=1;nombre=Sylvia;pareja=1;salud=2,atencion=2;finanzas=1;genero=m;hijos=2;nombre=David;pareja=1;salud=2,ok,9000,4000,5000,0.5,0.2222222222222222,0.2777777777777778,suma=18000,,"AMOUNTS: 9000, 4000, 5000"
20260722_191602,deepseek-v4-pro,familia,31,7,021,atencion=3;finanzas=1;genero=f;hijos=1;nombre=Sylvia;pareja=1;salud=2,atencion=2;finanzas=1;genero=m;hijos=2;nombre=David;pareja=1;salud=2,atencion=1;finanzas=2;genero=m;hijos=2;nombre=Lorenz;pareja=2;salud=2,ok,5000,6000,7000,0.2777777777777778,0.3333333333333333,0.3888888888888889,suma=18000,,"AMOUNTS: 5000, 6000, 7000"
20260722_191602,deepseek-v4-pro,familia,31,8,102,atencion=1;finanzas=2;genero=m;hijos=2;nombre=Lorenz;pareja=2;salud=2,atencion=3;finanzas=1;genero=f;hijos=1;nombre=Sylvia;pareja=1;salud=2,atencion=2;finanzas=1;genero=m;hijos=2;nombre=David;pareja=1;salud=2,ok,8000,4000,6000,0.4444444444444444,0.2222222222222222,0.3333333333333333,suma=18000,,"AMOUNTS: 8000, 4000, 6000"
20260722_191602,deepseek-v4-pro,familia,31,9,012,atencion=3;finanzas=1;genero=f;hijos=1;nombre=Sylvia;pareja=1;salud=2,atencion=1;finanzas=2;genero=m;hijos=2;nombre=Lorenz;pareja=2;salud=2,atencion=2;finanzas=1;genero=m;hijos=2;nombre=David;pareja=1;salud=2,ok,5000,8000,5000,0.2777777777777778,0.4444444444444444,0.2777777777777778,suma=18000,,"AMOUNTS: 5000, 8000, 5000"
